Host: dsiasaf01
Job ID: 16612287, Array Task ID: 1
Seed for this run: 55
CUDA_VISIBLE_DEVICES: 0
Start: Tue Jun  2 04:44:54 PM IDT 2026
Tue Jun  2 16:44:54 2026       
+-----------------------------------------------------------------------------------------+
| NVIDIA-SMI 610.43.02              KMD Version: 610.43.02     CUDA UMD Version: 13.3     |
+-----------------------------------------+------------------------+----------------------+
| GPU  Name                 Persistence-M | Bus-Id          Disp.A | Volatile Uncorr. ECC |
| Fan  Temp   Perf          Pwr:Usage/Cap |           Memory-Usage | GPU-Util  Compute M. |
|                                         |                        |               MIG M. |
|=========================================+========================+======================|
|   0  NVIDIA A100-SXM4-80GB          Off |   00000000:41:00.0 Off |                    0 |
| N/A   31C    P0             61W /  500W |       0MiB /  81920MiB |      0%      Default |
|                                         |                        |             Disabled |
+-----------------------------------------+------------------------+----------------------+

+-----------------------------------------------------------------------------------------+
| Processes:                                                                              |
|  GPU   GI   CI              PID   Type   Process name                        GPU Memory |
|        ID   ID                                                               Usage      |
|=========================================================================================|
|  No running processes found                                                             |
+-----------------------------------------------------------------------------------------+
[HalfCheetah-v4] seed= 55 t=    1,000  ep=   1  ep_reward=  -439.38  ep_steps=1000
[HalfCheetah-v4] seed= 55 t=    2,000  ep=   2  ep_reward=  -401.54  ep_steps=1000
[HalfCheetah-v4] seed= 55 t=    3,000  ep=   3  ep_reward=  -369.22  ep_steps=1000
[HalfCheetah-v4] seed= 55 t=    4,000  ep=   4  ep_reward=  -383.18  ep_steps=1000
[HalfCheetah-v4] seed= 55 t=    5,000  ep=   5  ep_reward=  -252.92  ep_steps=1000
[HalfCheetah-v4] seed= 55 t=    6,000  ep=   6  ep_reward=  -259.83  ep_steps=1000
[HalfCheetah-v4] seed= 55 t=    7,000  ep=   7  ep_reward=  -345.14  ep_steps=1000
[HalfCheetah-v4] seed= 55 t=    8,000  ep=   8  ep_reward=  -334.37  ep_steps=1000
[HalfCheetah-v4] seed= 55 t=    9,000  ep=   9  ep_reward=  -278.23  ep_steps=1000
[HalfCheetah-v4] seed= 55 t=   10,000  ep=  10  ep_reward=  -165.31  ep_steps=1000
  *** Eval  t=   10,000  avg_reward=    -1.37  (10 eps)  elapsed=0.1min ***
[HalfCheetah-v4] seed= 55 t=   11,000  ep=  11  ep_reward=  -378.58  ep_steps=1000
[HalfCheetah-v4] seed= 55 t=   12,000  ep=  12  ep_reward=  -416.36  ep_steps=1000
[HalfCheetah-v4] seed= 55 t=   13,000  ep=  13  ep_reward=  -631.49  ep_steps=1000
[HalfCheetah-v4] seed= 55 t=   14,000  ep=  14  ep_reward=  -522.17  ep_steps=1000
[HalfCheetah-v4] seed= 55 t=   15,000  ep=  15  ep_reward=  -412.42  ep_steps=1000
[HalfCheetah-v4] seed= 55 t=   16,000  ep=  16  ep_reward=  -468.15  ep_steps=1000
[HalfCheetah-v4] seed= 55 t=   17,000  ep=  17  ep_reward=  -627.26  ep_steps=1000
[HalfCheetah-v4] seed= 55 t=   18,000  ep=  18  ep_reward=  -338.14  ep_steps=1000
[HalfCheetah-v4] seed= 55 t=   19,000  ep=  19  ep_reward=  -351.77  ep_steps=1000
[HalfCheetah-v4] seed= 55 t=   20,000  ep=  20  ep_reward=  -328.90  ep_steps=1000
  *** Eval  t=   20,000  avg_reward=  -331.38  (10 eps)  elapsed=0.8min ***
[HalfCheetah-v4] seed= 55 t=   21,000  ep=  21  ep_reward=  -468.39  ep_steps=1000
[HalfCheetah-v4] seed= 55 t=   22,000  ep=  22  ep_reward=  -472.35  ep_steps=1000
[HalfCheetah-v4] seed= 55 t=   23,000  ep=  23  ep_reward=  -190.35  ep_steps=1000
[HalfCheetah-v4] seed= 55 t=   24,000  ep=  24  ep_reward=   -75.38  ep_steps=1000
[HalfCheetah-v4] seed= 55 t=   25,000  ep=  25  ep_reward=   186.05  ep_steps=1000
[HalfCheetah-v4] seed= 55 t=   26,000  ep=  26  ep_reward=   611.50  ep_steps=1000
[HalfCheetah-v4] seed= 55 t=   27,000  ep=  27  ep_reward=   703.72  ep_steps=1000
[HalfCheetah-v4] seed= 55 t=   28,000  ep=  28  ep_reward=   889.55  ep_steps=1000
[HalfCheetah-v4] seed= 55 t=   29,000  ep=  29  ep_reward=  1106.27  ep_steps=1000
[HalfCheetah-v4] seed= 55 t=   30,000  ep=  30  ep_reward=  1277.67  ep_steps=1000
  *** Eval  t=   30,000  avg_reward=   594.40  (10 eps)  elapsed=1.5min ***
[HalfCheetah-v4] seed= 55 t=   31,000  ep=  31  ep_reward=   277.75  ep_steps=1000
[HalfCheetah-v4] seed= 55 t=   32,000  ep=  32  ep_reward=   856.49  ep_steps=1000
[HalfCheetah-v4] seed= 55 t=   33,000  ep=  33  ep_reward=   704.28  ep_steps=1000
[HalfCheetah-v4] seed= 55 t=   34,000  ep=  34  ep_reward=  1383.34  ep_steps=1000
[HalfCheetah-v4] seed= 55 t=   35,000  ep=  35  ep_reward=  1739.85  ep_steps=1000
[HalfCheetah-v4] seed= 55 t=   36,000  ep=  36  ep_reward=  1302.09  ep_steps=1000
[HalfCheetah-v4] seed= 55 t=   37,000  ep=  37  ep_reward=  1288.08  ep_steps=1000
[HalfCheetah-v4] seed= 55 t=   38,000  ep=  38  ep_reward=  1765.40  ep_steps=1000
[HalfCheetah-v4] seed= 55 t=   39,000  ep=  39  ep_reward=  1936.75  ep_steps=1000
[HalfCheetah-v4] seed= 55 t=   40,000  ep=  40  ep_reward=  1950.92  ep_steps=1000
  *** Eval  t=   40,000  avg_reward=  1954.06  (10 eps)  elapsed=2.2min ***
[HalfCheetah-v4] seed= 55 t=   41,000  ep=  41  ep_reward=  2087.69  ep_steps=1000
[HalfCheetah-v4] seed= 55 t=   42,000  ep=  42  ep_reward=  2210.35  ep_steps=1000
[HalfCheetah-v4] seed= 55 t=   43,000  ep=  43  ep_reward=  2149.31  ep_steps=1000
[HalfCheetah-v4] seed= 55 t=   44,000  ep=  44  ep_reward=  2343.88  ep_steps=1000
[HalfCheetah-v4] seed= 55 t=   45,000  ep=  45  ep_reward=  2314.94  ep_steps=1000
[HalfCheetah-v4] seed= 55 t=   46,000  ep=  46  ep_reward=  2385.81  ep_steps=1000
[HalfCheetah-v4] seed= 55 t=   47,000  ep=  47  ep_reward=  2408.83  ep_steps=1000
[HalfCheetah-v4] seed= 55 t=   48,000  ep=  48  ep_reward=  2415.98  ep_steps=1000
[HalfCheetah-v4] seed= 55 t=   49,000  ep=  49  ep_reward=  2777.62  ep_steps=1000
[HalfCheetah-v4] seed= 55 t=   50,000  ep=  50  ep_reward=  2925.49  ep_steps=1000
  *** Eval  t=   50,000  avg_reward=  2685.68  (10 eps)  elapsed=2.9min ***
[HalfCheetah-v4] seed= 55 t=   51,000  ep=  51  ep_reward=  2595.23  ep_steps=1000
[HalfCheetah-v4] seed= 55 t=   52,000  ep=  52  ep_reward=  2942.71  ep_steps=1000
[HalfCheetah-v4] seed= 55 t=   53,000  ep=  53  ep_reward=   956.41  ep_steps=1000
[HalfCheetah-v4] seed= 55 t=   54,000  ep=  54  ep_reward=  3172.03  ep_steps=1000
[HalfCheetah-v4] seed= 55 t=   55,000  ep=  55  ep_reward=  1355.82  ep_steps=1000
[HalfCheetah-v4] seed= 55 t=   56,000  ep=  56  ep_reward=   968.40  ep_steps=1000
[HalfCheetah-v4] seed= 55 t=   57,000  ep=  57  ep_reward=  3167.51  ep_steps=1000
[HalfCheetah-v4] seed= 55 t=   58,000  ep=  58  ep_reward=  2988.11  ep_steps=1000
[HalfCheetah-v4] seed= 55 t=   59,000  ep=  59  ep_reward=  3152.47  ep_steps=1000
[HalfCheetah-v4] seed= 55 t=   60,000  ep=  60  ep_reward=  3618.43  ep_steps=1000
  *** Eval  t=   60,000  avg_reward=  3266.17  (10 eps)  elapsed=3.6min ***
[HalfCheetah-v4] seed= 55 t=   61,000  ep=  61  ep_reward=  3363.63  ep_steps=1000
[HalfCheetah-v4] seed= 55 t=   62,000  ep=  62  ep_reward=  1714.42  ep_steps=1000
[HalfCheetah-v4] seed= 55 t=   63,000  ep=  63  ep_reward=  3747.03  ep_steps=1000
[HalfCheetah-v4] seed= 55 t=   64,000  ep=  64  ep_reward=  3633.91  ep_steps=1000
[HalfCheetah-v4] seed= 55 t=   65,000  ep=  65  ep_reward=  3918.85  ep_steps=1000
[HalfCheetah-v4] seed= 55 t=   66,000  ep=  66  ep_reward=  3612.84  ep_steps=1000
[HalfCheetah-v4] seed= 55 t=   67,000  ep=  67  ep_reward=  3950.44  ep_steps=1000
[HalfCheetah-v4] seed= 55 t=   68,000  ep=  68  ep_reward=  4017.66  ep_steps=1000
[HalfCheetah-v4] seed= 55 t=   69,000  ep=  69  ep_reward=  3727.30  ep_steps=1000
[HalfCheetah-v4] seed= 55 t=   70,000  ep=  70  ep_reward=  4101.13  ep_steps=1000
  *** Eval  t=   70,000  avg_reward=  4382.96  (10 eps)  elapsed=4.3min ***
[HalfCheetah-v4] seed= 55 t=   71,000  ep=  71  ep_reward=  3408.19  ep_steps=1000
[HalfCheetah-v4] seed= 55 t=   72,000  ep=  72  ep_reward=  3932.27  ep_steps=1000
[HalfCheetah-v4] seed= 55 t=   73,000  ep=  73  ep_reward=   738.91  ep_steps=1000
[HalfCheetah-v4] seed= 55 t=   74,000  ep=  74  ep_reward=  3205.11  ep_steps=1000
[HalfCheetah-v4] seed= 55 t=   75,000  ep=  75  ep_reward=  4211.84  ep_steps=1000
[HalfCheetah-v4] seed= 55 t=   76,000  ep=  76  ep_reward=  4279.06  ep_steps=1000
[HalfCheetah-v4] seed= 55 t=   77,000  ep=  77  ep_reward=  4078.45  ep_steps=1000
[HalfCheetah-v4] seed= 55 t=   78,000  ep=  78  ep_reward=  3829.59  ep_steps=1000
[HalfCheetah-v4] seed= 55 t=   79,000  ep=  79  ep_reward=  4184.19  ep_steps=1000
[HalfCheetah-v4] seed= 55 t=   80,000  ep=  80  ep_reward=  3229.85  ep_steps=1000
  *** Eval  t=   80,000  avg_reward=  4756.88  (10 eps)  elapsed=5.0min ***
[HalfCheetah-v4] seed= 55 t=   81,000  ep=  81  ep_reward=  4322.76  ep_steps=1000
[HalfCheetah-v4] seed= 55 t=   82,000  ep=  82  ep_reward=  1784.76  ep_steps=1000
[HalfCheetah-v4] seed= 55 t=   83,000  ep=  83  ep_reward=  4080.28  ep_steps=1000
[HalfCheetah-v4] seed= 55 t=   84,000  ep=  84  ep_reward=  4673.89  ep_steps=1000
[HalfCheetah-v4] seed= 55 t=   85,000  ep=  85  ep_reward=  4460.46  ep_steps=1000
[HalfCheetah-v4] seed= 55 t=   86,000  ep=  86  ep_reward=  4627.84  ep_steps=1000
[HalfCheetah-v4] seed= 55 t=   87,000  ep=  87  ep_reward=  4774.32  ep_steps=1000
[HalfCheetah-v4] seed= 55 t=   88,000  ep=  88  ep_reward=  4775.78  ep_steps=1000
[HalfCheetah-v4] seed= 55 t=   89,000  ep=  89  ep_reward=  4757.08  ep_steps=1000
[HalfCheetah-v4] seed= 55 t=   90,000  ep=  90  ep_reward=  4804.07  ep_steps=1000
  *** Eval  t=   90,000  avg_reward=  5141.60  (10 eps)  elapsed=5.7min ***
[HalfCheetah-v4] seed= 55 t=   91,000  ep=  91  ep_reward=  4762.78  ep_steps=1000
[HalfCheetah-v4] seed= 55 t=   92,000  ep=  92  ep_reward=  4955.66  ep_steps=1000
[HalfCheetah-v4] seed= 55 t=   93,000  ep=  93  ep_reward=  5070.91  ep_steps=1000
[HalfCheetah-v4] seed= 55 t=   94,000  ep=  94  ep_reward=  4924.77  ep_steps=1000
[HalfCheetah-v4] seed= 55 t=   95,000  ep=  95  ep_reward=  5038.50  ep_steps=1000
[HalfCheetah-v4] seed= 55 t=   96,000  ep=  96  ep_reward=  4840.63  ep_steps=1000
[HalfCheetah-v4] seed= 55 t=   97,000  ep=  97  ep_reward=  4949.56  ep_steps=1000
[HalfCheetah-v4] seed= 55 t=   98,000  ep=  98  ep_reward=  5121.94  ep_steps=1000
[HalfCheetah-v4] seed= 55 t=   99,000  ep=  99  ep_reward=  5402.90  ep_steps=1000
[HalfCheetah-v4] seed= 55 t=  100,000  ep= 100  ep_reward=  5234.90  ep_steps=1000
  *** Eval  t=  100,000  avg_reward=  5242.44  (10 eps)  elapsed=6.4min ***
[HalfCheetah-v4] seed= 55 t=  101,000  ep= 101  ep_reward=  5349.98  ep_steps=1000
[HalfCheetah-v4] seed= 55 t=  102,000  ep= 102  ep_reward=  5416.45  ep_steps=1000
[HalfCheetah-v4] seed= 55 t=  103,000  ep= 103  ep_reward=  5138.08  ep_steps=1000
[HalfCheetah-v4] seed= 55 t=  104,000  ep= 104  ep_reward=  5404.66  ep_steps=1000
[HalfCheetah-v4] seed= 55 t=  105,000  ep= 105  ep_reward=  5448.12  ep_steps=1000
[HalfCheetah-v4] seed= 55 t=  106,000  ep= 106  ep_reward=  5310.92  ep_steps=1000
[HalfCheetah-v4] seed= 55 t=  107,000  ep= 107  ep_reward=  5385.81  ep_steps=1000
[HalfCheetah-v4] seed= 55 t=  108,000  ep= 108  ep_reward=  5371.23  ep_steps=1000
[HalfCheetah-v4] seed= 55 t=  109,000  ep= 109  ep_reward=  5434.10  ep_steps=1000
[HalfCheetah-v4] seed= 55 t=  110,000  ep= 110  ep_reward=  5114.56  ep_steps=1000
  *** Eval  t=  110,000  avg_reward=  5788.63  (10 eps)  elapsed=7.1min ***
[HalfCheetah-v4] seed= 55 t=  111,000  ep= 111  ep_reward=  5342.37  ep_steps=1000
[HalfCheetah-v4] seed= 55 t=  112,000  ep= 112  ep_reward=  5560.67  ep_steps=1000
[HalfCheetah-v4] seed= 55 t=  113,000  ep= 113  ep_reward=  5603.40  ep_steps=1000
[HalfCheetah-v4] seed= 55 t=  114,000  ep= 114  ep_reward=  5328.41  ep_steps=1000
[HalfCheetah-v4] seed= 55 t=  115,000  ep= 115  ep_reward=  5685.53  ep_steps=1000
[HalfCheetah-v4] seed= 55 t=  116,000  ep= 116  ep_reward=  5611.17  ep_steps=1000
[HalfCheetah-v4] seed= 55 t=  117,000  ep= 117  ep_reward=  5656.15  ep_steps=1000
[HalfCheetah-v4] seed= 55 t=  118,000  ep= 118  ep_reward=  5668.26  ep_steps=1000
[HalfCheetah-v4] seed= 55 t=  119,000  ep= 119  ep_reward=  5518.52  ep_steps=1000
[HalfCheetah-v4] seed= 55 t=  120,000  ep= 120  ep_reward=  5737.15  ep_steps=1000
  *** Eval  t=  120,000  avg_reward=  5905.25  (10 eps)  elapsed=7.9min ***
[HalfCheetah-v4] seed= 55 t=  121,000  ep= 121  ep_reward=  5473.61  ep_steps=1000
[HalfCheetah-v4] seed= 55 t=  122,000  ep= 122  ep_reward=  5799.98  ep_steps=1000
[HalfCheetah-v4] seed= 55 t=  123,000  ep= 123  ep_reward=  5723.16  ep_steps=1000
[HalfCheetah-v4] seed= 55 t=  124,000  ep= 124  ep_reward=  5753.92  ep_steps=1000
[HalfCheetah-v4] seed= 55 t=  125,000  ep= 125  ep_reward=  5822.91  ep_steps=1000
[HalfCheetah-v4] seed= 55 t=  126,000  ep= 126  ep_reward=  5669.70  ep_steps=1000
[HalfCheetah-v4] seed= 55 t=  127,000  ep= 127  ep_reward=  5787.08  ep_steps=1000
[HalfCheetah-v4] seed= 55 t=  128,000  ep= 128  ep_reward=  5817.45  ep_steps=1000
[HalfCheetah-v4] seed= 55 t=  129,000  ep= 129  ep_reward=  5870.20  ep_steps=1000
[HalfCheetah-v4] seed= 55 t=  130,000  ep= 130  ep_reward=  5847.80  ep_steps=1000
  *** Eval  t=  130,000  avg_reward=  5818.41  (10 eps)  elapsed=8.6min ***
[HalfCheetah-v4] seed= 55 t=  131,000  ep= 131  ep_reward=  5815.83  ep_steps=1000
[HalfCheetah-v4] seed= 55 t=  132,000  ep= 132  ep_reward=  5741.82  ep_steps=1000
[HalfCheetah-v4] seed= 55 t=  133,000  ep= 133  ep_reward=  5873.95  ep_steps=1000
[HalfCheetah-v4] seed= 55 t=  134,000  ep= 134  ep_reward=  5976.00  ep_steps=1000
[HalfCheetah-v4] seed= 55 t=  135,000  ep= 135  ep_reward=  5871.61  ep_steps=1000
[HalfCheetah-v4] seed= 55 t=  136,000  ep= 136  ep_reward=  5685.57  ep_steps=1000
[HalfCheetah-v4] seed= 55 t=  137,000  ep= 137  ep_reward=  5882.72  ep_steps=1000
[HalfCheetah-v4] seed= 55 t=  138,000  ep= 138  ep_reward=  6000.53  ep_steps=1000
[HalfCheetah-v4] seed= 55 t=  139,000  ep= 139  ep_reward=  5768.60  ep_steps=1000
[HalfCheetah-v4] seed= 55 t=  140,000  ep= 140  ep_reward=  6154.48  ep_steps=1000
  *** Eval  t=  140,000  avg_reward=  6635.09  (10 eps)  elapsed=9.3min ***
[HalfCheetah-v4] seed= 55 t=  141,000  ep= 141  ep_reward=  6034.12  ep_steps=1000
[HalfCheetah-v4] seed= 55 t=  142,000  ep= 142  ep_reward=  6025.22  ep_steps=1000
[HalfCheetah-v4] seed= 55 t=  143,000  ep= 143  ep_reward=  6176.07  ep_steps=1000
[HalfCheetah-v4] seed= 55 t=  144,000  ep= 144  ep_reward=  6152.01  ep_steps=1000
[HalfCheetah-v4] seed= 55 t=  145,000  ep= 145  ep_reward=  6050.48  ep_steps=1000
[HalfCheetah-v4] seed= 55 t=  146,000  ep= 146  ep_reward=  5952.14  ep_steps=1000
[HalfCheetah-v4] seed= 55 t=  147,000  ep= 147  ep_reward=  6155.82  ep_steps=1000
[HalfCheetah-v4] seed= 55 t=  148,000  ep= 148  ep_reward=  6208.93  ep_steps=1000
[HalfCheetah-v4] seed= 55 t=  149,000  ep= 149  ep_reward=  6173.89  ep_steps=1000
[HalfCheetah-v4] seed= 55 t=  150,000  ep= 150  ep_reward=  6184.67  ep_steps=1000
  *** Eval  t=  150,000  avg_reward=  6695.35  (10 eps)  elapsed=10.0min ***
[HalfCheetah-v4] seed= 55 t=  151,000  ep= 151  ep_reward=  6212.77  ep_steps=1000
[HalfCheetah-v4] seed= 55 t=  152,000  ep= 152  ep_reward=  6162.47  ep_steps=1000
[HalfCheetah-v4] seed= 55 t=  153,000  ep= 153  ep_reward=  6449.71  ep_steps=1000
[HalfCheetah-v4] seed= 55 t=  154,000  ep= 154  ep_reward=  6191.25  ep_steps=1000
[HalfCheetah-v4] seed= 55 t=  155,000  ep= 155  ep_reward=  6515.68  ep_steps=1000
[HalfCheetah-v4] seed= 55 t=  156,000  ep= 156  ep_reward=  6182.51  ep_steps=1000
[HalfCheetah-v4] seed= 55 t=  157,000  ep= 157  ep_reward=  6296.00  ep_steps=1000
[HalfCheetah-v4] seed= 55 t=  158,000  ep= 158  ep_reward=  6381.09  ep_steps=1000
[HalfCheetah-v4] seed= 55 t=  159,000  ep= 159  ep_reward=  6244.56  ep_steps=1000
[HalfCheetah-v4] seed= 55 t=  160,000  ep= 160  ep_reward=  6399.60  ep_steps=1000
  *** Eval  t=  160,000  avg_reward=  6823.93  (10 eps)  elapsed=10.7min ***
[HalfCheetah-v4] seed= 55 t=  161,000  ep= 161  ep_reward=  6387.30  ep_steps=1000
[HalfCheetah-v4] seed= 55 t=  162,000  ep= 162  ep_reward=  6139.77  ep_steps=1000
[HalfCheetah-v4] seed= 55 t=  163,000  ep= 163  ep_reward=  6546.22  ep_steps=1000
[HalfCheetah-v4] seed= 55 t=  164,000  ep= 164  ep_reward=  6425.14  ep_steps=1000
[HalfCheetah-v4] seed= 55 t=  165,000  ep= 165  ep_reward=  6443.94  ep_steps=1000
[HalfCheetah-v4] seed= 55 t=  166,000  ep= 166  ep_reward=  6357.15  ep_steps=1000
[HalfCheetah-v4] seed= 55 t=  167,000  ep= 167  ep_reward=  6419.20  ep_steps=1000
[HalfCheetah-v4] seed= 55 t=  168,000  ep= 168  ep_reward=  6400.72  ep_steps=1000
[HalfCheetah-v4] seed= 55 t=  169,000  ep= 169  ep_reward=  6444.01  ep_steps=1000
[HalfCheetah-v4] seed= 55 t=  170,000  ep= 170  ep_reward=  6456.27  ep_steps=1000
  *** Eval  t=  170,000  avg_reward=  7018.54  (10 eps)  elapsed=11.4min ***
[HalfCheetah-v4] seed= 55 t=  171,000  ep= 171  ep_reward=  6453.42  ep_steps=1000
[HalfCheetah-v4] seed= 55 t=  172,000  ep= 172  ep_reward=  6530.75  ep_steps=1000
[HalfCheetah-v4] seed= 55 t=  173,000  ep= 173  ep_reward=  6436.34  ep_steps=1000
[HalfCheetah-v4] seed= 55 t=  174,000  ep= 174  ep_reward=  6277.86  ep_steps=1000
[HalfCheetah-v4] seed= 55 t=  175,000  ep= 175  ep_reward=  6372.42  ep_steps=1000
[HalfCheetah-v4] seed= 55 t=  176,000  ep= 176  ep_reward=  6479.92  ep_steps=1000
[HalfCheetah-v4] seed= 55 t=  177,000  ep= 177  ep_reward=  6518.58  ep_steps=1000
[HalfCheetah-v4] seed= 55 t=  178,000  ep= 178  ep_reward=  6371.90  ep_steps=1000
[HalfCheetah-v4] seed= 55 t=  179,000  ep= 179  ep_reward=  6341.97  ep_steps=1000
[HalfCheetah-v4] seed= 55 t=  180,000  ep= 180  ep_reward=  6703.76  ep_steps=1000
  *** Eval  t=  180,000  avg_reward=  7180.86  (10 eps)  elapsed=12.1min ***
[HalfCheetah-v4] seed= 55 t=  181,000  ep= 181  ep_reward=  6687.58  ep_steps=1000
[HalfCheetah-v4] seed= 55 t=  182,000  ep= 182  ep_reward=  6575.51  ep_steps=1000
[HalfCheetah-v4] seed= 55 t=  183,000  ep= 183  ep_reward=  6624.78  ep_steps=1000
[HalfCheetah-v4] seed= 55 t=  184,000  ep= 184  ep_reward=  6302.96  ep_steps=1000
[HalfCheetah-v4] seed= 55 t=  185,000  ep= 185  ep_reward=  6863.35  ep_steps=1000
[HalfCheetah-v4] seed= 55 t=  186,000  ep= 186  ep_reward=  6665.40  ep_steps=1000
[HalfCheetah-v4] seed= 55 t=  187,000  ep= 187  ep_reward=  6739.04  ep_steps=1000
[HalfCheetah-v4] seed= 55 t=  188,000  ep= 188  ep_reward=  6552.41  ep_steps=1000
[HalfCheetah-v4] seed= 55 t=  189,000  ep= 189  ep_reward=  6729.25  ep_steps=1000
[HalfCheetah-v4] seed= 55 t=  190,000  ep= 190  ep_reward=  6667.69  ep_steps=1000
  *** Eval  t=  190,000  avg_reward=  7502.34  (10 eps)  elapsed=12.8min ***
[HalfCheetah-v4] seed= 55 t=  191,000  ep= 191  ep_reward=  6815.01  ep_steps=1000
[HalfCheetah-v4] seed= 55 t=  192,000  ep= 192  ep_reward=  6750.64  ep_steps=1000
[HalfCheetah-v4] seed= 55 t=  193,000  ep= 193  ep_reward=  6607.22  ep_steps=1000
[HalfCheetah-v4] seed= 55 t=  194,000  ep= 194  ep_reward=  6723.39  ep_steps=1000
[HalfCheetah-v4] seed= 55 t=  195,000  ep= 195  ep_reward=  7016.59  ep_steps=1000
[HalfCheetah-v4] seed= 55 t=  196,000  ep= 196  ep_reward=  6760.86  ep_steps=1000
[HalfCheetah-v4] seed= 55 t=  197,000  ep= 197  ep_reward=  6826.80  ep_steps=1000
[HalfCheetah-v4] seed= 55 t=  198,000  ep= 198  ep_reward=  6569.57  ep_steps=1000
[HalfCheetah-v4] seed= 55 t=  199,000  ep= 199  ep_reward=  6724.17  ep_steps=1000
[HalfCheetah-v4] seed= 55 t=  200,000  ep= 200  ep_reward=  6856.20  ep_steps=1000
  *** Eval  t=  200,000  avg_reward=  7372.56  (10 eps)  elapsed=13.5min ***
[HalfCheetah-v4] seed= 55 t=  201,000  ep= 201  ep_reward=  6694.60  ep_steps=1000
[HalfCheetah-v4] seed= 55 t=  202,000  ep= 202  ep_reward=  6733.97  ep_steps=1000
[HalfCheetah-v4] seed= 55 t=  203,000  ep= 203  ep_reward=  6737.93  ep_steps=1000
[HalfCheetah-v4] seed= 55 t=  204,000  ep= 204  ep_reward=  6988.69  ep_steps=1000
[HalfCheetah-v4] seed= 55 t=  205,000  ep= 205  ep_reward=  6873.61  ep_steps=1000
[HalfCheetah-v4] seed= 55 t=  206,000  ep= 206  ep_reward=  6890.86  ep_steps=1000
[HalfCheetah-v4] seed= 55 t=  207,000  ep= 207  ep_reward=  6925.38  ep_steps=1000
[HalfCheetah-v4] seed= 55 t=  208,000  ep= 208  ep_reward=  6739.04  ep_steps=1000
[HalfCheetah-v4] seed= 55 t=  209,000  ep= 209  ep_reward=  6634.67  ep_steps=1000
[HalfCheetah-v4] seed= 55 t=  210,000  ep= 210  ep_reward=  6812.30  ep_steps=1000
  *** Eval  t=  210,000  avg_reward=  7635.43  (10 eps)  elapsed=14.2min ***
[HalfCheetah-v4] seed= 55 t=  211,000  ep= 211  ep_reward=  6763.98  ep_steps=1000
[HalfCheetah-v4] seed= 55 t=  212,000  ep= 212  ep_reward=  6851.06  ep_steps=1000
[HalfCheetah-v4] seed= 55 t=  213,000  ep= 213  ep_reward=  6932.29  ep_steps=1000
[HalfCheetah-v4] seed= 55 t=  214,000  ep= 214  ep_reward=  6962.61  ep_steps=1000
[HalfCheetah-v4] seed= 55 t=  215,000  ep= 215  ep_reward=  6941.83  ep_steps=1000
[HalfCheetah-v4] seed= 55 t=  216,000  ep= 216  ep_reward=  6926.15  ep_steps=1000
[HalfCheetah-v4] seed= 55 t=  217,000  ep= 217  ep_reward=  6977.98  ep_steps=1000
[HalfCheetah-v4] seed= 55 t=  218,000  ep= 218  ep_reward=  6957.26  ep_steps=1000
[HalfCheetah-v4] seed= 55 t=  219,000  ep= 219  ep_reward=  6916.16  ep_steps=1000
[HalfCheetah-v4] seed= 55 t=  220,000  ep= 220  ep_reward=  6697.27  ep_steps=1000
  *** Eval  t=  220,000  avg_reward=  7725.13  (10 eps)  elapsed=14.9min ***
[HalfCheetah-v4] seed= 55 t=  221,000  ep= 221  ep_reward=  7088.64  ep_steps=1000
[HalfCheetah-v4] seed= 55 t=  222,000  ep= 222  ep_reward=  6730.92  ep_steps=1000
[HalfCheetah-v4] seed= 55 t=  223,000  ep= 223  ep_reward=  6902.71  ep_steps=1000
[HalfCheetah-v4] seed= 55 t=  224,000  ep= 224  ep_reward=  7070.81  ep_steps=1000
[HalfCheetah-v4] seed= 55 t=  225,000  ep= 225  ep_reward=  6891.76  ep_steps=1000
[HalfCheetah-v4] seed= 55 t=  226,000  ep= 226  ep_reward=  6960.45  ep_steps=1000
[HalfCheetah-v4] seed= 55 t=  227,000  ep= 227  ep_reward=  6866.69  ep_steps=1000
[HalfCheetah-v4] seed= 55 t=  228,000  ep= 228  ep_reward=  6983.10  ep_steps=1000
[HalfCheetah-v4] seed= 55 t=  229,000  ep= 229  ep_reward=  6855.21  ep_steps=1000
[HalfCheetah-v4] seed= 55 t=  230,000  ep= 230  ep_reward=  7091.13  ep_steps=1000
  *** Eval  t=  230,000  avg_reward=  7767.62  (10 eps)  elapsed=15.6min ***
[HalfCheetah-v4] seed= 55 t=  231,000  ep= 231  ep_reward=  6662.75  ep_steps=1000
[HalfCheetah-v4] seed= 55 t=  232,000  ep= 232  ep_reward=  7083.01  ep_steps=1000
[HalfCheetah-v4] seed= 55 t=  233,000  ep= 233  ep_reward=  6926.71  ep_steps=1000
[HalfCheetah-v4] seed= 55 t=  234,000  ep= 234  ep_reward=  6875.73  ep_steps=1000
[HalfCheetah-v4] seed= 55 t=  235,000  ep= 235  ep_reward=  7028.54  ep_steps=1000
[HalfCheetah-v4] seed= 55 t=  236,000  ep= 236  ep_reward=  7021.60  ep_steps=1000
[HalfCheetah-v4] seed= 55 t=  237,000  ep= 237  ep_reward=  7112.50  ep_steps=1000
[HalfCheetah-v4] seed= 55 t=  238,000  ep= 238  ep_reward=  7023.63  ep_steps=1000
[HalfCheetah-v4] seed= 55 t=  239,000  ep= 239  ep_reward=  6966.71  ep_steps=1000
[HalfCheetah-v4] seed= 55 t=  240,000  ep= 240  ep_reward=  7193.74  ep_steps=1000
  *** Eval  t=  240,000  avg_reward=  7489.95  (10 eps)  elapsed=16.3min ***
[HalfCheetah-v4] seed= 55 t=  241,000  ep= 241  ep_reward=  7027.59  ep_steps=1000
[HalfCheetah-v4] seed= 55 t=  242,000  ep= 242  ep_reward=  6889.66  ep_steps=1000
[HalfCheetah-v4] seed= 55 t=  243,000  ep= 243  ep_reward=  6790.03  ep_steps=1000
[HalfCheetah-v4] seed= 55 t=  244,000  ep= 244  ep_reward=  7161.58  ep_steps=1000
[HalfCheetah-v4] seed= 55 t=  245,000  ep= 245  ep_reward=  6967.72  ep_steps=1000
[HalfCheetah-v4] seed= 55 t=  246,000  ep= 246  ep_reward=  7094.97  ep_steps=1000
[HalfCheetah-v4] seed= 55 t=  247,000  ep= 247  ep_reward=  7025.82  ep_steps=1000
[HalfCheetah-v4] seed= 55 t=  248,000  ep= 248  ep_reward=  7066.93  ep_steps=1000
[HalfCheetah-v4] seed= 55 t=  249,000  ep= 249  ep_reward=  7162.45  ep_steps=1000
[HalfCheetah-v4] seed= 55 t=  250,000  ep= 250  ep_reward=  6987.11  ep_steps=1000
  *** Eval  t=  250,000  avg_reward=  7906.07  (10 eps)  elapsed=17.0min ***
[HalfCheetah-v4] seed= 55 t=  251,000  ep= 251  ep_reward=  7162.03  ep_steps=1000
[HalfCheetah-v4] seed= 55 t=  252,000  ep= 252  ep_reward=  7087.37  ep_steps=1000
[HalfCheetah-v4] seed= 55 t=  253,000  ep= 253  ep_reward=  7016.29  ep_steps=1000
[HalfCheetah-v4] seed= 55 t=  254,000  ep= 254  ep_reward=  6984.43  ep_steps=1000
[HalfCheetah-v4] seed= 55 t=  255,000  ep= 255  ep_reward=  7095.42  ep_steps=1000
[HalfCheetah-v4] seed= 55 t=  256,000  ep= 256  ep_reward=  7110.19  ep_steps=1000
[HalfCheetah-v4] seed= 55 t=  257,000  ep= 257  ep_reward=  7101.43  ep_steps=1000
[HalfCheetah-v4] seed= 55 t=  258,000  ep= 258  ep_reward=  7160.07  ep_steps=1000
[HalfCheetah-v4] seed= 55 t=  259,000  ep= 259  ep_reward=  7056.18  ep_steps=1000
[HalfCheetah-v4] seed= 55 t=  260,000  ep= 260  ep_reward=  6826.75  ep_steps=1000
  *** Eval  t=  260,000  avg_reward=  7665.29  (10 eps)  elapsed=17.7min ***
[HalfCheetah-v4] seed= 55 t=  261,000  ep= 261  ep_reward=  7148.91  ep_steps=1000
[HalfCheetah-v4] seed= 55 t=  262,000  ep= 262  ep_reward=  7063.31  ep_steps=1000
[HalfCheetah-v4] seed= 55 t=  263,000  ep= 263  ep_reward=  7088.33  ep_steps=1000
[HalfCheetah-v4] seed= 55 t=  264,000  ep= 264  ep_reward=  6988.48  ep_steps=1000
[HalfCheetah-v4] seed= 55 t=  265,000  ep= 265  ep_reward=  7268.02  ep_steps=1000
[HalfCheetah-v4] seed= 55 t=  266,000  ep= 266  ep_reward=  7130.90  ep_steps=1000
[HalfCheetah-v4] seed= 55 t=  267,000  ep= 267  ep_reward=  7052.51  ep_steps=1000
[HalfCheetah-v4] seed= 55 t=  268,000  ep= 268  ep_reward=  7104.91  ep_steps=1000
[HalfCheetah-v4] seed= 55 t=  269,000  ep= 269  ep_reward=  7178.99  ep_steps=1000
[HalfCheetah-v4] seed= 55 t=  270,000  ep= 270  ep_reward=  7185.70  ep_steps=1000
  *** Eval  t=  270,000  avg_reward=  8173.67  (10 eps)  elapsed=18.5min ***
[HalfCheetah-v4] seed= 55 t=  271,000  ep= 271  ep_reward=  7021.19  ep_steps=1000
[HalfCheetah-v4] seed= 55 t=  272,000  ep= 272  ep_reward=  7083.70  ep_steps=1000
[HalfCheetah-v4] seed= 55 t=  273,000  ep= 273  ep_reward=  7095.53  ep_steps=1000
[HalfCheetah-v4] seed= 55 t=  274,000  ep= 274  ep_reward=  7015.79  ep_steps=1000
[HalfCheetah-v4] seed= 55 t=  275,000  ep= 275  ep_reward=  7164.34  ep_steps=1000
[HalfCheetah-v4] seed= 55 t=  276,000  ep= 276  ep_reward=  7177.11  ep_steps=1000
[HalfCheetah-v4] seed= 55 t=  277,000  ep= 277  ep_reward=  7195.98  ep_steps=1000
[HalfCheetah-v4] seed= 55 t=  278,000  ep= 278  ep_reward=  7208.49  ep_steps=1000
[HalfCheetah-v4] seed= 55 t=  279,000  ep= 279  ep_reward=  7045.61  ep_steps=1000
[HalfCheetah-v4] seed= 55 t=  280,000  ep= 280  ep_reward=  6957.61  ep_steps=1000
  *** Eval  t=  280,000  avg_reward=  7909.57  (10 eps)  elapsed=19.2min ***
[HalfCheetah-v4] seed= 55 t=  281,000  ep= 281  ep_reward=  7079.79  ep_steps=1000
[HalfCheetah-v4] seed= 55 t=  282,000  ep= 282  ep_reward=  7382.13  ep_steps=1000
[HalfCheetah-v4] seed= 55 t=  283,000  ep= 283  ep_reward=  7232.73  ep_steps=1000
[HalfCheetah-v4] seed= 55 t=  284,000  ep= 284  ep_reward=  6996.74  ep_steps=1000
[HalfCheetah-v4] seed= 55 t=  285,000  ep= 285  ep_reward=  7170.90  ep_steps=1000
[HalfCheetah-v4] seed= 55 t=  286,000  ep= 286  ep_reward=  7067.28  ep_steps=1000
[HalfCheetah-v4] seed= 55 t=  287,000  ep= 287  ep_reward=  7212.29  ep_steps=1000
[HalfCheetah-v4] seed= 55 t=  288,000  ep= 288  ep_reward=  7429.18  ep_steps=1000
[HalfCheetah-v4] seed= 55 t=  289,000  ep= 289  ep_reward=  7321.61  ep_steps=1000
[HalfCheetah-v4] seed= 55 t=  290,000  ep= 290  ep_reward=  7101.63  ep_steps=1000
  *** Eval  t=  290,000  avg_reward=  8005.23  (10 eps)  elapsed=19.9min ***
[HalfCheetah-v4] seed= 55 t=  291,000  ep= 291  ep_reward=  6969.37  ep_steps=1000
[HalfCheetah-v4] seed= 55 t=  292,000  ep= 292  ep_reward=  7552.93  ep_steps=1000
[HalfCheetah-v4] seed= 55 t=  293,000  ep= 293  ep_reward=  7228.47  ep_steps=1000
[HalfCheetah-v4] seed= 55 t=  294,000  ep= 294  ep_reward=  7364.38  ep_steps=1000
[HalfCheetah-v4] seed= 55 t=  295,000  ep= 295  ep_reward=  7138.52  ep_steps=1000
[HalfCheetah-v4] seed= 55 t=  296,000  ep= 296  ep_reward=  7465.79  ep_steps=1000
[HalfCheetah-v4] seed= 55 t=  297,000  ep= 297  ep_reward=  7138.86  ep_steps=1000
[HalfCheetah-v4] seed= 55 t=  298,000  ep= 298  ep_reward=  7203.00  ep_steps=1000
[HalfCheetah-v4] seed= 55 t=  299,000  ep= 299  ep_reward=  7464.81  ep_steps=1000
[HalfCheetah-v4] seed= 55 t=  300,000  ep= 300  ep_reward=  7063.24  ep_steps=1000
  *** Eval  t=  300,000  avg_reward=  7738.79  (10 eps)  elapsed=20.6min ***
[HalfCheetah-v4] seed= 55 t=  301,000  ep= 301  ep_reward=  7159.49  ep_steps=1000
[HalfCheetah-v4] seed= 55 t=  302,000  ep= 302  ep_reward=  7010.82  ep_steps=1000
[HalfCheetah-v4] seed= 55 t=  303,000  ep= 303  ep_reward=  7263.17  ep_steps=1000
[HalfCheetah-v4] seed= 55 t=  304,000  ep= 304  ep_reward=  7050.85  ep_steps=1000
[HalfCheetah-v4] seed= 55 t=  305,000  ep= 305  ep_reward=  7175.84  ep_steps=1000
[HalfCheetah-v4] seed= 55 t=  306,000  ep= 306  ep_reward=  7258.96  ep_steps=1000
[HalfCheetah-v4] seed= 55 t=  307,000  ep= 307  ep_reward=  7040.66  ep_steps=1000
[HalfCheetah-v4] seed= 55 t=  308,000  ep= 308  ep_reward=  7388.33  ep_steps=1000
[HalfCheetah-v4] seed= 55 t=  309,000  ep= 309  ep_reward=  7155.66  ep_steps=1000
[HalfCheetah-v4] seed= 55 t=  310,000  ep= 310  ep_reward=  7460.07  ep_steps=1000
  *** Eval  t=  310,000  avg_reward=  8205.46  (10 eps)  elapsed=21.3min ***
[HalfCheetah-v4] seed= 55 t=  311,000  ep= 311  ep_reward=  7431.10  ep_steps=1000
[HalfCheetah-v4] seed= 55 t=  312,000  ep= 312  ep_reward=  7234.21  ep_steps=1000
[HalfCheetah-v4] seed= 55 t=  313,000  ep= 313  ep_reward=  7179.19  ep_steps=1000
[HalfCheetah-v4] seed= 55 t=  314,000  ep= 314  ep_reward=  7378.26  ep_steps=1000
[HalfCheetah-v4] seed= 55 t=  315,000  ep= 315  ep_reward=  7437.55  ep_steps=1000
[HalfCheetah-v4] seed= 55 t=  316,000  ep= 316  ep_reward=  7389.59  ep_steps=1000
[HalfCheetah-v4] seed= 55 t=  317,000  ep= 317  ep_reward=  7392.21  ep_steps=1000
[HalfCheetah-v4] seed= 55 t=  318,000  ep= 318  ep_reward=  7305.56  ep_steps=1000
[HalfCheetah-v4] seed= 55 t=  319,000  ep= 319  ep_reward=  7400.02  ep_steps=1000
[HalfCheetah-v4] seed= 55 t=  320,000  ep= 320  ep_reward=  7296.31  ep_steps=1000
  *** Eval  t=  320,000  avg_reward=  7856.24  (10 eps)  elapsed=22.0min ***
[HalfCheetah-v4] seed= 55 t=  321,000  ep= 321  ep_reward=  7328.81  ep_steps=1000
[HalfCheetah-v4] seed= 55 t=  322,000  ep= 322  ep_reward=  7231.48  ep_steps=1000
[HalfCheetah-v4] seed= 55 t=  323,000  ep= 323  ep_reward=  7299.11  ep_steps=1000
[HalfCheetah-v4] seed= 55 t=  324,000  ep= 324  ep_reward=  7292.26  ep_steps=1000
[HalfCheetah-v4] seed= 55 t=  325,000  ep= 325  ep_reward=  7174.66  ep_steps=1000
[HalfCheetah-v4] seed= 55 t=  326,000  ep= 326  ep_reward=  7231.90  ep_steps=1000
[HalfCheetah-v4] seed= 55 t=  327,000  ep= 327  ep_reward=  7327.18  ep_steps=1000
[HalfCheetah-v4] seed= 55 t=  328,000  ep= 328  ep_reward=  7385.28  ep_steps=1000
[HalfCheetah-v4] seed= 55 t=  329,000  ep= 329  ep_reward=  7503.00  ep_steps=1000
[HalfCheetah-v4] seed= 55 t=  330,000  ep= 330  ep_reward=  7350.08  ep_steps=1000
  *** Eval  t=  330,000  avg_reward=  7714.08  (10 eps)  elapsed=22.7min ***
[HalfCheetah-v4] seed= 55 t=  331,000  ep= 331  ep_reward=  7296.33  ep_steps=1000
[HalfCheetah-v4] seed= 55 t=  332,000  ep= 332  ep_reward=  7461.63  ep_steps=1000
[HalfCheetah-v4] seed= 55 t=  333,000  ep= 333  ep_reward=  7325.79  ep_steps=1000
[HalfCheetah-v4] seed= 55 t=  334,000  ep= 334  ep_reward=  7353.34  ep_steps=1000
[HalfCheetah-v4] seed= 55 t=  335,000  ep= 335  ep_reward=  7351.05  ep_steps=1000
[HalfCheetah-v4] seed= 55 t=  336,000  ep= 336  ep_reward=  7306.19  ep_steps=1000
[HalfCheetah-v4] seed= 55 t=  337,000  ep= 337  ep_reward=  7222.80  ep_steps=1000
[HalfCheetah-v4] seed= 55 t=  338,000  ep= 338  ep_reward=  7428.76  ep_steps=1000
[HalfCheetah-v4] seed= 55 t=  339,000  ep= 339  ep_reward=  7442.17  ep_steps=1000
[HalfCheetah-v4] seed= 55 t=  340,000  ep= 340  ep_reward=  7252.41  ep_steps=1000
  *** Eval  t=  340,000  avg_reward=  8430.67  (10 eps)  elapsed=23.4min ***
[HalfCheetah-v4] seed= 55 t=  341,000  ep= 341  ep_reward=  7304.67  ep_steps=1000
[HalfCheetah-v4] seed= 55 t=  342,000  ep= 342  ep_reward=  7255.53  ep_steps=1000
[HalfCheetah-v4] seed= 55 t=  343,000  ep= 343  ep_reward=  7389.72  ep_steps=1000
[HalfCheetah-v4] seed= 55 t=  344,000  ep= 344  ep_reward=  7301.51  ep_steps=1000
[HalfCheetah-v4] seed= 55 t=  345,000  ep= 345  ep_reward=  7632.22  ep_steps=1000
[HalfCheetah-v4] seed= 55 t=  346,000  ep= 346  ep_reward=  7374.02  ep_steps=1000
[HalfCheetah-v4] seed= 55 t=  347,000  ep= 347  ep_reward=  7222.71  ep_steps=1000
[HalfCheetah-v4] seed= 55 t=  348,000  ep= 348  ep_reward=  7537.08  ep_steps=1000
[HalfCheetah-v4] seed= 55 t=  349,000  ep= 349  ep_reward=  7480.30  ep_steps=1000
[HalfCheetah-v4] seed= 55 t=  350,000  ep= 350  ep_reward=  7281.41  ep_steps=1000
  *** Eval  t=  350,000  avg_reward=  7818.62  (10 eps)  elapsed=24.1min ***
[HalfCheetah-v4] seed= 55 t=  351,000  ep= 351  ep_reward=  7396.94  ep_steps=1000
[HalfCheetah-v4] seed= 55 t=  352,000  ep= 352  ep_reward=  7505.67  ep_steps=1000
[HalfCheetah-v4] seed= 55 t=  353,000  ep= 353  ep_reward=  7562.24  ep_steps=1000
[HalfCheetah-v4] seed= 55 t=  354,000  ep= 354  ep_reward=  7319.09  ep_steps=1000
[HalfCheetah-v4] seed= 55 t=  355,000  ep= 355  ep_reward=  7404.12  ep_steps=1000
[HalfCheetah-v4] seed= 55 t=  356,000  ep= 356  ep_reward=  7448.53  ep_steps=1000
[HalfCheetah-v4] seed= 55 t=  357,000  ep= 357  ep_reward=  7251.72  ep_steps=1000
[HalfCheetah-v4] seed= 55 t=  358,000  ep= 358  ep_reward=  7266.72  ep_steps=1000
[HalfCheetah-v4] seed= 55 t=  359,000  ep= 359  ep_reward=  7467.72  ep_steps=1000
[HalfCheetah-v4] seed= 55 t=  360,000  ep= 360  ep_reward=  7428.91  ep_steps=1000
  *** Eval  t=  360,000  avg_reward=  8256.25  (10 eps)  elapsed=24.8min ***
[HalfCheetah-v4] seed= 55 t=  361,000  ep= 361  ep_reward=  7448.01  ep_steps=1000
[HalfCheetah-v4] seed= 55 t=  362,000  ep= 362  ep_reward=  7238.27  ep_steps=1000
[HalfCheetah-v4] seed= 55 t=  363,000  ep= 363  ep_reward=  7292.94  ep_steps=1000
[HalfCheetah-v4] seed= 55 t=  364,000  ep= 364  ep_reward=  7584.86  ep_steps=1000
[HalfCheetah-v4] seed= 55 t=  365,000  ep= 365  ep_reward=  7377.27  ep_steps=1000
[HalfCheetah-v4] seed= 55 t=  366,000  ep= 366  ep_reward=  7344.24  ep_steps=1000
[HalfCheetah-v4] seed= 55 t=  367,000  ep= 367  ep_reward=  7245.22  ep_steps=1000
[HalfCheetah-v4] seed= 55 t=  368,000  ep= 368  ep_reward=  7415.66  ep_steps=1000
[HalfCheetah-v4] seed= 55 t=  369,000  ep= 369  ep_reward=  7354.72  ep_steps=1000
[HalfCheetah-v4] seed= 55 t=  370,000  ep= 370  ep_reward=  7568.73  ep_steps=1000
  *** Eval  t=  370,000  avg_reward=  7967.19  (10 eps)  elapsed=25.6min ***
[HalfCheetah-v4] seed= 55 t=  371,000  ep= 371  ep_reward=  7358.25  ep_steps=1000
[HalfCheetah-v4] seed= 55 t=  372,000  ep= 372  ep_reward=  7287.17  ep_steps=1000
[HalfCheetah-v4] seed= 55 t=  373,000  ep= 373  ep_reward=  7487.69  ep_steps=1000
[HalfCheetah-v4] seed= 55 t=  374,000  ep= 374  ep_reward=  7406.01  ep_steps=1000
[HalfCheetah-v4] seed= 55 t=  375,000  ep= 375  ep_reward=  7543.21  ep_steps=1000
[HalfCheetah-v4] seed= 55 t=  376,000  ep= 376  ep_reward=  7444.57  ep_steps=1000
[HalfCheetah-v4] seed= 55 t=  377,000  ep= 377  ep_reward=  7425.16  ep_steps=1000
[HalfCheetah-v4] seed= 55 t=  378,000  ep= 378  ep_reward=  7303.76  ep_steps=1000
[HalfCheetah-v4] seed= 55 t=  379,000  ep= 379  ep_reward=  7344.64  ep_steps=1000
[HalfCheetah-v4] seed= 55 t=  380,000  ep= 380  ep_reward=  7500.37  ep_steps=1000
  *** Eval  t=  380,000  avg_reward=  8763.33  (10 eps)  elapsed=26.3min ***
[HalfCheetah-v4] seed= 55 t=  381,000  ep= 381  ep_reward=  7613.50  ep_steps=1000
[HalfCheetah-v4] seed= 55 t=  382,000  ep= 382  ep_reward=  7185.50  ep_steps=1000
[HalfCheetah-v4] seed= 55 t=  383,000  ep= 383  ep_reward=  7540.42  ep_steps=1000
[HalfCheetah-v4] seed= 55 t=  384,000  ep= 384  ep_reward=  7379.14  ep_steps=1000
[HalfCheetah-v4] seed= 55 t=  385,000  ep= 385  ep_reward=  7412.90  ep_steps=1000
[HalfCheetah-v4] seed= 55 t=  386,000  ep= 386  ep_reward=  7305.33  ep_steps=1000
[HalfCheetah-v4] seed= 55 t=  387,000  ep= 387  ep_reward=  7393.28  ep_steps=1000
[HalfCheetah-v4] seed= 55 t=  388,000  ep= 388  ep_reward=  7221.10  ep_steps=1000
[HalfCheetah-v4] seed= 55 t=  389,000  ep= 389  ep_reward=  7422.76  ep_steps=1000
[HalfCheetah-v4] seed= 55 t=  390,000  ep= 390  ep_reward=  7257.55  ep_steps=1000
  *** Eval  t=  390,000  avg_reward=  7859.68  (10 eps)  elapsed=27.0min ***
[HalfCheetah-v4] seed= 55 t=  391,000  ep= 391  ep_reward=  7323.15  ep_steps=1000
[HalfCheetah-v4] seed= 55 t=  392,000  ep= 392  ep_reward=  7120.14  ep_steps=1000
[HalfCheetah-v4] seed= 55 t=  393,000  ep= 393  ep_reward=  7239.21  ep_steps=1000
[HalfCheetah-v4] seed= 55 t=  394,000  ep= 394  ep_reward=  7495.81  ep_steps=1000
[HalfCheetah-v4] seed= 55 t=  395,000  ep= 395  ep_reward=  7501.06  ep_steps=1000
[HalfCheetah-v4] seed= 55 t=  396,000  ep= 396  ep_reward=  7286.52  ep_steps=1000
[HalfCheetah-v4] seed= 55 t=  397,000  ep= 397  ep_reward=  7439.59  ep_steps=1000
[HalfCheetah-v4] seed= 55 t=  398,000  ep= 398  ep_reward=  7394.90  ep_steps=1000
[HalfCheetah-v4] seed= 55 t=  399,000  ep= 399  ep_reward=  7052.29  ep_steps=1000
[HalfCheetah-v4] seed= 55 t=  400,000  ep= 400  ep_reward=  7199.25  ep_steps=1000
  *** Eval  t=  400,000  avg_reward=  8149.64  (10 eps)  elapsed=27.7min ***
[HalfCheetah-v4] seed= 55 t=  401,000  ep= 401  ep_reward=  7528.94  ep_steps=1000
[HalfCheetah-v4] seed= 55 t=  402,000  ep= 402  ep_reward=  7489.19  ep_steps=1000
[HalfCheetah-v4] seed= 55 t=  403,000  ep= 403  ep_reward=  7142.18  ep_steps=1000
[HalfCheetah-v4] seed= 55 t=  404,000  ep= 404  ep_reward=  7418.06  ep_steps=1000
[HalfCheetah-v4] seed= 55 t=  405,000  ep= 405  ep_reward=  7371.80  ep_steps=1000
[HalfCheetah-v4] seed= 55 t=  406,000  ep= 406  ep_reward=  7366.66  ep_steps=1000
[HalfCheetah-v4] seed= 55 t=  407,000  ep= 407  ep_reward=  7424.95  ep_steps=1000
[HalfCheetah-v4] seed= 55 t=  408,000  ep= 408  ep_reward=  7233.92  ep_steps=1000
[HalfCheetah-v4] seed= 55 t=  409,000  ep= 409  ep_reward=  7323.09  ep_steps=1000
[HalfCheetah-v4] seed= 55 t=  410,000  ep= 410  ep_reward=  7386.32  ep_steps=1000
  *** Eval  t=  410,000  avg_reward=  8106.03  (10 eps)  elapsed=28.4min ***
[HalfCheetah-v4] seed= 55 t=  411,000  ep= 411  ep_reward=  7695.18  ep_steps=1000
[HalfCheetah-v4] seed= 55 t=  412,000  ep= 412  ep_reward=  7568.65  ep_steps=1000
[HalfCheetah-v4] seed= 55 t=  413,000  ep= 413  ep_reward=  7615.26  ep_steps=1000
[HalfCheetah-v4] seed= 55 t=  414,000  ep= 414  ep_reward=  7542.96  ep_steps=1000
[HalfCheetah-v4] seed= 55 t=  415,000  ep= 415  ep_reward=  7406.01  ep_steps=1000
[HalfCheetah-v4] seed= 55 t=  416,000  ep= 416  ep_reward=  7472.57  ep_steps=1000
[HalfCheetah-v4] seed= 55 t=  417,000  ep= 417  ep_reward=  7325.20  ep_steps=1000
[HalfCheetah-v4] seed= 55 t=  418,000  ep= 418  ep_reward=  7509.90  ep_steps=1000
[HalfCheetah-v4] seed= 55 t=  419,000  ep= 419  ep_reward=  7481.30  ep_steps=1000
[HalfCheetah-v4] seed= 55 t=  420,000  ep= 420  ep_reward=  7425.27  ep_steps=1000
  *** Eval  t=  420,000  avg_reward=  8134.27  (10 eps)  elapsed=29.1min ***
[HalfCheetah-v4] seed= 55 t=  421,000  ep= 421  ep_reward=  7563.82  ep_steps=1000
[HalfCheetah-v4] seed= 55 t=  422,000  ep= 422  ep_reward=  7643.43  ep_steps=1000
[HalfCheetah-v4] seed= 55 t=  423,000  ep= 423  ep_reward=  7417.40  ep_steps=1000
[HalfCheetah-v4] seed= 55 t=  424,000  ep= 424  ep_reward=  7448.04  ep_steps=1000
[HalfCheetah-v4] seed= 55 t=  425,000  ep= 425  ep_reward=  7396.24  ep_steps=1000
[HalfCheetah-v4] seed= 55 t=  426,000  ep= 426  ep_reward=  7564.84  ep_steps=1000
[HalfCheetah-v4] seed= 55 t=  427,000  ep= 427  ep_reward=  7708.06  ep_steps=1000
[HalfCheetah-v4] seed= 55 t=  428,000  ep= 428  ep_reward=  7392.63  ep_steps=1000
[HalfCheetah-v4] seed= 55 t=  429,000  ep= 429  ep_reward=  7495.06  ep_steps=1000
[HalfCheetah-v4] seed= 55 t=  430,000  ep= 430  ep_reward=  7152.07  ep_steps=1000
  *** Eval  t=  430,000  avg_reward=  8263.88  (10 eps)  elapsed=29.8min ***
[HalfCheetah-v4] seed= 55 t=  431,000  ep= 431  ep_reward=  7254.95  ep_steps=1000
[HalfCheetah-v4] seed= 55 t=  432,000  ep= 432  ep_reward=  7532.17  ep_steps=1000
[HalfCheetah-v4] seed= 55 t=  433,000  ep= 433  ep_reward=  7394.83  ep_steps=1000
[HalfCheetah-v4] seed= 55 t=  434,000  ep= 434  ep_reward=  7397.83  ep_steps=1000
[HalfCheetah-v4] seed= 55 t=  435,000  ep= 435  ep_reward=  7619.07  ep_steps=1000
[HalfCheetah-v4] seed= 55 t=  436,000  ep= 436  ep_reward=  7591.70  ep_steps=1000
[HalfCheetah-v4] seed= 55 t=  437,000  ep= 437  ep_reward=  7475.15  ep_steps=1000
[HalfCheetah-v4] seed= 55 t=  438,000  ep= 438  ep_reward=  7644.44  ep_steps=1000
[HalfCheetah-v4] seed= 55 t=  439,000  ep= 439  ep_reward=  7699.84  ep_steps=1000
[HalfCheetah-v4] seed= 55 t=  440,000  ep= 440  ep_reward=  7298.87  ep_steps=1000
  *** Eval  t=  440,000  avg_reward=  8082.66  (10 eps)  elapsed=30.5min ***
[HalfCheetah-v4] seed= 55 t=  441,000  ep= 441  ep_reward=  7354.26  ep_steps=1000
[HalfCheetah-v4] seed= 55 t=  442,000  ep= 442  ep_reward=  7323.08  ep_steps=1000
[HalfCheetah-v4] seed= 55 t=  443,000  ep= 443  ep_reward=  7574.63  ep_steps=1000
[HalfCheetah-v4] seed= 55 t=  444,000  ep= 444  ep_reward=  7602.78  ep_steps=1000
[HalfCheetah-v4] seed= 55 t=  445,000  ep= 445  ep_reward=  7585.10  ep_steps=1000
[HalfCheetah-v4] seed= 55 t=  446,000  ep= 446  ep_reward=  7442.72  ep_steps=1000
[HalfCheetah-v4] seed= 55 t=  447,000  ep= 447  ep_reward=  7539.94  ep_steps=1000
[HalfCheetah-v4] seed= 55 t=  448,000  ep= 448  ep_reward=  7401.46  ep_steps=1000
[HalfCheetah-v4] seed= 55 t=  449,000  ep= 449  ep_reward=  7503.29  ep_steps=1000
[HalfCheetah-v4] seed= 55 t=  450,000  ep= 450  ep_reward=  7592.28  ep_steps=1000
  *** Eval  t=  450,000  avg_reward=  8134.48  (10 eps)  elapsed=31.2min ***
[HalfCheetah-v4] seed= 55 t=  451,000  ep= 451  ep_reward=  7533.52  ep_steps=1000
[HalfCheetah-v4] seed= 55 t=  452,000  ep= 452  ep_reward=  7602.58  ep_steps=1000
[HalfCheetah-v4] seed= 55 t=  453,000  ep= 453  ep_reward=  7505.20  ep_steps=1000
[HalfCheetah-v4] seed= 55 t=  454,000  ep= 454  ep_reward=  7484.47  ep_steps=1000
[HalfCheetah-v4] seed= 55 t=  455,000  ep= 455  ep_reward=  7517.35  ep_steps=1000
[HalfCheetah-v4] seed= 55 t=  456,000  ep= 456  ep_reward=  7678.31  ep_steps=1000
[HalfCheetah-v4] seed= 55 t=  457,000  ep= 457  ep_reward=  7503.93  ep_steps=1000
[HalfCheetah-v4] seed= 55 t=  458,000  ep= 458  ep_reward=  7479.53  ep_steps=1000
[HalfCheetah-v4] seed= 55 t=  459,000  ep= 459  ep_reward=  7576.83  ep_steps=1000
[HalfCheetah-v4] seed= 55 t=  460,000  ep= 460  ep_reward=  7570.71  ep_steps=1000
  *** Eval  t=  460,000  avg_reward=  8186.22  (10 eps)  elapsed=31.9min ***
[HalfCheetah-v4] seed= 55 t=  461,000  ep= 461  ep_reward=  7666.17  ep_steps=1000
[HalfCheetah-v4] seed= 55 t=  462,000  ep= 462  ep_reward=  7499.29  ep_steps=1000
[HalfCheetah-v4] seed= 55 t=  463,000  ep= 463  ep_reward=  7740.30  ep_steps=1000
[HalfCheetah-v4] seed= 55 t=  464,000  ep= 464  ep_reward=  7547.01  ep_steps=1000
[HalfCheetah-v4] seed= 55 t=  465,000  ep= 465  ep_reward=  7502.23  ep_steps=1000
[HalfCheetah-v4] seed= 55 t=  466,000  ep= 466  ep_reward=  7698.05  ep_steps=1000
[HalfCheetah-v4] seed= 55 t=  467,000  ep= 467  ep_reward=  7525.96  ep_steps=1000
[HalfCheetah-v4] seed= 55 t=  468,000  ep= 468  ep_reward=  7570.16  ep_steps=1000
[HalfCheetah-v4] seed= 55 t=  469,000  ep= 469  ep_reward=  7499.53  ep_steps=1000
[HalfCheetah-v4] seed= 55 t=  470,000  ep= 470  ep_reward=  7575.86  ep_steps=1000
  *** Eval  t=  470,000  avg_reward=  8151.74  (10 eps)  elapsed=32.6min ***
[HalfCheetah-v4] seed= 55 t=  471,000  ep= 471  ep_reward=  7656.88  ep_steps=1000
[HalfCheetah-v4] seed= 55 t=  472,000  ep= 472  ep_reward=  7510.09  ep_steps=1000
[HalfCheetah-v4] seed= 55 t=  473,000  ep= 473  ep_reward=  7562.83  ep_steps=1000
[HalfCheetah-v4] seed= 55 t=  474,000  ep= 474  ep_reward=  7675.14  ep_steps=1000
[HalfCheetah-v4] seed= 55 t=  475,000  ep= 475  ep_reward=  7526.36  ep_steps=1000
[HalfCheetah-v4] seed= 55 t=  476,000  ep= 476  ep_reward=  7491.17  ep_steps=1000
[HalfCheetah-v4] seed= 55 t=  477,000  ep= 477  ep_reward=  7581.40  ep_steps=1000
[HalfCheetah-v4] seed= 55 t=  478,000  ep= 478  ep_reward=  7533.32  ep_steps=1000
[HalfCheetah-v4] seed= 55 t=  479,000  ep= 479  ep_reward=  7679.70  ep_steps=1000
[HalfCheetah-v4] seed= 55 t=  480,000  ep= 480  ep_reward=  7404.51  ep_steps=1000
  *** Eval  t=  480,000  avg_reward=  8437.69  (10 eps)  elapsed=33.3min ***
[HalfCheetah-v4] seed= 55 t=  481,000  ep= 481  ep_reward=  7667.71  ep_steps=1000
[HalfCheetah-v4] seed= 55 t=  482,000  ep= 482  ep_reward=  7571.40  ep_steps=1000
[HalfCheetah-v4] seed= 55 t=  483,000  ep= 483  ep_reward=  7704.59  ep_steps=1000
[HalfCheetah-v4] seed= 55 t=  484,000  ep= 484  ep_reward=  7403.98  ep_steps=1000
[HalfCheetah-v4] seed= 55 t=  485,000  ep= 485  ep_reward=  7598.11  ep_steps=1000
[HalfCheetah-v4] seed= 55 t=  486,000  ep= 486  ep_reward=  7478.81  ep_steps=1000
[HalfCheetah-v4] seed= 55 t=  487,000  ep= 487  ep_reward=  7738.39  ep_steps=1000
[HalfCheetah-v4] seed= 55 t=  488,000  ep= 488  ep_reward=  7693.29  ep_steps=1000
[HalfCheetah-v4] seed= 55 t=  489,000  ep= 489  ep_reward=  7575.32  ep_steps=1000
[HalfCheetah-v4] seed= 55 t=  490,000  ep= 490  ep_reward=  7543.42  ep_steps=1000
  *** Eval  t=  490,000  avg_reward=  7827.10  (10 eps)  elapsed=34.0min ***
[HalfCheetah-v4] seed= 55 t=  491,000  ep= 491  ep_reward=  7564.41  ep_steps=1000
[HalfCheetah-v4] seed= 55 t=  492,000  ep= 492  ep_reward=  7772.74  ep_steps=1000
[HalfCheetah-v4] seed= 55 t=  493,000  ep= 493  ep_reward=  7716.57  ep_steps=1000
[HalfCheetah-v4] seed= 55 t=  494,000  ep= 494  ep_reward=  7536.31  ep_steps=1000
[HalfCheetah-v4] seed= 55 t=  495,000  ep= 495  ep_reward=  7648.72  ep_steps=1000
[HalfCheetah-v4] seed= 55 t=  496,000  ep= 496  ep_reward=  7750.80  ep_steps=1000
[HalfCheetah-v4] seed= 55 t=  497,000  ep= 497  ep_reward=  7644.88  ep_steps=1000
[HalfCheetah-v4] seed= 55 t=  498,000  ep= 498  ep_reward=  7697.46  ep_steps=1000
[HalfCheetah-v4] seed= 55 t=  499,000  ep= 499  ep_reward=  7648.11  ep_steps=1000
[HalfCheetah-v4] seed= 55 t=  500,000  ep= 500  ep_reward=  7618.62  ep_steps=1000
  *** Eval  t=  500,000  avg_reward=  8470.58  (10 eps)  elapsed=34.8min ***
[HalfCheetah-v4] seed= 55 t=  501,000  ep= 501  ep_reward=  7628.27  ep_steps=1000
[HalfCheetah-v4] seed= 55 t=  502,000  ep= 502  ep_reward=  7542.21  ep_steps=1000
[HalfCheetah-v4] seed= 55 t=  503,000  ep= 503  ep_reward=  7589.49  ep_steps=1000
[HalfCheetah-v4] seed= 55 t=  504,000  ep= 504  ep_reward=  7582.67  ep_steps=1000
[HalfCheetah-v4] seed= 55 t=  505,000  ep= 505  ep_reward=  7603.19  ep_steps=1000
[HalfCheetah-v4] seed= 55 t=  506,000  ep= 506  ep_reward=  7528.52  ep_steps=1000
[HalfCheetah-v4] seed= 55 t=  507,000  ep= 507  ep_reward=  7652.53  ep_steps=1000
[HalfCheetah-v4] seed= 55 t=  508,000  ep= 508  ep_reward=  7689.85  ep_steps=1000
[HalfCheetah-v4] seed= 55 t=  509,000  ep= 509  ep_reward=  7662.95  ep_steps=1000
[HalfCheetah-v4] seed= 55 t=  510,000  ep= 510  ep_reward=  7810.09  ep_steps=1000
  *** Eval  t=  510,000  avg_reward=  8193.03  (10 eps)  elapsed=35.5min ***
[HalfCheetah-v4] seed= 55 t=  511,000  ep= 511  ep_reward=  7578.49  ep_steps=1000
[HalfCheetah-v4] seed= 55 t=  512,000  ep= 512  ep_reward=  7708.65  ep_steps=1000
[HalfCheetah-v4] seed= 55 t=  513,000  ep= 513  ep_reward=  7602.18  ep_steps=1000
[HalfCheetah-v4] seed= 55 t=  514,000  ep= 514  ep_reward=  7646.49  ep_steps=1000
[HalfCheetah-v4] seed= 55 t=  515,000  ep= 515  ep_reward=  7733.79  ep_steps=1000
[HalfCheetah-v4] seed= 55 t=  516,000  ep= 516  ep_reward=  7632.26  ep_steps=1000
[HalfCheetah-v4] seed= 55 t=  517,000  ep= 517  ep_reward=  7661.07  ep_steps=1000
[HalfCheetah-v4] seed= 55 t=  518,000  ep= 518  ep_reward=  7593.96  ep_steps=1000
[HalfCheetah-v4] seed= 55 t=  519,000  ep= 519  ep_reward=  7630.00  ep_steps=1000
[HalfCheetah-v4] seed= 55 t=  520,000  ep= 520  ep_reward=  7546.51  ep_steps=1000
  *** Eval  t=  520,000  avg_reward=  8420.77  (10 eps)  elapsed=36.2min ***
[HalfCheetah-v4] seed= 55 t=  521,000  ep= 521  ep_reward=  7635.31  ep_steps=1000
[HalfCheetah-v4] seed= 55 t=  522,000  ep= 522  ep_reward=  7541.59  ep_steps=1000
[HalfCheetah-v4] seed= 55 t=  523,000  ep= 523  ep_reward=  7812.76  ep_steps=1000
[HalfCheetah-v4] seed= 55 t=  524,000  ep= 524  ep_reward=  7675.26  ep_steps=1000
[HalfCheetah-v4] seed= 55 t=  525,000  ep= 525  ep_reward=  7679.31  ep_steps=1000
[HalfCheetah-v4] seed= 55 t=  526,000  ep= 526  ep_reward=  7664.85  ep_steps=1000
[HalfCheetah-v4] seed= 55 t=  527,000  ep= 527  ep_reward=  7719.30  ep_steps=1000
[HalfCheetah-v4] seed= 55 t=  528,000  ep= 528  ep_reward=  7642.99  ep_steps=1000
[HalfCheetah-v4] seed= 55 t=  529,000  ep= 529  ep_reward=  7587.72  ep_steps=1000
[HalfCheetah-v4] seed= 55 t=  530,000  ep= 530  ep_reward=  7738.00  ep_steps=1000
  *** Eval  t=  530,000  avg_reward=  8312.16  (10 eps)  elapsed=36.9min ***
[HalfCheetah-v4] seed= 55 t=  531,000  ep= 531  ep_reward=  7594.11  ep_steps=1000
[HalfCheetah-v4] seed= 55 t=  532,000  ep= 532  ep_reward=  7662.74  ep_steps=1000
[HalfCheetah-v4] seed= 55 t=  533,000  ep= 533  ep_reward=  7730.30  ep_steps=1000
[HalfCheetah-v4] seed= 55 t=  534,000  ep= 534  ep_reward=  7731.04  ep_steps=1000
[HalfCheetah-v4] seed= 55 t=  535,000  ep= 535  ep_reward=  7646.28  ep_steps=1000
[HalfCheetah-v4] seed= 55 t=  536,000  ep= 536  ep_reward=  7538.90  ep_steps=1000
[HalfCheetah-v4] seed= 55 t=  537,000  ep= 537  ep_reward=  7760.39  ep_steps=1000
[HalfCheetah-v4] seed= 55 t=  538,000  ep= 538  ep_reward=  7702.99  ep_steps=1000
[HalfCheetah-v4] seed= 55 t=  539,000  ep= 539  ep_reward=  7726.25  ep_steps=1000
[HalfCheetah-v4] seed= 55 t=  540,000  ep= 540  ep_reward=  7807.10  ep_steps=1000
  *** Eval  t=  540,000  avg_reward=  8135.08  (10 eps)  elapsed=37.6min ***
[HalfCheetah-v4] seed= 55 t=  541,000  ep= 541  ep_reward=  7806.51  ep_steps=1000
[HalfCheetah-v4] seed= 55 t=  542,000  ep= 542  ep_reward=  7804.98  ep_steps=1000
[HalfCheetah-v4] seed= 55 t=  543,000  ep= 543  ep_reward=  7760.55  ep_steps=1000
[HalfCheetah-v4] seed= 55 t=  544,000  ep= 544  ep_reward=  7722.08  ep_steps=1000
[HalfCheetah-v4] seed= 55 t=  545,000  ep= 545  ep_reward=  7802.82  ep_steps=1000
[HalfCheetah-v4] seed= 55 t=  546,000  ep= 546  ep_reward=  7637.19  ep_steps=1000
[HalfCheetah-v4] seed= 55 t=  547,000  ep= 547  ep_reward=  7504.28  ep_steps=1000
[HalfCheetah-v4] seed= 55 t=  548,000  ep= 548  ep_reward=  7654.25  ep_steps=1000
[HalfCheetah-v4] seed= 55 t=  549,000  ep= 549  ep_reward=  7749.65  ep_steps=1000
[HalfCheetah-v4] seed= 55 t=  550,000  ep= 550  ep_reward=  7750.27  ep_steps=1000
  *** Eval  t=  550,000  avg_reward=  8263.61  (10 eps)  elapsed=38.3min ***
[HalfCheetah-v4] seed= 55 t=  551,000  ep= 551  ep_reward=  7802.79  ep_steps=1000
[HalfCheetah-v4] seed= 55 t=  552,000  ep= 552  ep_reward=  7482.83  ep_steps=1000
[HalfCheetah-v4] seed= 55 t=  553,000  ep= 553  ep_reward=  7736.82  ep_steps=1000
[HalfCheetah-v4] seed= 55 t=  554,000  ep= 554  ep_reward=  7863.86  ep_steps=1000
[HalfCheetah-v4] seed= 55 t=  555,000  ep= 555  ep_reward=  7693.13  ep_steps=1000
[HalfCheetah-v4] seed= 55 t=  556,000  ep= 556  ep_reward=  7626.96  ep_steps=1000
[HalfCheetah-v4] seed= 55 t=  557,000  ep= 557  ep_reward=  7651.97  ep_steps=1000
[HalfCheetah-v4] seed= 55 t=  558,000  ep= 558  ep_reward=  7537.04  ep_steps=1000
[HalfCheetah-v4] seed= 55 t=  559,000  ep= 559  ep_reward=  7763.68  ep_steps=1000
[HalfCheetah-v4] seed= 55 t=  560,000  ep= 560  ep_reward=  7847.70  ep_steps=1000
  *** Eval  t=  560,000  avg_reward=  8401.96  (10 eps)  elapsed=39.0min ***
[HalfCheetah-v4] seed= 55 t=  561,000  ep= 561  ep_reward=  7600.37  ep_steps=1000
[HalfCheetah-v4] seed= 55 t=  562,000  ep= 562  ep_reward=  7804.80  ep_steps=1000
[HalfCheetah-v4] seed= 55 t=  563,000  ep= 563  ep_reward=  7699.03  ep_steps=1000
[HalfCheetah-v4] seed= 55 t=  564,000  ep= 564  ep_reward=  7822.96  ep_steps=1000
[HalfCheetah-v4] seed= 55 t=  565,000  ep= 565  ep_reward=  7809.10  ep_steps=1000
[HalfCheetah-v4] seed= 55 t=  566,000  ep= 566  ep_reward=  7675.51  ep_steps=1000
[HalfCheetah-v4] seed= 55 t=  567,000  ep= 567  ep_reward=  7791.33  ep_steps=1000
[HalfCheetah-v4] seed= 55 t=  568,000  ep= 568  ep_reward=  7691.47  ep_steps=1000
[HalfCheetah-v4] seed= 55 t=  569,000  ep= 569  ep_reward=  7891.78  ep_steps=1000
[HalfCheetah-v4] seed= 55 t=  570,000  ep= 570  ep_reward=  7734.82  ep_steps=1000
  *** Eval  t=  570,000  avg_reward=  8205.75  (10 eps)  elapsed=39.7min ***
[HalfCheetah-v4] seed= 55 t=  571,000  ep= 571  ep_reward=  7683.43  ep_steps=1000
[HalfCheetah-v4] seed= 55 t=  572,000  ep= 572  ep_reward=  7665.60  ep_steps=1000
[HalfCheetah-v4] seed= 55 t=  573,000  ep= 573  ep_reward=  7679.94  ep_steps=1000
[HalfCheetah-v4] seed= 55 t=  574,000  ep= 574  ep_reward=  7584.78  ep_steps=1000
[HalfCheetah-v4] seed= 55 t=  575,000  ep= 575  ep_reward=  7881.40  ep_steps=1000
[HalfCheetah-v4] seed= 55 t=  576,000  ep= 576  ep_reward=  7634.36  ep_steps=1000
[HalfCheetah-v4] seed= 55 t=  577,000  ep= 577  ep_reward=  7881.04  ep_steps=1000
[HalfCheetah-v4] seed= 55 t=  578,000  ep= 578  ep_reward=  7666.54  ep_steps=1000
[HalfCheetah-v4] seed= 55 t=  579,000  ep= 579  ep_reward=  7713.71  ep_steps=1000
[HalfCheetah-v4] seed= 55 t=  580,000  ep= 580  ep_reward=  7639.32  ep_steps=1000
  *** Eval  t=  580,000  avg_reward=  8298.00  (10 eps)  elapsed=40.4min ***
[HalfCheetah-v4] seed= 55 t=  581,000  ep= 581  ep_reward=  7932.25  ep_steps=1000
[HalfCheetah-v4] seed= 55 t=  582,000  ep= 582  ep_reward=  7828.28  ep_steps=1000
[HalfCheetah-v4] seed= 55 t=  583,000  ep= 583  ep_reward=  7632.08  ep_steps=1000
[HalfCheetah-v4] seed= 55 t=  584,000  ep= 584  ep_reward=  7643.59  ep_steps=1000
[HalfCheetah-v4] seed= 55 t=  585,000  ep= 585  ep_reward=  7680.05  ep_steps=1000
[HalfCheetah-v4] seed= 55 t=  586,000  ep= 586  ep_reward=  6155.17  ep_steps=1000
[HalfCheetah-v4] seed= 55 t=  587,000  ep= 587  ep_reward=  7750.65  ep_steps=1000
[HalfCheetah-v4] seed= 55 t=  588,000  ep= 588  ep_reward=  7721.62  ep_steps=1000
[HalfCheetah-v4] seed= 55 t=  589,000  ep= 589  ep_reward=  7775.15  ep_steps=1000
[HalfCheetah-v4] seed= 55 t=  590,000  ep= 590  ep_reward=  7734.20  ep_steps=1000
  *** Eval  t=  590,000  avg_reward=  8351.49  (10 eps)  elapsed=41.1min ***
[HalfCheetah-v4] seed= 55 t=  591,000  ep= 591  ep_reward=  7890.35  ep_steps=1000
[HalfCheetah-v4] seed= 55 t=  592,000  ep= 592  ep_reward=  7774.35  ep_steps=1000
[HalfCheetah-v4] seed= 55 t=  593,000  ep= 593  ep_reward=  7651.58  ep_steps=1000
[HalfCheetah-v4] seed= 55 t=  594,000  ep= 594  ep_reward=  7770.71  ep_steps=1000
[HalfCheetah-v4] seed= 55 t=  595,000  ep= 595  ep_reward=  7774.10  ep_steps=1000
[HalfCheetah-v4] seed= 55 t=  596,000  ep= 596  ep_reward=  7774.11  ep_steps=1000
[HalfCheetah-v4] seed= 55 t=  597,000  ep= 597  ep_reward=  7605.42  ep_steps=1000
[HalfCheetah-v4] seed= 55 t=  598,000  ep= 598  ep_reward=  7704.60  ep_steps=1000
[HalfCheetah-v4] seed= 55 t=  599,000  ep= 599  ep_reward=  7826.88  ep_steps=1000
[HalfCheetah-v4] seed= 55 t=  600,000  ep= 600  ep_reward=  7715.90  ep_steps=1000
  *** Eval  t=  600,000  avg_reward=  8313.78  (10 eps)  elapsed=41.9min ***
[HalfCheetah-v4] seed= 55 t=  601,000  ep= 601  ep_reward=  7859.72  ep_steps=1000
[HalfCheetah-v4] seed= 55 t=  602,000  ep= 602  ep_reward=  7803.75  ep_steps=1000
[HalfCheetah-v4] seed= 55 t=  603,000  ep= 603  ep_reward=  7611.31  ep_steps=1000
[HalfCheetah-v4] seed= 55 t=  604,000  ep= 604  ep_reward=  7800.85  ep_steps=1000
[HalfCheetah-v4] seed= 55 t=  605,000  ep= 605  ep_reward=  7779.77  ep_steps=1000
[HalfCheetah-v4] seed= 55 t=  606,000  ep= 606  ep_reward=  7577.53  ep_steps=1000
[HalfCheetah-v4] seed= 55 t=  607,000  ep= 607  ep_reward=  7721.47  ep_steps=1000
[HalfCheetah-v4] seed= 55 t=  608,000  ep= 608  ep_reward=  7753.36  ep_steps=1000
[HalfCheetah-v4] seed= 55 t=  609,000  ep= 609  ep_reward=  7753.77  ep_steps=1000
[HalfCheetah-v4] seed= 55 t=  610,000  ep= 610  ep_reward=  7758.72  ep_steps=1000
  *** Eval  t=  610,000  avg_reward=  8933.97  (10 eps)  elapsed=42.6min ***
[HalfCheetah-v4] seed= 55 t=  611,000  ep= 611  ep_reward=  7572.23  ep_steps=1000
[HalfCheetah-v4] seed= 55 t=  612,000  ep= 612  ep_reward=  7688.48  ep_steps=1000
[HalfCheetah-v4] seed= 55 t=  613,000  ep= 613  ep_reward=  7810.60  ep_steps=1000
[HalfCheetah-v4] seed= 55 t=  614,000  ep= 614  ep_reward=  7731.48  ep_steps=1000
[HalfCheetah-v4] seed= 55 t=  615,000  ep= 615  ep_reward=  7612.50  ep_steps=1000
[HalfCheetah-v4] seed= 55 t=  616,000  ep= 616  ep_reward=  7625.48  ep_steps=1000
[HalfCheetah-v4] seed= 55 t=  617,000  ep= 617  ep_reward=  7760.68  ep_steps=1000
[HalfCheetah-v4] seed= 55 t=  618,000  ep= 618  ep_reward=  7649.52  ep_steps=1000
[HalfCheetah-v4] seed= 55 t=  619,000  ep= 619  ep_reward=  7875.08  ep_steps=1000
[HalfCheetah-v4] seed= 55 t=  620,000  ep= 620  ep_reward=  7798.21  ep_steps=1000
  *** Eval  t=  620,000  avg_reward=  8517.94  (10 eps)  elapsed=43.3min ***
[HalfCheetah-v4] seed= 55 t=  621,000  ep= 621  ep_reward=  7864.29  ep_steps=1000
[HalfCheetah-v4] seed= 55 t=  622,000  ep= 622  ep_reward=  7907.39  ep_steps=1000
[HalfCheetah-v4] seed= 55 t=  623,000  ep= 623  ep_reward=  7634.80  ep_steps=1000
[HalfCheetah-v4] seed= 55 t=  624,000  ep= 624  ep_reward=  7942.07  ep_steps=1000
[HalfCheetah-v4] seed= 55 t=  625,000  ep= 625  ep_reward=  7795.84  ep_steps=1000
[HalfCheetah-v4] seed= 55 t=  626,000  ep= 626  ep_reward=  7821.44  ep_steps=1000
[HalfCheetah-v4] seed= 55 t=  627,000  ep= 627  ep_reward=  7789.95  ep_steps=1000
[HalfCheetah-v4] seed= 55 t=  628,000  ep= 628  ep_reward=  7807.23  ep_steps=1000
[HalfCheetah-v4] seed= 55 t=  629,000  ep= 629  ep_reward=  7721.03  ep_steps=1000
[HalfCheetah-v4] seed= 55 t=  630,000  ep= 630  ep_reward=  7883.46  ep_steps=1000
  *** Eval  t=  630,000  avg_reward=  8344.45  (10 eps)  elapsed=44.0min ***
[HalfCheetah-v4] seed= 55 t=  631,000  ep= 631  ep_reward=  7829.43  ep_steps=1000
[HalfCheetah-v4] seed= 55 t=  632,000  ep= 632  ep_reward=  7865.77  ep_steps=1000
[HalfCheetah-v4] seed= 55 t=  633,000  ep= 633  ep_reward=  7842.72  ep_steps=1000
[HalfCheetah-v4] seed= 55 t=  634,000  ep= 634  ep_reward=  7901.16  ep_steps=1000
[HalfCheetah-v4] seed= 55 t=  635,000  ep= 635  ep_reward=  7711.77  ep_steps=1000
[HalfCheetah-v4] seed= 55 t=  636,000  ep= 636  ep_reward=  7989.41  ep_steps=1000
[HalfCheetah-v4] seed= 55 t=  637,000  ep= 637  ep_reward=  7749.26  ep_steps=1000
[HalfCheetah-v4] seed= 55 t=  638,000  ep= 638  ep_reward=  7860.05  ep_steps=1000
[HalfCheetah-v4] seed= 55 t=  639,000  ep= 639  ep_reward=  7892.32  ep_steps=1000
[HalfCheetah-v4] seed= 55 t=  640,000  ep= 640  ep_reward=  7907.29  ep_steps=1000
  *** Eval  t=  640,000  avg_reward=  8842.74  (10 eps)  elapsed=44.7min ***
[HalfCheetah-v4] seed= 55 t=  641,000  ep= 641  ep_reward=  7816.70  ep_steps=1000
[HalfCheetah-v4] seed= 55 t=  642,000  ep= 642  ep_reward=  7820.35  ep_steps=1000
[HalfCheetah-v4] seed= 55 t=  643,000  ep= 643  ep_reward=  7764.55  ep_steps=1000
[HalfCheetah-v4] seed= 55 t=  644,000  ep= 644  ep_reward=  7900.69  ep_steps=1000
[HalfCheetah-v4] seed= 55 t=  645,000  ep= 645  ep_reward=  7822.42  ep_steps=1000
[HalfCheetah-v4] seed= 55 t=  646,000  ep= 646  ep_reward=  7957.69  ep_steps=1000
[HalfCheetah-v4] seed= 55 t=  647,000  ep= 647  ep_reward=  7814.97  ep_steps=1000
[HalfCheetah-v4] seed= 55 t=  648,000  ep= 648  ep_reward=  7620.17  ep_steps=1000
[HalfCheetah-v4] seed= 55 t=  649,000  ep= 649  ep_reward=  7872.47  ep_steps=1000
[HalfCheetah-v4] seed= 55 t=  650,000  ep= 650  ep_reward=  7719.25  ep_steps=1000
  *** Eval  t=  650,000  avg_reward=  9243.64  (10 eps)  elapsed=45.4min ***
[HalfCheetah-v4] seed= 55 t=  651,000  ep= 651  ep_reward=  7907.97  ep_steps=1000
[HalfCheetah-v4] seed= 55 t=  652,000  ep= 652  ep_reward=  7872.74  ep_steps=1000
[HalfCheetah-v4] seed= 55 t=  653,000  ep= 653  ep_reward=  7592.85  ep_steps=1000
[HalfCheetah-v4] seed= 55 t=  654,000  ep= 654  ep_reward=  7739.77  ep_steps=1000
[HalfCheetah-v4] seed= 55 t=  655,000  ep= 655  ep_reward=  7949.75  ep_steps=1000
[HalfCheetah-v4] seed= 55 t=  656,000  ep= 656  ep_reward=  7780.76  ep_steps=1000
[HalfCheetah-v4] seed= 55 t=  657,000  ep= 657  ep_reward=  7650.40  ep_steps=1000
[HalfCheetah-v4] seed= 55 t=  658,000  ep= 658  ep_reward=  7766.63  ep_steps=1000
[HalfCheetah-v4] seed= 55 t=  659,000  ep= 659  ep_reward=  7825.77  ep_steps=1000
[HalfCheetah-v4] seed= 55 t=  660,000  ep= 660  ep_reward=  7979.58  ep_steps=1000
  *** Eval  t=  660,000  avg_reward=  8386.09  (10 eps)  elapsed=46.1min ***
[HalfCheetah-v4] seed= 55 t=  661,000  ep= 661  ep_reward=  7871.27  ep_steps=1000
[HalfCheetah-v4] seed= 55 t=  662,000  ep= 662  ep_reward=  7876.85  ep_steps=1000
[HalfCheetah-v4] seed= 55 t=  663,000  ep= 663  ep_reward=  7855.07  ep_steps=1000
[HalfCheetah-v4] seed= 55 t=  664,000  ep= 664  ep_reward=  7817.60  ep_steps=1000
[HalfCheetah-v4] seed= 55 t=  665,000  ep= 665  ep_reward=  7935.89  ep_steps=1000
[HalfCheetah-v4] seed= 55 t=  666,000  ep= 666  ep_reward=  7748.43  ep_steps=1000
[HalfCheetah-v4] seed= 55 t=  667,000  ep= 667  ep_reward=  7768.67  ep_steps=1000
[HalfCheetah-v4] seed= 55 t=  668,000  ep= 668  ep_reward=  7721.05  ep_steps=1000
[HalfCheetah-v4] seed= 55 t=  669,000  ep= 669  ep_reward=  7824.21  ep_steps=1000
[HalfCheetah-v4] seed= 55 t=  670,000  ep= 670  ep_reward=  7586.22  ep_steps=1000
  *** Eval  t=  670,000  avg_reward=  8436.63  (10 eps)  elapsed=46.8min ***
[HalfCheetah-v4] seed= 55 t=  671,000  ep= 671  ep_reward=  7762.01  ep_steps=1000
[HalfCheetah-v4] seed= 55 t=  672,000  ep= 672  ep_reward=  7798.85  ep_steps=1000
[HalfCheetah-v4] seed= 55 t=  673,000  ep= 673  ep_reward=  7687.10  ep_steps=1000
[HalfCheetah-v4] seed= 55 t=  674,000  ep= 674  ep_reward=  7945.83  ep_steps=1000
[HalfCheetah-v4] seed= 55 t=  675,000  ep= 675  ep_reward=  7856.74  ep_steps=1000
[HalfCheetah-v4] seed= 55 t=  676,000  ep= 676  ep_reward=  7889.73  ep_steps=1000
[HalfCheetah-v4] seed= 55 t=  677,000  ep= 677  ep_reward=  7968.69  ep_steps=1000
[HalfCheetah-v4] seed= 55 t=  678,000  ep= 678  ep_reward=  7883.22  ep_steps=1000
[HalfCheetah-v4] seed= 55 t=  679,000  ep= 679  ep_reward=  7615.37  ep_steps=1000
[HalfCheetah-v4] seed= 55 t=  680,000  ep= 680  ep_reward=  7675.08  ep_steps=1000
  *** Eval  t=  680,000  avg_reward=  8811.00  (10 eps)  elapsed=47.5min ***
[HalfCheetah-v4] seed= 55 t=  681,000  ep= 681  ep_reward=  7749.92  ep_steps=1000
[HalfCheetah-v4] seed= 55 t=  682,000  ep= 682  ep_reward=  8046.89  ep_steps=1000
[HalfCheetah-v4] seed= 55 t=  683,000  ep= 683  ep_reward=  7920.70  ep_steps=1000
[HalfCheetah-v4] seed= 55 t=  684,000  ep= 684  ep_reward=  7810.87  ep_steps=1000
[HalfCheetah-v4] seed= 55 t=  685,000  ep= 685  ep_reward=  7898.71  ep_steps=1000
[HalfCheetah-v4] seed= 55 t=  686,000  ep= 686  ep_reward=  7892.15  ep_steps=1000
[HalfCheetah-v4] seed= 55 t=  687,000  ep= 687  ep_reward=  7631.41  ep_steps=1000
[HalfCheetah-v4] seed= 55 t=  688,000  ep= 688  ep_reward=  7974.30  ep_steps=1000
[HalfCheetah-v4] seed= 55 t=  689,000  ep= 689  ep_reward=  7804.52  ep_steps=1000
[HalfCheetah-v4] seed= 55 t=  690,000  ep= 690  ep_reward=  8032.70  ep_steps=1000
  *** Eval  t=  690,000  avg_reward=  8608.89  (10 eps)  elapsed=48.2min ***
[HalfCheetah-v4] seed= 55 t=  691,000  ep= 691  ep_reward=  7949.15  ep_steps=1000
[HalfCheetah-v4] seed= 55 t=  692,000  ep= 692  ep_reward=  7728.74  ep_steps=1000
[HalfCheetah-v4] seed= 55 t=  693,000  ep= 693  ep_reward=  7860.75  ep_steps=1000
[HalfCheetah-v4] seed= 55 t=  694,000  ep= 694  ep_reward=  7897.81  ep_steps=1000
[HalfCheetah-v4] seed= 55 t=  695,000  ep= 695  ep_reward=  7877.31  ep_steps=1000
[HalfCheetah-v4] seed= 55 t=  696,000  ep= 696  ep_reward=  7972.10  ep_steps=1000
[HalfCheetah-v4] seed= 55 t=  697,000  ep= 697  ep_reward=  7883.13  ep_steps=1000
[HalfCheetah-v4] seed= 55 t=  698,000  ep= 698  ep_reward=  7754.01  ep_steps=1000
[HalfCheetah-v4] seed= 55 t=  699,000  ep= 699  ep_reward=  7794.17  ep_steps=1000
[HalfCheetah-v4] seed= 55 t=  700,000  ep= 700  ep_reward=  7838.04  ep_steps=1000
  *** Eval  t=  700,000  avg_reward=  9156.58  (10 eps)  elapsed=48.9min ***
[HalfCheetah-v4] seed= 55 t=  701,000  ep= 701  ep_reward=  7940.07  ep_steps=1000
[HalfCheetah-v4] seed= 55 t=  702,000  ep= 702  ep_reward=  7766.65  ep_steps=1000
[HalfCheetah-v4] seed= 55 t=  703,000  ep= 703  ep_reward=  7879.48  ep_steps=1000
[HalfCheetah-v4] seed= 55 t=  704,000  ep= 704  ep_reward=  7931.34  ep_steps=1000
[HalfCheetah-v4] seed= 55 t=  705,000  ep= 705  ep_reward=  8098.15  ep_steps=1000
[HalfCheetah-v4] seed= 55 t=  706,000  ep= 706  ep_reward=  7868.18  ep_steps=1000
[HalfCheetah-v4] seed= 55 t=  707,000  ep= 707  ep_reward=  8057.49  ep_steps=1000
[HalfCheetah-v4] seed= 55 t=  708,000  ep= 708  ep_reward=  7768.49  ep_steps=1000
[HalfCheetah-v4] seed= 55 t=  709,000  ep= 709  ep_reward=  7917.01  ep_steps=1000
[HalfCheetah-v4] seed= 55 t=  710,000  ep= 710  ep_reward=  7913.24  ep_steps=1000
  *** Eval  t=  710,000  avg_reward=  8761.36  (10 eps)  elapsed=49.7min ***
[HalfCheetah-v4] seed= 55 t=  711,000  ep= 711  ep_reward=  7839.86  ep_steps=1000
[HalfCheetah-v4] seed= 55 t=  712,000  ep= 712  ep_reward=  8068.36  ep_steps=1000
[HalfCheetah-v4] seed= 55 t=  713,000  ep= 713  ep_reward=  7837.28  ep_steps=1000
[HalfCheetah-v4] seed= 55 t=  714,000  ep= 714  ep_reward=  7961.25  ep_steps=1000
[HalfCheetah-v4] seed= 55 t=  715,000  ep= 715  ep_reward=  7927.12  ep_steps=1000
[HalfCheetah-v4] seed= 55 t=  716,000  ep= 716  ep_reward=  7921.74  ep_steps=1000
[HalfCheetah-v4] seed= 55 t=  717,000  ep= 717  ep_reward=  7835.99  ep_steps=1000
[HalfCheetah-v4] seed= 55 t=  718,000  ep= 718  ep_reward=  7771.73  ep_steps=1000
[HalfCheetah-v4] seed= 55 t=  719,000  ep= 719  ep_reward=  7868.85  ep_steps=1000
[HalfCheetah-v4] seed= 55 t=  720,000  ep= 720  ep_reward=  8038.99  ep_steps=1000
  *** Eval  t=  720,000  avg_reward=  8688.21  (10 eps)  elapsed=50.4min ***
[HalfCheetah-v4] seed= 55 t=  721,000  ep= 721  ep_reward=  7845.35  ep_steps=1000
[HalfCheetah-v4] seed= 55 t=  722,000  ep= 722  ep_reward=  8009.29  ep_steps=1000
[HalfCheetah-v4] seed= 55 t=  723,000  ep= 723  ep_reward=  7941.81  ep_steps=1000
[HalfCheetah-v4] seed= 55 t=  724,000  ep= 724  ep_reward=  7694.35  ep_steps=1000
[HalfCheetah-v4] seed= 55 t=  725,000  ep= 725  ep_reward=  8017.24  ep_steps=1000
[HalfCheetah-v4] seed= 55 t=  726,000  ep= 726  ep_reward=  7859.84  ep_steps=1000
[HalfCheetah-v4] seed= 55 t=  727,000  ep= 727  ep_reward=  8029.03  ep_steps=1000
[HalfCheetah-v4] seed= 55 t=  728,000  ep= 728  ep_reward=  8021.65  ep_steps=1000
[HalfCheetah-v4] seed= 55 t=  729,000  ep= 729  ep_reward=  8070.70  ep_steps=1000
[HalfCheetah-v4] seed= 55 t=  730,000  ep= 730  ep_reward=  7830.70  ep_steps=1000
  *** Eval  t=  730,000  avg_reward=  8677.86  (10 eps)  elapsed=51.1min ***
[HalfCheetah-v4] seed= 55 t=  731,000  ep= 731  ep_reward=  7960.01  ep_steps=1000
[HalfCheetah-v4] seed= 55 t=  732,000  ep= 732  ep_reward=  8066.28  ep_steps=1000
[HalfCheetah-v4] seed= 55 t=  733,000  ep= 733  ep_reward=  8005.39  ep_steps=1000
[HalfCheetah-v4] seed= 55 t=  734,000  ep= 734  ep_reward=  7981.85  ep_steps=1000
[HalfCheetah-v4] seed= 55 t=  735,000  ep= 735  ep_reward=  7868.40  ep_steps=1000
[HalfCheetah-v4] seed= 55 t=  736,000  ep= 736  ep_reward=  8052.09  ep_steps=1000
[HalfCheetah-v4] seed= 55 t=  737,000  ep= 737  ep_reward=  7836.69  ep_steps=1000
[HalfCheetah-v4] seed= 55 t=  738,000  ep= 738  ep_reward=  7974.40  ep_steps=1000
[HalfCheetah-v4] seed= 55 t=  739,000  ep= 739  ep_reward=  7912.67  ep_steps=1000
[HalfCheetah-v4] seed= 55 t=  740,000  ep= 740  ep_reward=  7936.95  ep_steps=1000
  *** Eval  t=  740,000  avg_reward=  8864.98  (10 eps)  elapsed=51.8min ***
[HalfCheetah-v4] seed= 55 t=  741,000  ep= 741  ep_reward=  7911.06  ep_steps=1000
[HalfCheetah-v4] seed= 55 t=  742,000  ep= 742  ep_reward=  7976.38  ep_steps=1000
[HalfCheetah-v4] seed= 55 t=  743,000  ep= 743  ep_reward=  8120.79  ep_steps=1000
[HalfCheetah-v4] seed= 55 t=  744,000  ep= 744  ep_reward=  7842.41  ep_steps=1000
[HalfCheetah-v4] seed= 55 t=  745,000  ep= 745  ep_reward=  7987.37  ep_steps=1000
[HalfCheetah-v4] seed= 55 t=  746,000  ep= 746  ep_reward=  8072.86  ep_steps=1000
[HalfCheetah-v4] seed= 55 t=  747,000  ep= 747  ep_reward=  7974.69  ep_steps=1000
[HalfCheetah-v4] seed= 55 t=  748,000  ep= 748  ep_reward=  8004.89  ep_steps=1000
[HalfCheetah-v4] seed= 55 t=  749,000  ep= 749  ep_reward=  7991.66  ep_steps=1000
[HalfCheetah-v4] seed= 55 t=  750,000  ep= 750  ep_reward=  7883.12  ep_steps=1000
  *** Eval  t=  750,000  avg_reward=  8946.56  (10 eps)  elapsed=52.5min ***
[HalfCheetah-v4] seed= 55 t=  751,000  ep= 751  ep_reward=  8055.53  ep_steps=1000
[HalfCheetah-v4] seed= 55 t=  752,000  ep= 752  ep_reward=  8029.73  ep_steps=1000
[HalfCheetah-v4] seed= 55 t=  753,000  ep= 753  ep_reward=  7951.48  ep_steps=1000
[HalfCheetah-v4] seed= 55 t=  754,000  ep= 754  ep_reward=  7863.09  ep_steps=1000
[HalfCheetah-v4] seed= 55 t=  755,000  ep= 755  ep_reward=  7756.74  ep_steps=1000
[HalfCheetah-v4] seed= 55 t=  756,000  ep= 756  ep_reward=  8036.60  ep_steps=1000
[HalfCheetah-v4] seed= 55 t=  757,000  ep= 757  ep_reward=  8069.63  ep_steps=1000
[HalfCheetah-v4] seed= 55 t=  758,000  ep= 758  ep_reward=  7862.22  ep_steps=1000
[HalfCheetah-v4] seed= 55 t=  759,000  ep= 759  ep_reward=  8064.55  ep_steps=1000
[HalfCheetah-v4] seed= 55 t=  760,000  ep= 760  ep_reward=  8139.46  ep_steps=1000
  *** Eval  t=  760,000  avg_reward=  8809.72  (10 eps)  elapsed=53.2min ***
[HalfCheetah-v4] seed= 55 t=  761,000  ep= 761  ep_reward=  7769.35  ep_steps=1000
[HalfCheetah-v4] seed= 55 t=  762,000  ep= 762  ep_reward=  7977.27  ep_steps=1000
[HalfCheetah-v4] seed= 55 t=  763,000  ep= 763  ep_reward=  8026.35  ep_steps=1000
[HalfCheetah-v4] seed= 55 t=  764,000  ep= 764  ep_reward=  7975.55  ep_steps=1000
[HalfCheetah-v4] seed= 55 t=  765,000  ep= 765  ep_reward=  8210.88  ep_steps=1000
[HalfCheetah-v4] seed= 55 t=  766,000  ep= 766  ep_reward=  7849.03  ep_steps=1000
[HalfCheetah-v4] seed= 55 t=  767,000  ep= 767  ep_reward=  8021.93  ep_steps=1000
[HalfCheetah-v4] seed= 55 t=  768,000  ep= 768  ep_reward=  7813.94  ep_steps=1000
[HalfCheetah-v4] seed= 55 t=  769,000  ep= 769  ep_reward=  7898.61  ep_steps=1000
[HalfCheetah-v4] seed= 55 t=  770,000  ep= 770  ep_reward=  7871.78  ep_steps=1000
  *** Eval  t=  770,000  avg_reward=  8915.74  (10 eps)  elapsed=53.9min ***
[HalfCheetah-v4] seed= 55 t=  771,000  ep= 771  ep_reward=  7948.17  ep_steps=1000
[HalfCheetah-v4] seed= 55 t=  772,000  ep= 772  ep_reward=  7874.44  ep_steps=1000
[HalfCheetah-v4] seed= 55 t=  773,000  ep= 773  ep_reward=  8071.34  ep_steps=1000
[HalfCheetah-v4] seed= 55 t=  774,000  ep= 774  ep_reward=  8070.77  ep_steps=1000
[HalfCheetah-v4] seed= 55 t=  775,000  ep= 775  ep_reward=  8085.59  ep_steps=1000
[HalfCheetah-v4] seed= 55 t=  776,000  ep= 776  ep_reward=  8021.27  ep_steps=1000
[HalfCheetah-v4] seed= 55 t=  777,000  ep= 777  ep_reward=  7944.30  ep_steps=1000
[HalfCheetah-v4] seed= 55 t=  778,000  ep= 778  ep_reward=  7994.04  ep_steps=1000
[HalfCheetah-v4] seed= 55 t=  779,000  ep= 779  ep_reward=  8031.57  ep_steps=1000
[HalfCheetah-v4] seed= 55 t=  780,000  ep= 780  ep_reward=  7787.53  ep_steps=1000
  *** Eval  t=  780,000  avg_reward=  9570.06  (10 eps)  elapsed=54.6min ***
[HalfCheetah-v4] seed= 55 t=  781,000  ep= 781  ep_reward=  8124.17  ep_steps=1000
[HalfCheetah-v4] seed= 55 t=  782,000  ep= 782  ep_reward=  8062.01  ep_steps=1000
[HalfCheetah-v4] seed= 55 t=  783,000  ep= 783  ep_reward=  8263.94  ep_steps=1000
[HalfCheetah-v4] seed= 55 t=  784,000  ep= 784  ep_reward=  8047.05  ep_steps=1000
[HalfCheetah-v4] seed= 55 t=  785,000  ep= 785  ep_reward=  8227.60  ep_steps=1000
[HalfCheetah-v4] seed= 55 t=  786,000  ep= 786  ep_reward=  7968.23  ep_steps=1000
[HalfCheetah-v4] seed= 55 t=  787,000  ep= 787  ep_reward=  7987.31  ep_steps=1000
[HalfCheetah-v4] seed= 55 t=  788,000  ep= 788  ep_reward=  8025.80  ep_steps=1000
[HalfCheetah-v4] seed= 55 t=  789,000  ep= 789  ep_reward=  8029.80  ep_steps=1000
[HalfCheetah-v4] seed= 55 t=  790,000  ep= 790  ep_reward=  7994.08  ep_steps=1000
  *** Eval  t=  790,000  avg_reward=  8944.48  (10 eps)  elapsed=55.3min ***
[HalfCheetah-v4] seed= 55 t=  791,000  ep= 791  ep_reward=  8075.66  ep_steps=1000
[HalfCheetah-v4] seed= 55 t=  792,000  ep= 792  ep_reward=  8240.57  ep_steps=1000
[HalfCheetah-v4] seed= 55 t=  793,000  ep= 793  ep_reward=  8142.27  ep_steps=1000
[HalfCheetah-v4] seed= 55 t=  794,000  ep= 794  ep_reward=  8173.59  ep_steps=1000
[HalfCheetah-v4] seed= 55 t=  795,000  ep= 795  ep_reward=  8098.27  ep_steps=1000
[HalfCheetah-v4] seed= 55 t=  796,000  ep= 796  ep_reward=  7939.40  ep_steps=1000
[HalfCheetah-v4] seed= 55 t=  797,000  ep= 797  ep_reward=  7898.54  ep_steps=1000
[HalfCheetah-v4] seed= 55 t=  798,000  ep= 798  ep_reward=  8074.39  ep_steps=1000
[HalfCheetah-v4] seed= 55 t=  799,000  ep= 799  ep_reward=  8060.14  ep_steps=1000
[HalfCheetah-v4] seed= 55 t=  800,000  ep= 800  ep_reward=  8055.70  ep_steps=1000
  *** Eval  t=  800,000  avg_reward=  8908.60  (10 eps)  elapsed=56.1min ***
[HalfCheetah-v4] seed= 55 t=  801,000  ep= 801  ep_reward=  7729.70  ep_steps=1000
[HalfCheetah-v4] seed= 55 t=  802,000  ep= 802  ep_reward=  8220.33  ep_steps=1000
[HalfCheetah-v4] seed= 55 t=  803,000  ep= 803  ep_reward=  7864.69  ep_steps=1000
[HalfCheetah-v4] seed= 55 t=  804,000  ep= 804  ep_reward=  8052.21  ep_steps=1000
[HalfCheetah-v4] seed= 55 t=  805,000  ep= 805  ep_reward=  7870.84  ep_steps=1000
[HalfCheetah-v4] seed= 55 t=  806,000  ep= 806  ep_reward=  7914.81  ep_steps=1000
[HalfCheetah-v4] seed= 55 t=  807,000  ep= 807  ep_reward=  8056.73  ep_steps=1000
[HalfCheetah-v4] seed= 55 t=  808,000  ep= 808  ep_reward=  8017.85  ep_steps=1000
[HalfCheetah-v4] seed= 55 t=  809,000  ep= 809  ep_reward=  7935.48  ep_steps=1000
[HalfCheetah-v4] seed= 55 t=  810,000  ep= 810  ep_reward=  7991.15  ep_steps=1000
  *** Eval  t=  810,000  avg_reward=  8793.17  (10 eps)  elapsed=56.8min ***
[HalfCheetah-v4] seed= 55 t=  811,000  ep= 811  ep_reward=  8017.74  ep_steps=1000
[HalfCheetah-v4] seed= 55 t=  812,000  ep= 812  ep_reward=  7897.45  ep_steps=1000
[HalfCheetah-v4] seed= 55 t=  813,000  ep= 813  ep_reward=  7758.48  ep_steps=1000
[HalfCheetah-v4] seed= 55 t=  814,000  ep= 814  ep_reward=  8177.14  ep_steps=1000
[HalfCheetah-v4] seed= 55 t=  815,000  ep= 815  ep_reward=  7905.59  ep_steps=1000
[HalfCheetah-v4] seed= 55 t=  816,000  ep= 816  ep_reward=  7895.49  ep_steps=1000
[HalfCheetah-v4] seed= 55 t=  817,000  ep= 817  ep_reward=  8056.35  ep_steps=1000
[HalfCheetah-v4] seed= 55 t=  818,000  ep= 818  ep_reward=  8138.18  ep_steps=1000
[HalfCheetah-v4] seed= 55 t=  819,000  ep= 819  ep_reward=  7932.22  ep_steps=1000
[HalfCheetah-v4] seed= 55 t=  820,000  ep= 820  ep_reward=  7919.66  ep_steps=1000
  *** Eval  t=  820,000  avg_reward=  8776.79  (10 eps)  elapsed=57.5min ***
[HalfCheetah-v4] seed= 55 t=  821,000  ep= 821  ep_reward=  7970.92  ep_steps=1000
[HalfCheetah-v4] seed= 55 t=  822,000  ep= 822  ep_reward=  8010.57  ep_steps=1000
[HalfCheetah-v4] seed= 55 t=  823,000  ep= 823  ep_reward=  7948.63  ep_steps=1000
[HalfCheetah-v4] seed= 55 t=  824,000  ep= 824  ep_reward=  8216.94  ep_steps=1000
[HalfCheetah-v4] seed= 55 t=  825,000  ep= 825  ep_reward=  8223.53  ep_steps=1000
[HalfCheetah-v4] seed= 55 t=  826,000  ep= 826  ep_reward=  8154.78  ep_steps=1000
[HalfCheetah-v4] seed= 55 t=  827,000  ep= 827  ep_reward=  8002.52  ep_steps=1000
[HalfCheetah-v4] seed= 55 t=  828,000  ep= 828  ep_reward=  8117.83  ep_steps=1000
[HalfCheetah-v4] seed= 55 t=  829,000  ep= 829  ep_reward=  7902.11  ep_steps=1000
[HalfCheetah-v4] seed= 55 t=  830,000  ep= 830  ep_reward=  8016.14  ep_steps=1000
  *** Eval  t=  830,000  avg_reward=  8901.70  (10 eps)  elapsed=58.2min ***
[HalfCheetah-v4] seed= 55 t=  831,000  ep= 831  ep_reward=  8042.42  ep_steps=1000
[HalfCheetah-v4] seed= 55 t=  832,000  ep= 832  ep_reward=  7863.26  ep_steps=1000
[HalfCheetah-v4] seed= 55 t=  833,000  ep= 833  ep_reward=  8224.82  ep_steps=1000
[HalfCheetah-v4] seed= 55 t=  834,000  ep= 834  ep_reward=  8096.63  ep_steps=1000
[HalfCheetah-v4] seed= 55 t=  835,000  ep= 835  ep_reward=  8135.75  ep_steps=1000
[HalfCheetah-v4] seed= 55 t=  836,000  ep= 836  ep_reward=  8138.34  ep_steps=1000
[HalfCheetah-v4] seed= 55 t=  837,000  ep= 837  ep_reward=  8230.68  ep_steps=1000
[HalfCheetah-v4] seed= 55 t=  838,000  ep= 838  ep_reward=  8121.64  ep_steps=1000
[HalfCheetah-v4] seed= 55 t=  839,000  ep= 839  ep_reward=  7996.96  ep_steps=1000
[HalfCheetah-v4] seed= 55 t=  840,000  ep= 840  ep_reward=  8013.99  ep_steps=1000
  *** Eval  t=  840,000  avg_reward=  9259.18  (10 eps)  elapsed=58.9min ***
[HalfCheetah-v4] seed= 55 t=  841,000  ep= 841  ep_reward=  8047.24  ep_steps=1000
[HalfCheetah-v4] seed= 55 t=  842,000  ep= 842  ep_reward=  8156.21  ep_steps=1000
[HalfCheetah-v4] seed= 55 t=  843,000  ep= 843  ep_reward=  8071.76  ep_steps=1000
[HalfCheetah-v4] seed= 55 t=  844,000  ep= 844  ep_reward=  7935.63  ep_steps=1000
[HalfCheetah-v4] seed= 55 t=  845,000  ep= 845  ep_reward=  8034.95  ep_steps=1000
[HalfCheetah-v4] seed= 55 t=  846,000  ep= 846  ep_reward=  7876.64  ep_steps=1000
[HalfCheetah-v4] seed= 55 t=  847,000  ep= 847  ep_reward=  7966.94  ep_steps=1000
[HalfCheetah-v4] seed= 55 t=  848,000  ep= 848  ep_reward=  8134.49  ep_steps=1000
[HalfCheetah-v4] seed= 55 t=  849,000  ep= 849  ep_reward=  8090.65  ep_steps=1000
[HalfCheetah-v4] seed= 55 t=  850,000  ep= 850  ep_reward=  8062.94  ep_steps=1000
  *** Eval  t=  850,000  avg_reward=  8978.64  (10 eps)  elapsed=59.6min ***
[HalfCheetah-v4] seed= 55 t=  851,000  ep= 851  ep_reward=  7985.69  ep_steps=1000
[HalfCheetah-v4] seed= 55 t=  852,000  ep= 852  ep_reward=  8232.05  ep_steps=1000
[HalfCheetah-v4] seed= 55 t=  853,000  ep= 853  ep_reward=  7946.37  ep_steps=1000
[HalfCheetah-v4] seed= 55 t=  854,000  ep= 854  ep_reward=  7895.26  ep_steps=1000
[HalfCheetah-v4] seed= 55 t=  855,000  ep= 855  ep_reward=  8095.16  ep_steps=1000
[HalfCheetah-v4] seed= 55 t=  856,000  ep= 856  ep_reward=  8178.18  ep_steps=1000
[HalfCheetah-v4] seed= 55 t=  857,000  ep= 857  ep_reward=  8034.27  ep_steps=1000
[HalfCheetah-v4] seed= 55 t=  858,000  ep= 858  ep_reward=  8356.54  ep_steps=1000
[HalfCheetah-v4] seed= 55 t=  859,000  ep= 859  ep_reward=  7926.18  ep_steps=1000
[HalfCheetah-v4] seed= 55 t=  860,000  ep= 860  ep_reward=  8085.93  ep_steps=1000
  *** Eval  t=  860,000  avg_reward=  9168.53  (10 eps)  elapsed=60.3min ***
[HalfCheetah-v4] seed= 55 t=  861,000  ep= 861  ep_reward=  8106.07  ep_steps=1000
[HalfCheetah-v4] seed= 55 t=  862,000  ep= 862  ep_reward=  8084.12  ep_steps=1000
[HalfCheetah-v4] seed= 55 t=  863,000  ep= 863  ep_reward=  8184.55  ep_steps=1000
[HalfCheetah-v4] seed= 55 t=  864,000  ep= 864  ep_reward=  8167.39  ep_steps=1000
[HalfCheetah-v4] seed= 55 t=  865,000  ep= 865  ep_reward=  8140.44  ep_steps=1000
[HalfCheetah-v4] seed= 55 t=  866,000  ep= 866  ep_reward=  7805.17  ep_steps=1000
[HalfCheetah-v4] seed= 55 t=  867,000  ep= 867  ep_reward=  8123.16  ep_steps=1000
[HalfCheetah-v4] seed= 55 t=  868,000  ep= 868  ep_reward=  8097.14  ep_steps=1000
[HalfCheetah-v4] seed= 55 t=  869,000  ep= 869  ep_reward=  8117.85  ep_steps=1000
[HalfCheetah-v4] seed= 55 t=  870,000  ep= 870  ep_reward=  8148.48  ep_steps=1000
  *** Eval  t=  870,000  avg_reward=  9002.19  (10 eps)  elapsed=61.0min ***
[HalfCheetah-v4] seed= 55 t=  871,000  ep= 871  ep_reward=  8169.31  ep_steps=1000
[HalfCheetah-v4] seed= 55 t=  872,000  ep= 872  ep_reward=  8160.79  ep_steps=1000
[HalfCheetah-v4] seed= 55 t=  873,000  ep= 873  ep_reward=  8052.67  ep_steps=1000
[HalfCheetah-v4] seed= 55 t=  874,000  ep= 874  ep_reward=  8102.55  ep_steps=1000
[HalfCheetah-v4] seed= 55 t=  875,000  ep= 875  ep_reward=  8232.01  ep_steps=1000
[HalfCheetah-v4] seed= 55 t=  876,000  ep= 876  ep_reward=  7988.73  ep_steps=1000
[HalfCheetah-v4] seed= 55 t=  877,000  ep= 877  ep_reward=  8057.58  ep_steps=1000
[HalfCheetah-v4] seed= 55 t=  878,000  ep= 878  ep_reward=  8161.91  ep_steps=1000
[HalfCheetah-v4] seed= 55 t=  879,000  ep= 879  ep_reward=  8260.25  ep_steps=1000
[HalfCheetah-v4] seed= 55 t=  880,000  ep= 880  ep_reward=  8104.16  ep_steps=1000
  *** Eval  t=  880,000  avg_reward=  9613.06  (10 eps)  elapsed=61.7min ***
[HalfCheetah-v4] seed= 55 t=  881,000  ep= 881  ep_reward=  7975.13  ep_steps=1000
[HalfCheetah-v4] seed= 55 t=  882,000  ep= 882  ep_reward=  8202.09  ep_steps=1000
[HalfCheetah-v4] seed= 55 t=  883,000  ep= 883  ep_reward=  7919.04  ep_steps=1000
[HalfCheetah-v4] seed= 55 t=  884,000  ep= 884  ep_reward=  8080.24  ep_steps=1000
[HalfCheetah-v4] seed= 55 t=  885,000  ep= 885  ep_reward=  8257.15  ep_steps=1000
[HalfCheetah-v4] seed= 55 t=  886,000  ep= 886  ep_reward=  8259.38  ep_steps=1000
[HalfCheetah-v4] seed= 55 t=  887,000  ep= 887  ep_reward=  8232.13  ep_steps=1000
[HalfCheetah-v4] seed= 55 t=  888,000  ep= 888  ep_reward=  8073.70  ep_steps=1000
[HalfCheetah-v4] seed= 55 t=  889,000  ep= 889  ep_reward=  8164.90  ep_steps=1000
[HalfCheetah-v4] seed= 55 t=  890,000  ep= 890  ep_reward=  8245.75  ep_steps=1000
  *** Eval  t=  890,000  avg_reward=  9123.70  (10 eps)  elapsed=62.4min ***
[HalfCheetah-v4] seed= 55 t=  891,000  ep= 891  ep_reward=  7961.10  ep_steps=1000
[HalfCheetah-v4] seed= 55 t=  892,000  ep= 892  ep_reward=  8224.66  ep_steps=1000
[HalfCheetah-v4] seed= 55 t=  893,000  ep= 893  ep_reward=  8188.71  ep_steps=1000
[HalfCheetah-v4] seed= 55 t=  894,000  ep= 894  ep_reward=  8055.85  ep_steps=1000
[HalfCheetah-v4] seed= 55 t=  895,000  ep= 895  ep_reward=  8200.37  ep_steps=1000
[HalfCheetah-v4] seed= 55 t=  896,000  ep= 896  ep_reward=  7940.31  ep_steps=1000
[HalfCheetah-v4] seed= 55 t=  897,000  ep= 897  ep_reward=  8017.14  ep_steps=1000
[HalfCheetah-v4] seed= 55 t=  898,000  ep= 898  ep_reward=  8000.54  ep_steps=1000
[HalfCheetah-v4] seed= 55 t=  899,000  ep= 899  ep_reward=  8052.63  ep_steps=1000
[HalfCheetah-v4] seed= 55 t=  900,000  ep= 900  ep_reward=  8081.69  ep_steps=1000
  *** Eval  t=  900,000  avg_reward=  8907.11  (10 eps)  elapsed=63.2min ***
[HalfCheetah-v4] seed= 55 t=  901,000  ep= 901  ep_reward=  8109.02  ep_steps=1000
[HalfCheetah-v4] seed= 55 t=  902,000  ep= 902  ep_reward=  8113.97  ep_steps=1000
[HalfCheetah-v4] seed= 55 t=  903,000  ep= 903  ep_reward=  8143.00  ep_steps=1000
[HalfCheetah-v4] seed= 55 t=  904,000  ep= 904  ep_reward=  8166.45  ep_steps=1000
[HalfCheetah-v4] seed= 55 t=  905,000  ep= 905  ep_reward=  8185.05  ep_steps=1000
[HalfCheetah-v4] seed= 55 t=  906,000  ep= 906  ep_reward=  8310.43  ep_steps=1000
[HalfCheetah-v4] seed= 55 t=  907,000  ep= 907  ep_reward=  8227.22  ep_steps=1000
[HalfCheetah-v4] seed= 55 t=  908,000  ep= 908  ep_reward=  7963.09  ep_steps=1000
[HalfCheetah-v4] seed= 55 t=  909,000  ep= 909  ep_reward=  8159.26  ep_steps=1000
[HalfCheetah-v4] seed= 55 t=  910,000  ep= 910  ep_reward=  8314.78  ep_steps=1000
  *** Eval  t=  910,000  avg_reward=  8970.10  (10 eps)  elapsed=63.9min ***
[HalfCheetah-v4] seed= 55 t=  911,000  ep= 911  ep_reward=  8335.86  ep_steps=1000
[HalfCheetah-v4] seed= 55 t=  912,000  ep= 912  ep_reward=  8224.80  ep_steps=1000
[HalfCheetah-v4] seed= 55 t=  913,000  ep= 913  ep_reward=  7981.64  ep_steps=1000
[HalfCheetah-v4] seed= 55 t=  914,000  ep= 914  ep_reward=  8117.88  ep_steps=1000
[HalfCheetah-v4] seed= 55 t=  915,000  ep= 915  ep_reward=  8173.08  ep_steps=1000
[HalfCheetah-v4] seed= 55 t=  916,000  ep= 916  ep_reward=  8237.09  ep_steps=1000
[HalfCheetah-v4] seed= 55 t=  917,000  ep= 917  ep_reward=  8219.85  ep_steps=1000
[HalfCheetah-v4] seed= 55 t=  918,000  ep= 918  ep_reward=  8222.37  ep_steps=1000
[HalfCheetah-v4] seed= 55 t=  919,000  ep= 919  ep_reward=  8115.41  ep_steps=1000
[HalfCheetah-v4] seed= 55 t=  920,000  ep= 920  ep_reward=  8164.45  ep_steps=1000
  *** Eval  t=  920,000  avg_reward=  9383.07  (10 eps)  elapsed=64.6min ***
[HalfCheetah-v4] seed= 55 t=  921,000  ep= 921  ep_reward=  7838.87  ep_steps=1000
[HalfCheetah-v4] seed= 55 t=  922,000  ep= 922  ep_reward=  7943.48  ep_steps=1000
[HalfCheetah-v4] seed= 55 t=  923,000  ep= 923  ep_reward=  8384.79  ep_steps=1000
[HalfCheetah-v4] seed= 55 t=  924,000  ep= 924  ep_reward=  8044.76  ep_steps=1000
[HalfCheetah-v4] seed= 55 t=  925,000  ep= 925  ep_reward=  8192.32  ep_steps=1000
[HalfCheetah-v4] seed= 55 t=  926,000  ep= 926  ep_reward=  8132.26  ep_steps=1000
[HalfCheetah-v4] seed= 55 t=  927,000  ep= 927  ep_reward=  8153.16  ep_steps=1000
[HalfCheetah-v4] seed= 55 t=  928,000  ep= 928  ep_reward=  8302.94  ep_steps=1000
[HalfCheetah-v4] seed= 55 t=  929,000  ep= 929  ep_reward=  7940.23  ep_steps=1000
[HalfCheetah-v4] seed= 55 t=  930,000  ep= 930  ep_reward=  8215.58  ep_steps=1000
  *** Eval  t=  930,000  avg_reward=  9160.33  (10 eps)  elapsed=65.3min ***
[HalfCheetah-v4] seed= 55 t=  931,000  ep= 931  ep_reward=  8277.23  ep_steps=1000
[HalfCheetah-v4] seed= 55 t=  932,000  ep= 932  ep_reward=  8103.60  ep_steps=1000
[HalfCheetah-v4] seed= 55 t=  933,000  ep= 933  ep_reward=  8035.47  ep_steps=1000
[HalfCheetah-v4] seed= 55 t=  934,000  ep= 934  ep_reward=  8225.30  ep_steps=1000
[HalfCheetah-v4] seed= 55 t=  935,000  ep= 935  ep_reward=  8104.38  ep_steps=1000
[HalfCheetah-v4] seed= 55 t=  936,000  ep= 936  ep_reward=  8043.91  ep_steps=1000
[HalfCheetah-v4] seed= 55 t=  937,000  ep= 937  ep_reward=  8262.96  ep_steps=1000
[HalfCheetah-v4] seed= 55 t=  938,000  ep= 938  ep_reward=  8243.72  ep_steps=1000
[HalfCheetah-v4] seed= 55 t=  939,000  ep= 939  ep_reward=  8258.18  ep_steps=1000
[HalfCheetah-v4] seed= 55 t=  940,000  ep= 940  ep_reward=  8128.13  ep_steps=1000
  *** Eval  t=  940,000  avg_reward=  9621.71  (10 eps)  elapsed=66.0min ***
[HalfCheetah-v4] seed= 55 t=  941,000  ep= 941  ep_reward=  8151.81  ep_steps=1000
[HalfCheetah-v4] seed= 55 t=  942,000  ep= 942  ep_reward=  8490.91  ep_steps=1000
[HalfCheetah-v4] seed= 55 t=  943,000  ep= 943  ep_reward=  8192.97  ep_steps=1000
[HalfCheetah-v4] seed= 55 t=  944,000  ep= 944  ep_reward=  8115.10  ep_steps=1000
[HalfCheetah-v4] seed= 55 t=  945,000  ep= 945  ep_reward=  8184.09  ep_steps=1000
[HalfCheetah-v4] seed= 55 t=  946,000  ep= 946  ep_reward=  8236.46  ep_steps=1000
[HalfCheetah-v4] seed= 55 t=  947,000  ep= 947  ep_reward=  8227.55  ep_steps=1000
[HalfCheetah-v4] seed= 55 t=  948,000  ep= 948  ep_reward=  8193.01  ep_steps=1000
[HalfCheetah-v4] seed= 55 t=  949,000  ep= 949  ep_reward=  8106.12  ep_steps=1000
[HalfCheetah-v4] seed= 55 t=  950,000  ep= 950  ep_reward=  8140.08  ep_steps=1000
  *** Eval  t=  950,000  avg_reward=  9565.44  (10 eps)  elapsed=66.7min ***
[HalfCheetah-v4] seed= 55 t=  951,000  ep= 951  ep_reward=  8201.15  ep_steps=1000
[HalfCheetah-v4] seed= 55 t=  952,000  ep= 952  ep_reward=  8272.47  ep_steps=1000
[HalfCheetah-v4] seed= 55 t=  953,000  ep= 953  ep_reward=  8221.24  ep_steps=1000
[HalfCheetah-v4] seed= 55 t=  954,000  ep= 954  ep_reward=  8237.88  ep_steps=1000
[HalfCheetah-v4] seed= 55 t=  955,000  ep= 955  ep_reward=  8430.20  ep_steps=1000
[HalfCheetah-v4] seed= 55 t=  956,000  ep= 956  ep_reward=  8251.53  ep_steps=1000
[HalfCheetah-v4] seed= 55 t=  957,000  ep= 957  ep_reward=  8249.14  ep_steps=1000
[HalfCheetah-v4] seed= 55 t=  958,000  ep= 958  ep_reward=  8169.76  ep_steps=1000
[HalfCheetah-v4] seed= 55 t=  959,000  ep= 959  ep_reward=  8124.18  ep_steps=1000
[HalfCheetah-v4] seed= 55 t=  960,000  ep= 960  ep_reward=  7970.26  ep_steps=1000
  *** Eval  t=  960,000  avg_reward=  8993.45  (10 eps)  elapsed=67.4min ***
[HalfCheetah-v4] seed= 55 t=  961,000  ep= 961  ep_reward=  8089.78  ep_steps=1000
[HalfCheetah-v4] seed= 55 t=  962,000  ep= 962  ep_reward=  8060.32  ep_steps=1000
[HalfCheetah-v4] seed= 55 t=  963,000  ep= 963  ep_reward=  8220.81  ep_steps=1000
[HalfCheetah-v4] seed= 55 t=  964,000  ep= 964  ep_reward=  8033.01  ep_steps=1000
[HalfCheetah-v4] seed= 55 t=  965,000  ep= 965  ep_reward=  8194.27  ep_steps=1000
[HalfCheetah-v4] seed= 55 t=  966,000  ep= 966  ep_reward=  8155.51  ep_steps=1000
[HalfCheetah-v4] seed= 55 t=  967,000  ep= 967  ep_reward=  8109.90  ep_steps=1000
[HalfCheetah-v4] seed= 55 t=  968,000  ep= 968  ep_reward=  8239.26  ep_steps=1000
[HalfCheetah-v4] seed= 55 t=  969,000  ep= 969  ep_reward=  8276.90  ep_steps=1000
[HalfCheetah-v4] seed= 55 t=  970,000  ep= 970  ep_reward=  8161.90  ep_steps=1000
  *** Eval  t=  970,000  avg_reward=  9140.75  (10 eps)  elapsed=68.1min ***
[HalfCheetah-v4] seed= 55 t=  971,000  ep= 971  ep_reward=  8250.18  ep_steps=1000
[HalfCheetah-v4] seed= 55 t=  972,000  ep= 972  ep_reward=  8230.15  ep_steps=1000
[HalfCheetah-v4] seed= 55 t=  973,000  ep= 973  ep_reward=  8226.01  ep_steps=1000
[HalfCheetah-v4] seed= 55 t=  974,000  ep= 974  ep_reward=  8177.19  ep_steps=1000
[HalfCheetah-v4] seed= 55 t=  975,000  ep= 975  ep_reward=  8194.53  ep_steps=1000
[HalfCheetah-v4] seed= 55 t=  976,000  ep= 976  ep_reward=  8138.26  ep_steps=1000
[HalfCheetah-v4] seed= 55 t=  977,000  ep= 977  ep_reward=  8226.80  ep_steps=1000
[HalfCheetah-v4] seed= 55 t=  978,000  ep= 978  ep_reward=  8153.11  ep_steps=1000
[HalfCheetah-v4] seed= 55 t=  979,000  ep= 979  ep_reward=  8339.88  ep_steps=1000
[HalfCheetah-v4] seed= 55 t=  980,000  ep= 980  ep_reward=  8252.27  ep_steps=1000
  *** Eval  t=  980,000  avg_reward=  9016.37  (10 eps)  elapsed=68.8min ***
[HalfCheetah-v4] seed= 55 t=  981,000  ep= 981  ep_reward=  8216.31  ep_steps=1000
[HalfCheetah-v4] seed= 55 t=  982,000  ep= 982  ep_reward=  8279.78  ep_steps=1000
[HalfCheetah-v4] seed= 55 t=  983,000  ep= 983  ep_reward=  8285.81  ep_steps=1000
[HalfCheetah-v4] seed= 55 t=  984,000  ep= 984  ep_reward=  8110.32  ep_steps=1000
[HalfCheetah-v4] seed= 55 t=  985,000  ep= 985  ep_reward=  8080.87  ep_steps=1000
[HalfCheetah-v4] seed= 55 t=  986,000  ep= 986  ep_reward=  8247.78  ep_steps=1000
[HalfCheetah-v4] seed= 55 t=  987,000  ep= 987  ep_reward=  8178.01  ep_steps=1000
[HalfCheetah-v4] seed= 55 t=  988,000  ep= 988  ep_reward=  7874.67  ep_steps=1000
[HalfCheetah-v4] seed= 55 t=  989,000  ep= 989  ep_reward=  8210.84  ep_steps=1000
[HalfCheetah-v4] seed= 55 t=  990,000  ep= 990  ep_reward=  8152.24  ep_steps=1000
  *** Eval  t=  990,000  avg_reward=  8938.12  (10 eps)  elapsed=69.5min ***
[HalfCheetah-v4] seed= 55 t=  991,000  ep= 991  ep_reward=  8410.09  ep_steps=1000
[HalfCheetah-v4] seed= 55 t=  992,000  ep= 992  ep_reward=  8429.46  ep_steps=1000
[HalfCheetah-v4] seed= 55 t=  993,000  ep= 993  ep_reward=  8102.88  ep_steps=1000
[HalfCheetah-v4] seed= 55 t=  994,000  ep= 994  ep_reward=  8227.67  ep_steps=1000
[HalfCheetah-v4] seed= 55 t=  995,000  ep= 995  ep_reward=  8235.12  ep_steps=1000
[HalfCheetah-v4] seed= 55 t=  996,000  ep= 996  ep_reward=  8149.16  ep_steps=1000
[HalfCheetah-v4] seed= 55 t=  997,000  ep= 997  ep_reward=  8371.35  ep_steps=1000
[HalfCheetah-v4] seed= 55 t=  998,000  ep= 998  ep_reward=  8059.11  ep_steps=1000
[HalfCheetah-v4] seed= 55 t=  999,000  ep= 999  ep_reward=  8332.36  ep_steps=1000
[HalfCheetah-v4] seed= 55 t=1,000,000  ep=1000  ep_reward=  8148.38  ep_steps=1000
  *** Eval  t=1,000,000  avg_reward=  9113.49  (10 eps)  elapsed=70.3min ***
[HalfCheetah-v4] seed= 55 t=1,001,000  ep=1001  ep_reward=  8338.41  ep_steps=1000
[HalfCheetah-v4] seed= 55 t=1,002,000  ep=1002  ep_reward=  8299.56  ep_steps=1000
[HalfCheetah-v4] seed= 55 t=1,003,000  ep=1003  ep_reward=  8199.44  ep_steps=1000
[HalfCheetah-v4] seed= 55 t=1,004,000  ep=1004  ep_reward=  8200.32  ep_steps=1000
[HalfCheetah-v4] seed= 55 t=1,005,000  ep=1005  ep_reward=  8317.63  ep_steps=1000
[HalfCheetah-v4] seed= 55 t=1,006,000  ep=1006  ep_reward=  8259.00  ep_steps=1000
[HalfCheetah-v4] seed= 55 t=1,007,000  ep=1007  ep_reward=  8141.97  ep_steps=1000
[HalfCheetah-v4] seed= 55 t=1,008,000  ep=1008  ep_reward=  8117.20  ep_steps=1000
[HalfCheetah-v4] seed= 55 t=1,009,000  ep=1009  ep_reward=  8369.59  ep_steps=1000
[HalfCheetah-v4] seed= 55 t=1,010,000  ep=1010  ep_reward=  8152.93  ep_steps=1000
  *** Eval  t=1,010,000  avg_reward=  9025.70  (10 eps)  elapsed=71.0min ***
[HalfCheetah-v4] seed= 55 t=1,011,000  ep=1011  ep_reward=  8151.88  ep_steps=1000
[HalfCheetah-v4] seed= 55 t=1,012,000  ep=1012  ep_reward=  8376.71  ep_steps=1000
[HalfCheetah-v4] seed= 55 t=1,013,000  ep=1013  ep_reward=  8172.30  ep_steps=1000
[HalfCheetah-v4] seed= 55 t=1,014,000  ep=1014  ep_reward=  8352.88  ep_steps=1000
[HalfCheetah-v4] seed= 55 t=1,015,000  ep=1015  ep_reward=  7963.82  ep_steps=1000
[HalfCheetah-v4] seed= 55 t=1,016,000  ep=1016  ep_reward=  8356.87  ep_steps=1000
[HalfCheetah-v4] seed= 55 t=1,017,000  ep=1017  ep_reward=  8441.20  ep_steps=1000
[HalfCheetah-v4] seed= 55 t=1,018,000  ep=1018  ep_reward=  8354.89  ep_steps=1000
[HalfCheetah-v4] seed= 55 t=1,019,000  ep=1019  ep_reward=  8318.80  ep_steps=1000
[HalfCheetah-v4] seed= 55 t=1,020,000  ep=1020  ep_reward=  8303.44  ep_steps=1000
  *** Eval  t=1,020,000  avg_reward=  9286.81  (10 eps)  elapsed=71.7min ***
[HalfCheetah-v4] seed= 55 t=1,021,000  ep=1021  ep_reward=  8300.88  ep_steps=1000
[HalfCheetah-v4] seed= 55 t=1,022,000  ep=1022  ep_reward=  8185.47  ep_steps=1000
[HalfCheetah-v4] seed= 55 t=1,023,000  ep=1023  ep_reward=  8178.26  ep_steps=1000
[HalfCheetah-v4] seed= 55 t=1,024,000  ep=1024  ep_reward=  8232.10  ep_steps=1000
[HalfCheetah-v4] seed= 55 t=1,025,000  ep=1025  ep_reward=  8248.85  ep_steps=1000
[HalfCheetah-v4] seed= 55 t=1,026,000  ep=1026  ep_reward=  8188.97  ep_steps=1000
[HalfCheetah-v4] seed= 55 t=1,027,000  ep=1027  ep_reward=  8208.44  ep_steps=1000
[HalfCheetah-v4] seed= 55 t=1,028,000  ep=1028  ep_reward=  8326.08  ep_steps=1000
[HalfCheetah-v4] seed= 55 t=1,029,000  ep=1029  ep_reward=  8316.48  ep_steps=1000
[HalfCheetah-v4] seed= 55 t=1,030,000  ep=1030  ep_reward=  8223.75  ep_steps=1000
  *** Eval  t=1,030,000  avg_reward=  9383.74  (10 eps)  elapsed=72.4min ***
[HalfCheetah-v4] seed= 55 t=1,031,000  ep=1031  ep_reward=  8275.79  ep_steps=1000
[HalfCheetah-v4] seed= 55 t=1,032,000  ep=1032  ep_reward=  8302.96  ep_steps=1000
[HalfCheetah-v4] seed= 55 t=1,033,000  ep=1033  ep_reward=  8183.00  ep_steps=1000
[HalfCheetah-v4] seed= 55 t=1,034,000  ep=1034  ep_reward=  8186.00  ep_steps=1000
[HalfCheetah-v4] seed= 55 t=1,035,000  ep=1035  ep_reward=  8090.53  ep_steps=1000
[HalfCheetah-v4] seed= 55 t=1,036,000  ep=1036  ep_reward=  8289.25  ep_steps=1000
[HalfCheetah-v4] seed= 55 t=1,037,000  ep=1037  ep_reward=  8211.82  ep_steps=1000
[HalfCheetah-v4] seed= 55 t=1,038,000  ep=1038  ep_reward=  8388.30  ep_steps=1000
[HalfCheetah-v4] seed= 55 t=1,039,000  ep=1039  ep_reward=  8415.63  ep_steps=1000
[HalfCheetah-v4] seed= 55 t=1,040,000  ep=1040  ep_reward=  8535.40  ep_steps=1000
  *** Eval  t=1,040,000  avg_reward=  9201.73  (10 eps)  elapsed=73.1min ***
[HalfCheetah-v4] seed= 55 t=1,041,000  ep=1041  ep_reward=  8267.04  ep_steps=1000
[HalfCheetah-v4] seed= 55 t=1,042,000  ep=1042  ep_reward=  8292.38  ep_steps=1000
[HalfCheetah-v4] seed= 55 t=1,043,000  ep=1043  ep_reward=  8378.87  ep_steps=1000
[HalfCheetah-v4] seed= 55 t=1,044,000  ep=1044  ep_reward=  8333.63  ep_steps=1000
[HalfCheetah-v4] seed= 55 t=1,045,000  ep=1045  ep_reward=  8400.89  ep_steps=1000
[HalfCheetah-v4] seed= 55 t=1,046,000  ep=1046  ep_reward=  8280.67  ep_steps=1000
[HalfCheetah-v4] seed= 55 t=1,047,000  ep=1047  ep_reward=  8445.68  ep_steps=1000
[HalfCheetah-v4] seed= 55 t=1,048,000  ep=1048  ep_reward=  8289.25  ep_steps=1000
[HalfCheetah-v4] seed= 55 t=1,049,000  ep=1049  ep_reward=  8331.29  ep_steps=1000
[HalfCheetah-v4] seed= 55 t=1,050,000  ep=1050  ep_reward=  8545.28  ep_steps=1000
  *** Eval  t=1,050,000  avg_reward=  9146.41  (10 eps)  elapsed=73.8min ***
[HalfCheetah-v4] seed= 55 t=1,051,000  ep=1051  ep_reward=  8177.22  ep_steps=1000
[HalfCheetah-v4] seed= 55 t=1,052,000  ep=1052  ep_reward=  8453.71  ep_steps=1000
[HalfCheetah-v4] seed= 55 t=1,053,000  ep=1053  ep_reward=  8377.84  ep_steps=1000
[HalfCheetah-v4] seed= 55 t=1,054,000  ep=1054  ep_reward=  8394.68  ep_steps=1000
[HalfCheetah-v4] seed= 55 t=1,055,000  ep=1055  ep_reward=  8378.07  ep_steps=1000
[HalfCheetah-v4] seed= 55 t=1,056,000  ep=1056  ep_reward=  8085.35  ep_steps=1000
[HalfCheetah-v4] seed= 55 t=1,057,000  ep=1057  ep_reward=  8321.14  ep_steps=1000
[HalfCheetah-v4] seed= 55 t=1,058,000  ep=1058  ep_reward=  8340.68  ep_steps=1000
[HalfCheetah-v4] seed= 55 t=1,059,000  ep=1059  ep_reward=  8306.77  ep_steps=1000
[HalfCheetah-v4] seed= 55 t=1,060,000  ep=1060  ep_reward=  8273.63  ep_steps=1000
  *** Eval  t=1,060,000  avg_reward=  8924.67  (10 eps)  elapsed=74.5min ***
[HalfCheetah-v4] seed= 55 t=1,061,000  ep=1061  ep_reward=  8060.41  ep_steps=1000
[HalfCheetah-v4] seed= 55 t=1,062,000  ep=1062  ep_reward=  8382.23  ep_steps=1000
[HalfCheetah-v4] seed= 55 t=1,063,000  ep=1063  ep_reward=  8373.48  ep_steps=1000
[HalfCheetah-v4] seed= 55 t=1,064,000  ep=1064  ep_reward=  7974.72  ep_steps=1000
[HalfCheetah-v4] seed= 55 t=1,065,000  ep=1065  ep_reward=  8422.92  ep_steps=1000
[HalfCheetah-v4] seed= 55 t=1,066,000  ep=1066  ep_reward=  8401.06  ep_steps=1000
[HalfCheetah-v4] seed= 55 t=1,067,000  ep=1067  ep_reward=  8374.93  ep_steps=1000
[HalfCheetah-v4] seed= 55 t=1,068,000  ep=1068  ep_reward=  8347.54  ep_steps=1000
[HalfCheetah-v4] seed= 55 t=1,069,000  ep=1069  ep_reward=  8221.41  ep_steps=1000
[HalfCheetah-v4] seed= 55 t=1,070,000  ep=1070  ep_reward=  8291.10  ep_steps=1000
  *** Eval  t=1,070,000  avg_reward=  8765.00  (10 eps)  elapsed=75.2min ***
[HalfCheetah-v4] seed= 55 t=1,071,000  ep=1071  ep_reward=  8392.60  ep_steps=1000
[HalfCheetah-v4] seed= 55 t=1,072,000  ep=1072  ep_reward=  8210.65  ep_steps=1000
[HalfCheetah-v4] seed= 55 t=1,073,000  ep=1073  ep_reward=  8339.85  ep_steps=1000
[HalfCheetah-v4] seed= 55 t=1,074,000  ep=1074  ep_reward=  8332.42  ep_steps=1000
[HalfCheetah-v4] seed= 55 t=1,075,000  ep=1075  ep_reward=  8373.25  ep_steps=1000
[HalfCheetah-v4] seed= 55 t=1,076,000  ep=1076  ep_reward=  8272.16  ep_steps=1000
[HalfCheetah-v4] seed= 55 t=1,077,000  ep=1077  ep_reward=  8345.36  ep_steps=1000
[HalfCheetah-v4] seed= 55 t=1,078,000  ep=1078  ep_reward=  8341.30  ep_steps=1000
[HalfCheetah-v4] seed= 55 t=1,079,000  ep=1079  ep_reward=  8378.41  ep_steps=1000
[HalfCheetah-v4] seed= 55 t=1,080,000  ep=1080  ep_reward=  8325.59  ep_steps=1000
  *** Eval  t=1,080,000  avg_reward=  9223.61  (10 eps)  elapsed=75.9min ***
[HalfCheetah-v4] seed= 55 t=1,081,000  ep=1081  ep_reward=  8460.90  ep_steps=1000
[HalfCheetah-v4] seed= 55 t=1,082,000  ep=1082  ep_reward=  8367.36  ep_steps=1000
[HalfCheetah-v4] seed= 55 t=1,083,000  ep=1083  ep_reward=  8486.73  ep_steps=1000
[HalfCheetah-v4] seed= 55 t=1,084,000  ep=1084  ep_reward=  8485.65  ep_steps=1000
[HalfCheetah-v4] seed= 55 t=1,085,000  ep=1085  ep_reward=  8435.58  ep_steps=1000
[HalfCheetah-v4] seed= 55 t=1,086,000  ep=1086  ep_reward=  8434.23  ep_steps=1000
[HalfCheetah-v4] seed= 55 t=1,087,000  ep=1087  ep_reward=  8319.81  ep_steps=1000
[HalfCheetah-v4] seed= 55 t=1,088,000  ep=1088  ep_reward=  8503.40  ep_steps=1000
[HalfCheetah-v4] seed= 55 t=1,089,000  ep=1089  ep_reward=  8360.81  ep_steps=1000
[HalfCheetah-v4] seed= 55 t=1,090,000  ep=1090  ep_reward=  8300.42  ep_steps=1000
  *** Eval  t=1,090,000  avg_reward=  9293.69  (10 eps)  elapsed=76.6min ***
[HalfCheetah-v4] seed= 55 t=1,091,000  ep=1091  ep_reward=  8393.36  ep_steps=1000
[HalfCheetah-v4] seed= 55 t=1,092,000  ep=1092  ep_reward=  8413.15  ep_steps=1000
[HalfCheetah-v4] seed= 55 t=1,093,000  ep=1093  ep_reward=  8365.09  ep_steps=1000
[HalfCheetah-v4] seed= 55 t=1,094,000  ep=1094  ep_reward=  8248.90  ep_steps=1000
[HalfCheetah-v4] seed= 55 t=1,095,000  ep=1095  ep_reward=  8332.03  ep_steps=1000
[HalfCheetah-v4] seed= 55 t=1,096,000  ep=1096  ep_reward=  8342.47  ep_steps=1000
[HalfCheetah-v4] seed= 55 t=1,097,000  ep=1097  ep_reward=  8621.41  ep_steps=1000
[HalfCheetah-v4] seed= 55 t=1,098,000  ep=1098  ep_reward=  8326.97  ep_steps=1000
[HalfCheetah-v4] seed= 55 t=1,099,000  ep=1099  ep_reward=  8474.34  ep_steps=1000
[HalfCheetah-v4] seed= 55 t=1,100,000  ep=1100  ep_reward=  8442.58  ep_steps=1000
  *** Eval  t=1,100,000  avg_reward=  8939.18  (10 eps)  elapsed=77.3min ***
[HalfCheetah-v4] seed= 55 t=1,101,000  ep=1101  ep_reward=  8394.61  ep_steps=1000
[HalfCheetah-v4] seed= 55 t=1,102,000  ep=1102  ep_reward=  8405.96  ep_steps=1000
[HalfCheetah-v4] seed= 55 t=1,103,000  ep=1103  ep_reward=  8424.96  ep_steps=1000
[HalfCheetah-v4] seed= 55 t=1,104,000  ep=1104  ep_reward=  8345.25  ep_steps=1000
[HalfCheetah-v4] seed= 55 t=1,105,000  ep=1105  ep_reward=  8472.33  ep_steps=1000
[HalfCheetah-v4] seed= 55 t=1,106,000  ep=1106  ep_reward=  8571.64  ep_steps=1000
[HalfCheetah-v4] seed= 55 t=1,107,000  ep=1107  ep_reward=  8131.28  ep_steps=1000
[HalfCheetah-v4] seed= 55 t=1,108,000  ep=1108  ep_reward=  8525.87  ep_steps=1000
[HalfCheetah-v4] seed= 55 t=1,109,000  ep=1109  ep_reward=  8519.93  ep_steps=1000
[HalfCheetah-v4] seed= 55 t=1,110,000  ep=1110  ep_reward=  8461.13  ep_steps=1000
  *** Eval  t=1,110,000  avg_reward=  9210.78  (10 eps)  elapsed=78.1min ***
[HalfCheetah-v4] seed= 55 t=1,111,000  ep=1111  ep_reward=  8435.41  ep_steps=1000
[HalfCheetah-v4] seed= 55 t=1,112,000  ep=1112  ep_reward=  8573.39  ep_steps=1000
[HalfCheetah-v4] seed= 55 t=1,113,000  ep=1113  ep_reward=  8577.36  ep_steps=1000
[HalfCheetah-v4] seed= 55 t=1,114,000  ep=1114  ep_reward=  8498.90  ep_steps=1000
[HalfCheetah-v4] seed= 55 t=1,115,000  ep=1115  ep_reward=  8006.16  ep_steps=1000
[HalfCheetah-v4] seed= 55 t=1,116,000  ep=1116  ep_reward=  8607.55  ep_steps=1000
[HalfCheetah-v4] seed= 55 t=1,117,000  ep=1117  ep_reward=  8452.84  ep_steps=1000
[HalfCheetah-v4] seed= 55 t=1,118,000  ep=1118  ep_reward=  8411.06  ep_steps=1000
[HalfCheetah-v4] seed= 55 t=1,119,000  ep=1119  ep_reward=  8398.35  ep_steps=1000
[HalfCheetah-v4] seed= 55 t=1,120,000  ep=1120  ep_reward=  8446.72  ep_steps=1000
  *** Eval  t=1,120,000  avg_reward=  9168.15  (10 eps)  elapsed=78.8min ***
[HalfCheetah-v4] seed= 55 t=1,121,000  ep=1121  ep_reward=  8571.05  ep_steps=1000
[HalfCheetah-v4] seed= 55 t=1,122,000  ep=1122  ep_reward=  8563.73  ep_steps=1000
[HalfCheetah-v4] seed= 55 t=1,123,000  ep=1123  ep_reward=  8516.08  ep_steps=1000
[HalfCheetah-v4] seed= 55 t=1,124,000  ep=1124  ep_reward=  8660.11  ep_steps=1000
[HalfCheetah-v4] seed= 55 t=1,125,000  ep=1125  ep_reward=  8510.09  ep_steps=1000
[HalfCheetah-v4] seed= 55 t=1,126,000  ep=1126  ep_reward=  8589.54  ep_steps=1000
[HalfCheetah-v4] seed= 55 t=1,127,000  ep=1127  ep_reward=  8504.24  ep_steps=1000
[HalfCheetah-v4] seed= 55 t=1,128,000  ep=1128  ep_reward=  8442.41  ep_steps=1000
[HalfCheetah-v4] seed= 55 t=1,129,000  ep=1129  ep_reward=  8685.08  ep_steps=1000
[HalfCheetah-v4] seed= 55 t=1,130,000  ep=1130  ep_reward=  8457.97  ep_steps=1000
  *** Eval  t=1,130,000  avg_reward=  9439.14  (10 eps)  elapsed=79.5min ***
[HalfCheetah-v4] seed= 55 t=1,131,000  ep=1131  ep_reward=  8464.86  ep_steps=1000
[HalfCheetah-v4] seed= 55 t=1,132,000  ep=1132  ep_reward=  8490.32  ep_steps=1000
[HalfCheetah-v4] seed= 55 t=1,133,000  ep=1133  ep_reward=  8386.65  ep_steps=1000
[HalfCheetah-v4] seed= 55 t=1,134,000  ep=1134  ep_reward=  8459.61  ep_steps=1000
[HalfCheetah-v4] seed= 55 t=1,135,000  ep=1135  ep_reward=  8367.96  ep_steps=1000
[HalfCheetah-v4] seed= 55 t=1,136,000  ep=1136  ep_reward=  8581.72  ep_steps=1000
[HalfCheetah-v4] seed= 55 t=1,137,000  ep=1137  ep_reward=  8632.15  ep_steps=1000
[HalfCheetah-v4] seed= 55 t=1,138,000  ep=1138  ep_reward=  8506.90  ep_steps=1000
[HalfCheetah-v4] seed= 55 t=1,139,000  ep=1139  ep_reward=  8577.65  ep_steps=1000
[HalfCheetah-v4] seed= 55 t=1,140,000  ep=1140  ep_reward=  8621.97  ep_steps=1000
  *** Eval  t=1,140,000  avg_reward=  9507.86  (10 eps)  elapsed=80.2min ***
[HalfCheetah-v4] seed= 55 t=1,141,000  ep=1141  ep_reward=  8362.49  ep_steps=1000
[HalfCheetah-v4] seed= 55 t=1,142,000  ep=1142  ep_reward=  8534.10  ep_steps=1000
[HalfCheetah-v4] seed= 55 t=1,143,000  ep=1143  ep_reward=  8478.40  ep_steps=1000
[HalfCheetah-v4] seed= 55 t=1,144,000  ep=1144  ep_reward=  8635.17  ep_steps=1000
[HalfCheetah-v4] seed= 55 t=1,145,000  ep=1145  ep_reward=  8552.32  ep_steps=1000
[HalfCheetah-v4] seed= 55 t=1,146,000  ep=1146  ep_reward=  8510.70  ep_steps=1000
[HalfCheetah-v4] seed= 55 t=1,147,000  ep=1147  ep_reward=  8348.98  ep_steps=1000
[HalfCheetah-v4] seed= 55 t=1,148,000  ep=1148  ep_reward=  8495.98  ep_steps=1000
[HalfCheetah-v4] seed= 55 t=1,149,000  ep=1149  ep_reward=  8534.00  ep_steps=1000
[HalfCheetah-v4] seed= 55 t=1,150,000  ep=1150  ep_reward=  8425.65  ep_steps=1000
  *** Eval  t=1,150,000  avg_reward=  8957.28  (10 eps)  elapsed=80.9min ***
[HalfCheetah-v4] seed= 55 t=1,151,000  ep=1151  ep_reward=  8684.75  ep_steps=1000
[HalfCheetah-v4] seed= 55 t=1,152,000  ep=1152  ep_reward=  8432.63  ep_steps=1000
[HalfCheetah-v4] seed= 55 t=1,153,000  ep=1153  ep_reward=  8570.10  ep_steps=1000
[HalfCheetah-v4] seed= 55 t=1,154,000  ep=1154  ep_reward=  8677.54  ep_steps=1000
[HalfCheetah-v4] seed= 55 t=1,155,000  ep=1155  ep_reward=  8457.95  ep_steps=1000
[HalfCheetah-v4] seed= 55 t=1,156,000  ep=1156  ep_reward=  8619.87  ep_steps=1000
[HalfCheetah-v4] seed= 55 t=1,157,000  ep=1157  ep_reward=  8561.57  ep_steps=1000
[HalfCheetah-v4] seed= 55 t=1,158,000  ep=1158  ep_reward=  8545.76  ep_steps=1000
[HalfCheetah-v4] seed= 55 t=1,159,000  ep=1159  ep_reward=  8540.84  ep_steps=1000
[HalfCheetah-v4] seed= 55 t=1,160,000  ep=1160  ep_reward=  8593.70  ep_steps=1000
  *** Eval  t=1,160,000  avg_reward=  9213.76  (10 eps)  elapsed=81.6min ***
[HalfCheetah-v4] seed= 55 t=1,161,000  ep=1161  ep_reward=  8615.15  ep_steps=1000
[HalfCheetah-v4] seed= 55 t=1,162,000  ep=1162  ep_reward=  8476.11  ep_steps=1000
[HalfCheetah-v4] seed= 55 t=1,163,000  ep=1163  ep_reward=  8648.22  ep_steps=1000
[HalfCheetah-v4] seed= 55 t=1,164,000  ep=1164  ep_reward=  8489.91  ep_steps=1000
[HalfCheetah-v4] seed= 55 t=1,165,000  ep=1165  ep_reward=  8640.83  ep_steps=1000
[HalfCheetah-v4] seed= 55 t=1,166,000  ep=1166  ep_reward=  8762.95  ep_steps=1000
[HalfCheetah-v4] seed= 55 t=1,167,000  ep=1167  ep_reward=  8606.00  ep_steps=1000
[HalfCheetah-v4] seed= 55 t=1,168,000  ep=1168  ep_reward=  8647.50  ep_steps=1000
[HalfCheetah-v4] seed= 55 t=1,169,000  ep=1169  ep_reward=  8577.78  ep_steps=1000
[HalfCheetah-v4] seed= 55 t=1,170,000  ep=1170  ep_reward=  8661.34  ep_steps=1000
  *** Eval  t=1,170,000  avg_reward=  9102.29  (10 eps)  elapsed=82.3min ***
[HalfCheetah-v4] seed= 55 t=1,171,000  ep=1171  ep_reward=  8552.34  ep_steps=1000
[HalfCheetah-v4] seed= 55 t=1,172,000  ep=1172  ep_reward=  8579.84  ep_steps=1000
[HalfCheetah-v4] seed= 55 t=1,173,000  ep=1173  ep_reward=  8500.02  ep_steps=1000
[HalfCheetah-v4] seed= 55 t=1,174,000  ep=1174  ep_reward=  8609.72  ep_steps=1000
[HalfCheetah-v4] seed= 55 t=1,175,000  ep=1175  ep_reward=  8644.39  ep_steps=1000
[HalfCheetah-v4] seed= 55 t=1,176,000  ep=1176  ep_reward=  8416.55  ep_steps=1000
[HalfCheetah-v4] seed= 55 t=1,177,000  ep=1177  ep_reward=  8575.05  ep_steps=1000
[HalfCheetah-v4] seed= 55 t=1,178,000  ep=1178  ep_reward=  8640.60  ep_steps=1000
[HalfCheetah-v4] seed= 55 t=1,179,000  ep=1179  ep_reward=  8562.46  ep_steps=1000
[HalfCheetah-v4] seed= 55 t=1,180,000  ep=1180  ep_reward=  8316.73  ep_steps=1000
  *** Eval  t=1,180,000  avg_reward=  9279.21  (10 eps)  elapsed=83.0min ***
[HalfCheetah-v4] seed= 55 t=1,181,000  ep=1181  ep_reward=  8522.03  ep_steps=1000
[HalfCheetah-v4] seed= 55 t=1,182,000  ep=1182  ep_reward=  8673.95  ep_steps=1000
[HalfCheetah-v4] seed= 55 t=1,183,000  ep=1183  ep_reward=  8585.78  ep_steps=1000
[HalfCheetah-v4] seed= 55 t=1,184,000  ep=1184  ep_reward=  8760.42  ep_steps=1000
[HalfCheetah-v4] seed= 55 t=1,185,000  ep=1185  ep_reward=  8675.40  ep_steps=1000
[HalfCheetah-v4] seed= 55 t=1,186,000  ep=1186  ep_reward=  8561.80  ep_steps=1000
[HalfCheetah-v4] seed= 55 t=1,187,000  ep=1187  ep_reward=  8776.20  ep_steps=1000
[HalfCheetah-v4] seed= 55 t=1,188,000  ep=1188  ep_reward=  8567.20  ep_steps=1000
[HalfCheetah-v4] seed= 55 t=1,189,000  ep=1189  ep_reward=  8537.70  ep_steps=1000
[HalfCheetah-v4] seed= 55 t=1,190,000  ep=1190  ep_reward=  8620.37  ep_steps=1000
  *** Eval  t=1,190,000  avg_reward=  9482.16  (10 eps)  elapsed=83.7min ***
[HalfCheetah-v4] seed= 55 t=1,191,000  ep=1191  ep_reward=  8576.74  ep_steps=1000
[HalfCheetah-v4] seed= 55 t=1,192,000  ep=1192  ep_reward=  8590.40  ep_steps=1000
[HalfCheetah-v4] seed= 55 t=1,193,000  ep=1193  ep_reward=  8608.98  ep_steps=1000
[HalfCheetah-v4] seed= 55 t=1,194,000  ep=1194  ep_reward=  8436.62  ep_steps=1000
[HalfCheetah-v4] seed= 55 t=1,195,000  ep=1195  ep_reward=  8748.05  ep_steps=1000
[HalfCheetah-v4] seed= 55 t=1,196,000  ep=1196  ep_reward=  8561.94  ep_steps=1000
[HalfCheetah-v4] seed= 55 t=1,197,000  ep=1197  ep_reward=  8739.52  ep_steps=1000
[HalfCheetah-v4] seed= 55 t=1,198,000  ep=1198  ep_reward=  8753.31  ep_steps=1000
[HalfCheetah-v4] seed= 55 t=1,199,000  ep=1199  ep_reward=  8553.80  ep_steps=1000
[HalfCheetah-v4] seed= 55 t=1,200,000  ep=1200  ep_reward=  8527.05  ep_steps=1000
  *** Eval  t=1,200,000  avg_reward=  9430.46  (10 eps)  elapsed=84.4min ***
[HalfCheetah-v4] seed= 55 t=1,201,000  ep=1201  ep_reward=  8587.37  ep_steps=1000
[HalfCheetah-v4] seed= 55 t=1,202,000  ep=1202  ep_reward=  8620.36  ep_steps=1000
[HalfCheetah-v4] seed= 55 t=1,203,000  ep=1203  ep_reward=  8558.76  ep_steps=1000
[HalfCheetah-v4] seed= 55 t=1,204,000  ep=1204  ep_reward=  8817.29  ep_steps=1000
[HalfCheetah-v4] seed= 55 t=1,205,000  ep=1205  ep_reward=  8616.80  ep_steps=1000
[HalfCheetah-v4] seed= 55 t=1,206,000  ep=1206  ep_reward=  8577.06  ep_steps=1000
[HalfCheetah-v4] seed= 55 t=1,207,000  ep=1207  ep_reward=  8761.42  ep_steps=1000
[HalfCheetah-v4] seed= 55 t=1,208,000  ep=1208  ep_reward=  8604.96  ep_steps=1000
[HalfCheetah-v4] seed= 55 t=1,209,000  ep=1209  ep_reward=  8646.35  ep_steps=1000
[HalfCheetah-v4] seed= 55 t=1,210,000  ep=1210  ep_reward=  8681.04  ep_steps=1000
  *** Eval  t=1,210,000  avg_reward=  9254.72  (10 eps)  elapsed=85.1min ***
[HalfCheetah-v4] seed= 55 t=1,211,000  ep=1211  ep_reward=  8715.56  ep_steps=1000
[HalfCheetah-v4] seed= 55 t=1,212,000  ep=1212  ep_reward=  8769.86  ep_steps=1000
[HalfCheetah-v4] seed= 55 t=1,213,000  ep=1213  ep_reward=  8683.77  ep_steps=1000
[HalfCheetah-v4] seed= 55 t=1,214,000  ep=1214  ep_reward=  8488.52  ep_steps=1000
[HalfCheetah-v4] seed= 55 t=1,215,000  ep=1215  ep_reward=  8700.52  ep_steps=1000
[HalfCheetah-v4] seed= 55 t=1,216,000  ep=1216  ep_reward=  8597.11  ep_steps=1000
[HalfCheetah-v4] seed= 55 t=1,217,000  ep=1217  ep_reward=  8535.56  ep_steps=1000
[HalfCheetah-v4] seed= 55 t=1,218,000  ep=1218  ep_reward=  8546.01  ep_steps=1000
[HalfCheetah-v4] seed= 55 t=1,219,000  ep=1219  ep_reward=  8864.83  ep_steps=1000
[HalfCheetah-v4] seed= 55 t=1,220,000  ep=1220  ep_reward=  8695.21  ep_steps=1000
  *** Eval  t=1,220,000  avg_reward=  9367.80  (10 eps)  elapsed=85.9min ***
[HalfCheetah-v4] seed= 55 t=1,221,000  ep=1221  ep_reward=  8608.08  ep_steps=1000
[HalfCheetah-v4] seed= 55 t=1,222,000  ep=1222  ep_reward=  8871.40  ep_steps=1000
[HalfCheetah-v4] seed= 55 t=1,223,000  ep=1223  ep_reward=  8766.27  ep_steps=1000
[HalfCheetah-v4] seed= 55 t=1,224,000  ep=1224  ep_reward=  8901.30  ep_steps=1000
[HalfCheetah-v4] seed= 55 t=1,225,000  ep=1225  ep_reward=  8587.28  ep_steps=1000
[HalfCheetah-v4] seed= 55 t=1,226,000  ep=1226  ep_reward=  8709.13  ep_steps=1000
[HalfCheetah-v4] seed= 55 t=1,227,000  ep=1227  ep_reward=  8780.33  ep_steps=1000
[HalfCheetah-v4] seed= 55 t=1,228,000  ep=1228  ep_reward=  8637.22  ep_steps=1000
[HalfCheetah-v4] seed= 55 t=1,229,000  ep=1229  ep_reward=  8770.74  ep_steps=1000
[HalfCheetah-v4] seed= 55 t=1,230,000  ep=1230  ep_reward=  8826.16  ep_steps=1000
  *** Eval  t=1,230,000  avg_reward=  9274.98  (10 eps)  elapsed=86.6min ***
[HalfCheetah-v4] seed= 55 t=1,231,000  ep=1231  ep_reward=  8692.88  ep_steps=1000
[HalfCheetah-v4] seed= 55 t=1,232,000  ep=1232  ep_reward=  8656.17  ep_steps=1000
[HalfCheetah-v4] seed= 55 t=1,233,000  ep=1233  ep_reward=  8779.73  ep_steps=1000
[HalfCheetah-v4] seed= 55 t=1,234,000  ep=1234  ep_reward=  8902.03  ep_steps=1000
[HalfCheetah-v4] seed= 55 t=1,235,000  ep=1235  ep_reward=  8869.67  ep_steps=1000
[HalfCheetah-v4] seed= 55 t=1,236,000  ep=1236  ep_reward=  8655.60  ep_steps=1000
[HalfCheetah-v4] seed= 55 t=1,237,000  ep=1237  ep_reward=  8617.02  ep_steps=1000
[HalfCheetah-v4] seed= 55 t=1,238,000  ep=1238  ep_reward=  8777.52  ep_steps=1000
[HalfCheetah-v4] seed= 55 t=1,239,000  ep=1239  ep_reward=  8671.62  ep_steps=1000
[HalfCheetah-v4] seed= 55 t=1,240,000  ep=1240  ep_reward=  8670.20  ep_steps=1000
  *** Eval  t=1,240,000  avg_reward=  9288.65  (10 eps)  elapsed=87.3min ***
[HalfCheetah-v4] seed= 55 t=1,241,000  ep=1241  ep_reward=  8958.02  ep_steps=1000
[HalfCheetah-v4] seed= 55 t=1,242,000  ep=1242  ep_reward=  8592.76  ep_steps=1000
[HalfCheetah-v4] seed= 55 t=1,243,000  ep=1243  ep_reward=  8856.81  ep_steps=1000
[HalfCheetah-v4] seed= 55 t=1,244,000  ep=1244  ep_reward=  8666.79  ep_steps=1000
[HalfCheetah-v4] seed= 55 t=1,245,000  ep=1245  ep_reward=  8783.70  ep_steps=1000
[HalfCheetah-v4] seed= 55 t=1,246,000  ep=1246  ep_reward=  8858.07  ep_steps=1000
[HalfCheetah-v4] seed= 55 t=1,247,000  ep=1247  ep_reward=  8792.33  ep_steps=1000
[HalfCheetah-v4] seed= 55 t=1,248,000  ep=1248  ep_reward=  8873.37  ep_steps=1000
[HalfCheetah-v4] seed= 55 t=1,249,000  ep=1249  ep_reward=  8715.12  ep_steps=1000
[HalfCheetah-v4] seed= 55 t=1,250,000  ep=1250  ep_reward=  8571.11  ep_steps=1000
  *** Eval  t=1,250,000  avg_reward=  9516.19  (10 eps)  elapsed=88.0min ***
[HalfCheetah-v4] seed= 55 t=1,251,000  ep=1251  ep_reward=  8806.71  ep_steps=1000
[HalfCheetah-v4] seed= 55 t=1,252,000  ep=1252  ep_reward=  8677.84  ep_steps=1000
[HalfCheetah-v4] seed= 55 t=1,253,000  ep=1253  ep_reward=  8946.40  ep_steps=1000
[HalfCheetah-v4] seed= 55 t=1,254,000  ep=1254  ep_reward=  8723.19  ep_steps=1000
[HalfCheetah-v4] seed= 55 t=1,255,000  ep=1255  ep_reward=  8679.67  ep_steps=1000
[HalfCheetah-v4] seed= 55 t=1,256,000  ep=1256  ep_reward=  8832.86  ep_steps=1000
[HalfCheetah-v4] seed= 55 t=1,257,000  ep=1257  ep_reward=  8785.39  ep_steps=1000
[HalfCheetah-v4] seed= 55 t=1,258,000  ep=1258  ep_reward=  8692.13  ep_steps=1000
[HalfCheetah-v4] seed= 55 t=1,259,000  ep=1259  ep_reward=  8788.01  ep_steps=1000
[HalfCheetah-v4] seed= 55 t=1,260,000  ep=1260  ep_reward=  8917.36  ep_steps=1000
  *** Eval  t=1,260,000  avg_reward=  9657.55  (10 eps)  elapsed=88.7min ***
[HalfCheetah-v4] seed= 55 t=1,261,000  ep=1261  ep_reward=  8896.63  ep_steps=1000
[HalfCheetah-v4] seed= 55 t=1,262,000  ep=1262  ep_reward=  8821.14  ep_steps=1000
[HalfCheetah-v4] seed= 55 t=1,263,000  ep=1263  ep_reward=  8842.75  ep_steps=1000
[HalfCheetah-v4] seed= 55 t=1,264,000  ep=1264  ep_reward=  8536.44  ep_steps=1000
[HalfCheetah-v4] seed= 55 t=1,265,000  ep=1265  ep_reward=  8939.69  ep_steps=1000
[HalfCheetah-v4] seed= 55 t=1,266,000  ep=1266  ep_reward=  8447.20  ep_steps=1000
[HalfCheetah-v4] seed= 55 t=1,267,000  ep=1267  ep_reward=  8846.39  ep_steps=1000
[HalfCheetah-v4] seed= 55 t=1,268,000  ep=1268  ep_reward=  8800.56  ep_steps=1000
[HalfCheetah-v4] seed= 55 t=1,269,000  ep=1269  ep_reward=  8866.85  ep_steps=1000
[HalfCheetah-v4] seed= 55 t=1,270,000  ep=1270  ep_reward=  8677.14  ep_steps=1000
  *** Eval  t=1,270,000  avg_reward=  9719.74  (10 eps)  elapsed=89.4min ***
[HalfCheetah-v4] seed= 55 t=1,271,000  ep=1271  ep_reward=  8855.73  ep_steps=1000
[HalfCheetah-v4] seed= 55 t=1,272,000  ep=1272  ep_reward=  8941.62  ep_steps=1000
[HalfCheetah-v4] seed= 55 t=1,273,000  ep=1273  ep_reward=  8748.25  ep_steps=1000
[HalfCheetah-v4] seed= 55 t=1,274,000  ep=1274  ep_reward=  8909.91  ep_steps=1000
[HalfCheetah-v4] seed= 55 t=1,275,000  ep=1275  ep_reward=  9027.82  ep_steps=1000
[HalfCheetah-v4] seed= 55 t=1,276,000  ep=1276  ep_reward=  8719.40  ep_steps=1000
[HalfCheetah-v4] seed= 55 t=1,277,000  ep=1277  ep_reward=  8809.66  ep_steps=1000
[HalfCheetah-v4] seed= 55 t=1,278,000  ep=1278  ep_reward=  8845.20  ep_steps=1000
[HalfCheetah-v4] seed= 55 t=1,279,000  ep=1279  ep_reward=  8733.77  ep_steps=1000
[HalfCheetah-v4] seed= 55 t=1,280,000  ep=1280  ep_reward=  8889.76  ep_steps=1000
  *** Eval  t=1,280,000  avg_reward=  9637.54  (10 eps)  elapsed=90.1min ***
[HalfCheetah-v4] seed= 55 t=1,281,000  ep=1281  ep_reward=  8837.57  ep_steps=1000
[HalfCheetah-v4] seed= 55 t=1,282,000  ep=1282  ep_reward=  8754.93  ep_steps=1000
[HalfCheetah-v4] seed= 55 t=1,283,000  ep=1283  ep_reward=  8575.32  ep_steps=1000
[HalfCheetah-v4] seed= 55 t=1,284,000  ep=1284  ep_reward=  8747.80  ep_steps=1000
[HalfCheetah-v4] seed= 55 t=1,285,000  ep=1285  ep_reward=  8848.92  ep_steps=1000
[HalfCheetah-v4] seed= 55 t=1,286,000  ep=1286  ep_reward=  8923.62  ep_steps=1000
[HalfCheetah-v4] seed= 55 t=1,287,000  ep=1287  ep_reward=  8929.40  ep_steps=1000
[HalfCheetah-v4] seed= 55 t=1,288,000  ep=1288  ep_reward=  8788.39  ep_steps=1000
[HalfCheetah-v4] seed= 55 t=1,289,000  ep=1289  ep_reward=  8933.64  ep_steps=1000
[HalfCheetah-v4] seed= 55 t=1,290,000  ep=1290  ep_reward=  8868.55  ep_steps=1000
  *** Eval  t=1,290,000  avg_reward=  9646.21  (10 eps)  elapsed=90.8min ***
[HalfCheetah-v4] seed= 55 t=1,291,000  ep=1291  ep_reward=  8923.28  ep_steps=1000
[HalfCheetah-v4] seed= 55 t=1,292,000  ep=1292  ep_reward=  8718.65  ep_steps=1000
[HalfCheetah-v4] seed= 55 t=1,293,000  ep=1293  ep_reward=  8699.53  ep_steps=1000
[HalfCheetah-v4] seed= 55 t=1,294,000  ep=1294  ep_reward=  8993.43  ep_steps=1000
[HalfCheetah-v4] seed= 55 t=1,295,000  ep=1295  ep_reward=  8949.04  ep_steps=1000
[HalfCheetah-v4] seed= 55 t=1,296,000  ep=1296  ep_reward=  8785.82  ep_steps=1000
[HalfCheetah-v4] seed= 55 t=1,297,000  ep=1297  ep_reward=  8853.80  ep_steps=1000
[HalfCheetah-v4] seed= 55 t=1,298,000  ep=1298  ep_reward=  8865.32  ep_steps=1000
[HalfCheetah-v4] seed= 55 t=1,299,000  ep=1299  ep_reward=  8747.50  ep_steps=1000
[HalfCheetah-v4] seed= 55 t=1,300,000  ep=1300  ep_reward=  8880.12  ep_steps=1000
  *** Eval  t=1,300,000  avg_reward=  9718.26  (10 eps)  elapsed=91.5min ***
[HalfCheetah-v4] seed= 55 t=1,301,000  ep=1301  ep_reward=  8895.04  ep_steps=1000
[HalfCheetah-v4] seed= 55 t=1,302,000  ep=1302  ep_reward=  8849.59  ep_steps=1000
[HalfCheetah-v4] seed= 55 t=1,303,000  ep=1303  ep_reward=  8894.55  ep_steps=1000
[HalfCheetah-v4] seed= 55 t=1,304,000  ep=1304  ep_reward=  8989.47  ep_steps=1000
[HalfCheetah-v4] seed= 55 t=1,305,000  ep=1305  ep_reward=  8739.81  ep_steps=1000
[HalfCheetah-v4] seed= 55 t=1,306,000  ep=1306  ep_reward=  8962.32  ep_steps=1000
[HalfCheetah-v4] seed= 55 t=1,307,000  ep=1307  ep_reward=  8935.72  ep_steps=1000
[HalfCheetah-v4] seed= 55 t=1,308,000  ep=1308  ep_reward=  8889.45  ep_steps=1000
[HalfCheetah-v4] seed= 55 t=1,309,000  ep=1309  ep_reward=  8919.69  ep_steps=1000
[HalfCheetah-v4] seed= 55 t=1,310,000  ep=1310  ep_reward=  8998.13  ep_steps=1000
  *** Eval  t=1,310,000  avg_reward=  9443.16  (10 eps)  elapsed=92.2min ***
[HalfCheetah-v4] seed= 55 t=1,311,000  ep=1311  ep_reward=  8810.10  ep_steps=1000
[HalfCheetah-v4] seed= 55 t=1,312,000  ep=1312  ep_reward=  9112.98  ep_steps=1000
[HalfCheetah-v4] seed= 55 t=1,313,000  ep=1313  ep_reward=  8812.28  ep_steps=1000
[HalfCheetah-v4] seed= 55 t=1,314,000  ep=1314  ep_reward=  9074.05  ep_steps=1000
[HalfCheetah-v4] seed= 55 t=1,315,000  ep=1315  ep_reward=  8903.00  ep_steps=1000
[HalfCheetah-v4] seed= 55 t=1,316,000  ep=1316  ep_reward=  8851.90  ep_steps=1000
[HalfCheetah-v4] seed= 55 t=1,317,000  ep=1317  ep_reward=  8874.61  ep_steps=1000
[HalfCheetah-v4] seed= 55 t=1,318,000  ep=1318  ep_reward=  8842.99  ep_steps=1000
[HalfCheetah-v4] seed= 55 t=1,319,000  ep=1319  ep_reward=  8971.51  ep_steps=1000
[HalfCheetah-v4] seed= 55 t=1,320,000  ep=1320  ep_reward=  8780.82  ep_steps=1000
  *** Eval  t=1,320,000  avg_reward=  9642.67  (10 eps)  elapsed=93.0min ***
[HalfCheetah-v4] seed= 55 t=1,321,000  ep=1321  ep_reward=  8802.12  ep_steps=1000
[HalfCheetah-v4] seed= 55 t=1,322,000  ep=1322  ep_reward=  9100.90  ep_steps=1000
[HalfCheetah-v4] seed= 55 t=1,323,000  ep=1323  ep_reward=  8970.55  ep_steps=1000
[HalfCheetah-v4] seed= 55 t=1,324,000  ep=1324  ep_reward=  9008.07  ep_steps=1000
[HalfCheetah-v4] seed= 55 t=1,325,000  ep=1325  ep_reward=  8920.70  ep_steps=1000
[HalfCheetah-v4] seed= 55 t=1,326,000  ep=1326  ep_reward=  8929.11  ep_steps=1000
[HalfCheetah-v4] seed= 55 t=1,327,000  ep=1327  ep_reward=  8941.55  ep_steps=1000
[HalfCheetah-v4] seed= 55 t=1,328,000  ep=1328  ep_reward=  8972.04  ep_steps=1000
[HalfCheetah-v4] seed= 55 t=1,329,000  ep=1329  ep_reward=  8995.88  ep_steps=1000
[HalfCheetah-v4] seed= 55 t=1,330,000  ep=1330  ep_reward=  8945.01  ep_steps=1000
  *** Eval  t=1,330,000  avg_reward=  9653.09  (10 eps)  elapsed=93.7min ***
[HalfCheetah-v4] seed= 55 t=1,331,000  ep=1331  ep_reward=  8848.21  ep_steps=1000
[HalfCheetah-v4] seed= 55 t=1,332,000  ep=1332  ep_reward=  8913.29  ep_steps=1000
[HalfCheetah-v4] seed= 55 t=1,333,000  ep=1333  ep_reward=  8829.65  ep_steps=1000
[HalfCheetah-v4] seed= 55 t=1,334,000  ep=1334  ep_reward=  8969.26  ep_steps=1000
[HalfCheetah-v4] seed= 55 t=1,335,000  ep=1335  ep_reward=  8733.07  ep_steps=1000
[HalfCheetah-v4] seed= 55 t=1,336,000  ep=1336  ep_reward=  9080.19  ep_steps=1000
[HalfCheetah-v4] seed= 55 t=1,337,000  ep=1337  ep_reward=  8891.15  ep_steps=1000
[HalfCheetah-v4] seed= 55 t=1,338,000  ep=1338  ep_reward=  9045.59  ep_steps=1000
[HalfCheetah-v4] seed= 55 t=1,339,000  ep=1339  ep_reward=  8954.06  ep_steps=1000
[HalfCheetah-v4] seed= 55 t=1,340,000  ep=1340  ep_reward=  8972.96  ep_steps=1000
  *** Eval  t=1,340,000  avg_reward=  9934.10  (10 eps)  elapsed=94.4min ***
[HalfCheetah-v4] seed= 55 t=1,341,000  ep=1341  ep_reward=  9086.13  ep_steps=1000
[HalfCheetah-v4] seed= 55 t=1,342,000  ep=1342  ep_reward=  8703.83  ep_steps=1000
[HalfCheetah-v4] seed= 55 t=1,343,000  ep=1343  ep_reward=  9007.84  ep_steps=1000
[HalfCheetah-v4] seed= 55 t=1,344,000  ep=1344  ep_reward=  8824.81  ep_steps=1000
[HalfCheetah-v4] seed= 55 t=1,345,000  ep=1345  ep_reward=  8981.81  ep_steps=1000
[HalfCheetah-v4] seed= 55 t=1,346,000  ep=1346  ep_reward=  8660.29  ep_steps=1000
[HalfCheetah-v4] seed= 55 t=1,347,000  ep=1347  ep_reward=  8928.61  ep_steps=1000
[HalfCheetah-v4] seed= 55 t=1,348,000  ep=1348  ep_reward=  9100.11  ep_steps=1000
[HalfCheetah-v4] seed= 55 t=1,349,000  ep=1349  ep_reward=  8889.00  ep_steps=1000
[HalfCheetah-v4] seed= 55 t=1,350,000  ep=1350  ep_reward=  9049.76  ep_steps=1000
  *** Eval  t=1,350,000  avg_reward=  9822.03  (10 eps)  elapsed=95.1min ***
[HalfCheetah-v4] seed= 55 t=1,351,000  ep=1351  ep_reward=  9027.02  ep_steps=1000
[HalfCheetah-v4] seed= 55 t=1,352,000  ep=1352  ep_reward=  8765.92  ep_steps=1000
[HalfCheetah-v4] seed= 55 t=1,353,000  ep=1353  ep_reward=  8832.33  ep_steps=1000
[HalfCheetah-v4] seed= 55 t=1,354,000  ep=1354  ep_reward=  9110.77  ep_steps=1000
[HalfCheetah-v4] seed= 55 t=1,355,000  ep=1355  ep_reward=  8728.70  ep_steps=1000
[HalfCheetah-v4] seed= 55 t=1,356,000  ep=1356  ep_reward=  8930.36  ep_steps=1000
[HalfCheetah-v4] seed= 55 t=1,357,000  ep=1357  ep_reward=  8951.69  ep_steps=1000
[HalfCheetah-v4] seed= 55 t=1,358,000  ep=1358  ep_reward=  8933.64  ep_steps=1000
[HalfCheetah-v4] seed= 55 t=1,359,000  ep=1359  ep_reward=  8991.30  ep_steps=1000
[HalfCheetah-v4] seed= 55 t=1,360,000  ep=1360  ep_reward=  9283.61  ep_steps=1000
  *** Eval  t=1,360,000  avg_reward=  9989.12  (10 eps)  elapsed=95.8min ***
[HalfCheetah-v4] seed= 55 t=1,361,000  ep=1361  ep_reward=  9139.52  ep_steps=1000
[HalfCheetah-v4] seed= 55 t=1,362,000  ep=1362  ep_reward=  8870.86  ep_steps=1000
[HalfCheetah-v4] seed= 55 t=1,363,000  ep=1363  ep_reward=  8961.64  ep_steps=1000
[HalfCheetah-v4] seed= 55 t=1,364,000  ep=1364  ep_reward=  9014.72  ep_steps=1000
[HalfCheetah-v4] seed= 55 t=1,365,000  ep=1365  ep_reward=  8965.10  ep_steps=1000
[HalfCheetah-v4] seed= 55 t=1,366,000  ep=1366  ep_reward=  8983.07  ep_steps=1000
[HalfCheetah-v4] seed= 55 t=1,367,000  ep=1367  ep_reward=  8926.32  ep_steps=1000
[HalfCheetah-v4] seed= 55 t=1,368,000  ep=1368  ep_reward=  8968.05  ep_steps=1000
[HalfCheetah-v4] seed= 55 t=1,369,000  ep=1369  ep_reward=  9063.93  ep_steps=1000
[HalfCheetah-v4] seed= 55 t=1,370,000  ep=1370  ep_reward=  9083.97  ep_steps=1000
  *** Eval  t=1,370,000  avg_reward=  9600.08  (10 eps)  elapsed=96.5min ***
[HalfCheetah-v4] seed= 55 t=1,371,000  ep=1371  ep_reward=  8661.69  ep_steps=1000
[HalfCheetah-v4] seed= 55 t=1,372,000  ep=1372  ep_reward=  8759.44  ep_steps=1000
[HalfCheetah-v4] seed= 55 t=1,373,000  ep=1373  ep_reward=  8929.21  ep_steps=1000
[HalfCheetah-v4] seed= 55 t=1,374,000  ep=1374  ep_reward=  8920.67  ep_steps=1000
[HalfCheetah-v4] seed= 55 t=1,375,000  ep=1375  ep_reward=  8882.67  ep_steps=1000
[HalfCheetah-v4] seed= 55 t=1,376,000  ep=1376  ep_reward=  9109.46  ep_steps=1000
[HalfCheetah-v4] seed= 55 t=1,377,000  ep=1377  ep_reward=  9092.90  ep_steps=1000
[HalfCheetah-v4] seed= 55 t=1,378,000  ep=1378  ep_reward=  9167.79  ep_steps=1000
[HalfCheetah-v4] seed= 55 t=1,379,000  ep=1379  ep_reward=  8971.76  ep_steps=1000
[HalfCheetah-v4] seed= 55 t=1,380,000  ep=1380  ep_reward=  8949.52  ep_steps=1000
  *** Eval  t=1,380,000  avg_reward=  9879.99  (10 eps)  elapsed=97.3min ***
[HalfCheetah-v4] seed= 55 t=1,381,000  ep=1381  ep_reward=  8997.72  ep_steps=1000
[HalfCheetah-v4] seed= 55 t=1,382,000  ep=1382  ep_reward=  8793.54  ep_steps=1000
[HalfCheetah-v4] seed= 55 t=1,383,000  ep=1383  ep_reward=  8999.19  ep_steps=1000
[HalfCheetah-v4] seed= 55 t=1,384,000  ep=1384  ep_reward=  9100.52  ep_steps=1000
[HalfCheetah-v4] seed= 55 t=1,385,000  ep=1385  ep_reward=  9103.82  ep_steps=1000
[HalfCheetah-v4] seed= 55 t=1,386,000  ep=1386  ep_reward=  9036.41  ep_steps=1000
[HalfCheetah-v4] seed= 55 t=1,387,000  ep=1387  ep_reward=  8959.41  ep_steps=1000
[HalfCheetah-v4] seed= 55 t=1,388,000  ep=1388  ep_reward=  8967.22  ep_steps=1000
[HalfCheetah-v4] seed= 55 t=1,389,000  ep=1389  ep_reward=  8996.26  ep_steps=1000
[HalfCheetah-v4] seed= 55 t=1,390,000  ep=1390  ep_reward=  9149.97  ep_steps=1000
  *** Eval  t=1,390,000  avg_reward=  9944.29  (10 eps)  elapsed=98.0min ***
[HalfCheetah-v4] seed= 55 t=1,391,000  ep=1391  ep_reward=  9018.00  ep_steps=1000
[HalfCheetah-v4] seed= 55 t=1,392,000  ep=1392  ep_reward=  9077.40  ep_steps=1000
[HalfCheetah-v4] seed= 55 t=1,393,000  ep=1393  ep_reward=  8920.83  ep_steps=1000
[HalfCheetah-v4] seed= 55 t=1,394,000  ep=1394  ep_reward=  9038.30  ep_steps=1000
[HalfCheetah-v4] seed= 55 t=1,395,000  ep=1395  ep_reward=  9175.31  ep_steps=1000
[HalfCheetah-v4] seed= 55 t=1,396,000  ep=1396  ep_reward=  9131.13  ep_steps=1000
[HalfCheetah-v4] seed= 55 t=1,397,000  ep=1397  ep_reward=  9066.67  ep_steps=1000
[HalfCheetah-v4] seed= 55 t=1,398,000  ep=1398  ep_reward=  9047.78  ep_steps=1000
[HalfCheetah-v4] seed= 55 t=1,399,000  ep=1399  ep_reward=  8822.07  ep_steps=1000
[HalfCheetah-v4] seed= 55 t=1,400,000  ep=1400  ep_reward=  9162.60  ep_steps=1000
  *** Eval  t=1,400,000  avg_reward=  9940.21  (10 eps)  elapsed=98.7min ***
[HalfCheetah-v4] seed= 55 t=1,401,000  ep=1401  ep_reward=  8956.84  ep_steps=1000
[HalfCheetah-v4] seed= 55 t=1,402,000  ep=1402  ep_reward=  9060.72  ep_steps=1000
[HalfCheetah-v4] seed= 55 t=1,403,000  ep=1403  ep_reward=  8614.44  ep_steps=1000
[HalfCheetah-v4] seed= 55 t=1,404,000  ep=1404  ep_reward=  9154.63  ep_steps=1000
[HalfCheetah-v4] seed= 55 t=1,405,000  ep=1405  ep_reward=  9040.09  ep_steps=1000
[HalfCheetah-v4] seed= 55 t=1,406,000  ep=1406  ep_reward=  9060.24  ep_steps=1000
[HalfCheetah-v4] seed= 55 t=1,407,000  ep=1407  ep_reward=  9171.62  ep_steps=1000
[HalfCheetah-v4] seed= 55 t=1,408,000  ep=1408  ep_reward=  9012.46  ep_steps=1000
[HalfCheetah-v4] seed= 55 t=1,409,000  ep=1409  ep_reward=  8966.91  ep_steps=1000
[HalfCheetah-v4] seed= 55 t=1,410,000  ep=1410  ep_reward=  9013.67  ep_steps=1000
  *** Eval  t=1,410,000  avg_reward=  9972.39  (10 eps)  elapsed=99.4min ***
[HalfCheetah-v4] seed= 55 t=1,411,000  ep=1411  ep_reward=  8895.08  ep_steps=1000
[HalfCheetah-v4] seed= 55 t=1,412,000  ep=1412  ep_reward=  9117.99  ep_steps=1000
[HalfCheetah-v4] seed= 55 t=1,413,000  ep=1413  ep_reward=  9027.98  ep_steps=1000
[HalfCheetah-v4] seed= 55 t=1,414,000  ep=1414  ep_reward=  9126.32  ep_steps=1000
[HalfCheetah-v4] seed= 55 t=1,415,000  ep=1415  ep_reward=  8945.78  ep_steps=1000
[HalfCheetah-v4] seed= 55 t=1,416,000  ep=1416  ep_reward=  8839.79  ep_steps=1000
[HalfCheetah-v4] seed= 55 t=1,417,000  ep=1417  ep_reward=  8818.99  ep_steps=1000
[HalfCheetah-v4] seed= 55 t=1,418,000  ep=1418  ep_reward=  9108.82  ep_steps=1000
[HalfCheetah-v4] seed= 55 t=1,419,000  ep=1419  ep_reward=  8964.94  ep_steps=1000
[HalfCheetah-v4] seed= 55 t=1,420,000  ep=1420  ep_reward=  9093.86  ep_steps=1000
  *** Eval  t=1,420,000  avg_reward=  9798.40  (10 eps)  elapsed=100.1min ***
[HalfCheetah-v4] seed= 55 t=1,421,000  ep=1421  ep_reward=  9154.10  ep_steps=1000
[HalfCheetah-v4] seed= 55 t=1,422,000  ep=1422  ep_reward=  9172.58  ep_steps=1000
[HalfCheetah-v4] seed= 55 t=1,423,000  ep=1423  ep_reward=  9102.50  ep_steps=1000
[HalfCheetah-v4] seed= 55 t=1,424,000  ep=1424  ep_reward=  9060.86  ep_steps=1000
[HalfCheetah-v4] seed= 55 t=1,425,000  ep=1425  ep_reward=  9092.84  ep_steps=1000
[HalfCheetah-v4] seed= 55 t=1,426,000  ep=1426  ep_reward=  8957.03  ep_steps=1000
[HalfCheetah-v4] seed= 55 t=1,427,000  ep=1427  ep_reward=  9207.51  ep_steps=1000
[HalfCheetah-v4] seed= 55 t=1,428,000  ep=1428  ep_reward=  9185.04  ep_steps=1000
[HalfCheetah-v4] seed= 55 t=1,429,000  ep=1429  ep_reward=  9054.99  ep_steps=1000
[HalfCheetah-v4] seed= 55 t=1,430,000  ep=1430  ep_reward=  9064.64  ep_steps=1000
  *** Eval  t=1,430,000  avg_reward=  9404.69  (10 eps)  elapsed=100.9min ***
[HalfCheetah-v4] seed= 55 t=1,431,000  ep=1431  ep_reward=  9045.80  ep_steps=1000
[HalfCheetah-v4] seed= 55 t=1,432,000  ep=1432  ep_reward=  9232.00  ep_steps=1000
[HalfCheetah-v4] seed= 55 t=1,433,000  ep=1433  ep_reward=  9256.14  ep_steps=1000
[HalfCheetah-v4] seed= 55 t=1,434,000  ep=1434  ep_reward=  9109.18  ep_steps=1000
[HalfCheetah-v4] seed= 55 t=1,435,000  ep=1435  ep_reward=  9031.98  ep_steps=1000
[HalfCheetah-v4] seed= 55 t=1,436,000  ep=1436  ep_reward=  9226.17  ep_steps=1000
[HalfCheetah-v4] seed= 55 t=1,437,000  ep=1437  ep_reward=  9108.60  ep_steps=1000
[HalfCheetah-v4] seed= 55 t=1,438,000  ep=1438  ep_reward=  9222.78  ep_steps=1000
[HalfCheetah-v4] seed= 55 t=1,439,000  ep=1439  ep_reward=  9158.94  ep_steps=1000
[HalfCheetah-v4] seed= 55 t=1,440,000  ep=1440  ep_reward=  9213.41  ep_steps=1000
  *** Eval  t=1,440,000  avg_reward=  9871.47  (10 eps)  elapsed=101.6min ***
[HalfCheetah-v4] seed= 55 t=1,441,000  ep=1441  ep_reward=  8848.76  ep_steps=1000
[HalfCheetah-v4] seed= 55 t=1,442,000  ep=1442  ep_reward=  9164.66  ep_steps=1000
[HalfCheetah-v4] seed= 55 t=1,443,000  ep=1443  ep_reward=  8918.97  ep_steps=1000
[HalfCheetah-v4] seed= 55 t=1,444,000  ep=1444  ep_reward=  9125.51  ep_steps=1000
[HalfCheetah-v4] seed= 55 t=1,445,000  ep=1445  ep_reward=  9064.00  ep_steps=1000
[HalfCheetah-v4] seed= 55 t=1,446,000  ep=1446  ep_reward=  9238.61  ep_steps=1000
[HalfCheetah-v4] seed= 55 t=1,447,000  ep=1447  ep_reward=  9046.15  ep_steps=1000
[HalfCheetah-v4] seed= 55 t=1,448,000  ep=1448  ep_reward=  8992.74  ep_steps=1000
[HalfCheetah-v4] seed= 55 t=1,449,000  ep=1449  ep_reward=  9208.11  ep_steps=1000
[HalfCheetah-v4] seed= 55 t=1,450,000  ep=1450  ep_reward=  8933.93  ep_steps=1000
  *** Eval  t=1,450,000  avg_reward= 10093.26  (10 eps)  elapsed=102.3min ***
[HalfCheetah-v4] seed= 55 t=1,451,000  ep=1451  ep_reward=  9083.22  ep_steps=1000
[HalfCheetah-v4] seed= 55 t=1,452,000  ep=1452  ep_reward=  9023.00  ep_steps=1000
[HalfCheetah-v4] seed= 55 t=1,453,000  ep=1453  ep_reward=  9022.02  ep_steps=1000
[HalfCheetah-v4] seed= 55 t=1,454,000  ep=1454  ep_reward=  8818.32  ep_steps=1000
[HalfCheetah-v4] seed= 55 t=1,455,000  ep=1455  ep_reward=  8998.37  ep_steps=1000
[HalfCheetah-v4] seed= 55 t=1,456,000  ep=1456  ep_reward=  9237.86  ep_steps=1000
[HalfCheetah-v4] seed= 55 t=1,457,000  ep=1457  ep_reward=  9159.31  ep_steps=1000
[HalfCheetah-v4] seed= 55 t=1,458,000  ep=1458  ep_reward=  8988.55  ep_steps=1000
[HalfCheetah-v4] seed= 55 t=1,459,000  ep=1459  ep_reward=  9122.33  ep_steps=1000
[HalfCheetah-v4] seed= 55 t=1,460,000  ep=1460  ep_reward=  9134.88  ep_steps=1000
  *** Eval  t=1,460,000  avg_reward= 10078.74  (10 eps)  elapsed=103.0min ***
[HalfCheetah-v4] seed= 55 t=1,461,000  ep=1461  ep_reward=  9112.08  ep_steps=1000
[HalfCheetah-v4] seed= 55 t=1,462,000  ep=1462  ep_reward=  9283.12  ep_steps=1000
[HalfCheetah-v4] seed= 55 t=1,463,000  ep=1463  ep_reward=  9253.45  ep_steps=1000
[HalfCheetah-v4] seed= 55 t=1,464,000  ep=1464  ep_reward=  9225.00  ep_steps=1000
[HalfCheetah-v4] seed= 55 t=1,465,000  ep=1465  ep_reward=  9146.62  ep_steps=1000
[HalfCheetah-v4] seed= 55 t=1,466,000  ep=1466  ep_reward=  9093.79  ep_steps=1000
[HalfCheetah-v4] seed= 55 t=1,467,000  ep=1467  ep_reward=  9133.64  ep_steps=1000
[HalfCheetah-v4] seed= 55 t=1,468,000  ep=1468  ep_reward=  9056.74  ep_steps=1000
[HalfCheetah-v4] seed= 55 t=1,469,000  ep=1469  ep_reward=  9072.59  ep_steps=1000
[HalfCheetah-v4] seed= 55 t=1,470,000  ep=1470  ep_reward=  9232.95  ep_steps=1000
  *** Eval  t=1,470,000  avg_reward=  9945.55  (10 eps)  elapsed=103.8min ***
[HalfCheetah-v4] seed= 55 t=1,471,000  ep=1471  ep_reward=  9279.52  ep_steps=1000
[HalfCheetah-v4] seed= 55 t=1,472,000  ep=1472  ep_reward=  9123.00  ep_steps=1000
[HalfCheetah-v4] seed= 55 t=1,473,000  ep=1473  ep_reward=  8921.24  ep_steps=1000
[HalfCheetah-v4] seed= 55 t=1,474,000  ep=1474  ep_reward=  9178.40  ep_steps=1000
[HalfCheetah-v4] seed= 55 t=1,475,000  ep=1475  ep_reward=  9160.81  ep_steps=1000
[HalfCheetah-v4] seed= 55 t=1,476,000  ep=1476  ep_reward=  9069.31  ep_steps=1000
[HalfCheetah-v4] seed= 55 t=1,477,000  ep=1477  ep_reward=  9123.17  ep_steps=1000
[HalfCheetah-v4] seed= 55 t=1,478,000  ep=1478  ep_reward=  9267.99  ep_steps=1000
[HalfCheetah-v4] seed= 55 t=1,479,000  ep=1479  ep_reward=  9032.10  ep_steps=1000
[HalfCheetah-v4] seed= 55 t=1,480,000  ep=1480  ep_reward=  9183.29  ep_steps=1000
  *** Eval  t=1,480,000  avg_reward=  9685.87  (10 eps)  elapsed=104.5min ***
[HalfCheetah-v4] seed= 55 t=1,481,000  ep=1481  ep_reward=  9155.56  ep_steps=1000
[HalfCheetah-v4] seed= 55 t=1,482,000  ep=1482  ep_reward=  9216.48  ep_steps=1000
[HalfCheetah-v4] seed= 55 t=1,483,000  ep=1483  ep_reward=  9036.70  ep_steps=1000
[HalfCheetah-v4] seed= 55 t=1,484,000  ep=1484  ep_reward=  8954.96  ep_steps=1000
[HalfCheetah-v4] seed= 55 t=1,485,000  ep=1485  ep_reward=  8781.50  ep_steps=1000
[HalfCheetah-v4] seed= 55 t=1,486,000  ep=1486  ep_reward=  8891.89  ep_steps=1000
[HalfCheetah-v4] seed= 55 t=1,487,000  ep=1487  ep_reward=  9032.30  ep_steps=1000
[HalfCheetah-v4] seed= 55 t=1,488,000  ep=1488  ep_reward=  8944.32  ep_steps=1000
[HalfCheetah-v4] seed= 55 t=1,489,000  ep=1489  ep_reward=  9026.24  ep_steps=1000
[HalfCheetah-v4] seed= 55 t=1,490,000  ep=1490  ep_reward=  9238.76  ep_steps=1000
  *** Eval  t=1,490,000  avg_reward=  9465.48  (10 eps)  elapsed=105.2min ***
[HalfCheetah-v4] seed= 55 t=1,491,000  ep=1491  ep_reward=  9113.22  ep_steps=1000
[HalfCheetah-v4] seed= 55 t=1,492,000  ep=1492  ep_reward=  9199.96  ep_steps=1000
[HalfCheetah-v4] seed= 55 t=1,493,000  ep=1493  ep_reward=  9345.48  ep_steps=1000
[HalfCheetah-v4] seed= 55 t=1,494,000  ep=1494  ep_reward=  8939.44  ep_steps=1000
[HalfCheetah-v4] seed= 55 t=1,495,000  ep=1495  ep_reward=  9183.39  ep_steps=1000
[HalfCheetah-v4] seed= 55 t=1,496,000  ep=1496  ep_reward=  9044.69  ep_steps=1000
[HalfCheetah-v4] seed= 55 t=1,497,000  ep=1497  ep_reward=  9022.73  ep_steps=1000
[HalfCheetah-v4] seed= 55 t=1,498,000  ep=1498  ep_reward=  9107.95  ep_steps=1000
[HalfCheetah-v4] seed= 55 t=1,499,000  ep=1499  ep_reward=  8263.30  ep_steps=1000
[HalfCheetah-v4] seed= 55 t=1,500,000  ep=1500  ep_reward=  -441.68  ep_steps=1000
  *** Eval  t=1,500,000  avg_reward=  -586.21  (10 eps)  elapsed=106.0min ***
[HalfCheetah-v4] seed= 55 t=1,501,000  ep=1501  ep_reward=  1620.21  ep_steps=1000
[HalfCheetah-v4] seed= 55 t=1,502,000  ep=1502  ep_reward=  5033.17  ep_steps=1000
[HalfCheetah-v4] seed= 55 t=1,503,000  ep=1503  ep_reward=  8611.80  ep_steps=1000
[HalfCheetah-v4] seed= 55 t=1,504,000  ep=1504  ep_reward=  8620.19  ep_steps=1000
[HalfCheetah-v4] seed= 55 t=1,505,000  ep=1505  ep_reward=  9179.64  ep_steps=1000
[HalfCheetah-v4] seed= 55 t=1,506,000  ep=1506  ep_reward=  8923.69  ep_steps=1000
[HalfCheetah-v4] seed= 55 t=1,507,000  ep=1507  ep_reward=  8945.55  ep_steps=1000
[HalfCheetah-v4] seed= 55 t=1,508,000  ep=1508  ep_reward=  9192.76  ep_steps=1000
[HalfCheetah-v4] seed= 55 t=1,509,000  ep=1509  ep_reward=  8523.57  ep_steps=1000
[HalfCheetah-v4] seed= 55 t=1,510,000  ep=1510  ep_reward=  8406.14  ep_steps=1000
  *** Eval  t=1,510,000  avg_reward=  9492.43  (10 eps)  elapsed=106.7min ***
[HalfCheetah-v4] seed= 55 t=1,511,000  ep=1511  ep_reward=  8976.49  ep_steps=1000
[HalfCheetah-v4] seed= 55 t=1,512,000  ep=1512  ep_reward=  8971.10  ep_steps=1000
[HalfCheetah-v4] seed= 55 t=1,513,000  ep=1513  ep_reward=  8420.64  ep_steps=1000
[HalfCheetah-v4] seed= 55 t=1,514,000  ep=1514  ep_reward=  8657.44  ep_steps=1000
[HalfCheetah-v4] seed= 55 t=1,515,000  ep=1515  ep_reward=  8977.10  ep_steps=1000
[HalfCheetah-v4] seed= 55 t=1,516,000  ep=1516  ep_reward=  8878.00  ep_steps=1000
[HalfCheetah-v4] seed= 55 t=1,517,000  ep=1517  ep_reward=  8990.58  ep_steps=1000
[HalfCheetah-v4] seed= 55 t=1,518,000  ep=1518  ep_reward=  8550.98  ep_steps=1000
[HalfCheetah-v4] seed= 55 t=1,519,000  ep=1519  ep_reward=  8777.41  ep_steps=1000
[HalfCheetah-v4] seed= 55 t=1,520,000  ep=1520  ep_reward=  6997.89  ep_steps=1000
  *** Eval  t=1,520,000  avg_reward=  6952.70  (10 eps)  elapsed=107.5min ***
[HalfCheetah-v4] seed= 55 t=1,521,000  ep=1521  ep_reward=  1985.46  ep_steps=1000
[HalfCheetah-v4] seed= 55 t=1,522,000  ep=1522  ep_reward=    43.03  ep_steps=1000
[HalfCheetah-v4] seed= 55 t=1,523,000  ep=1523  ep_reward=     5.67  ep_steps=1000
[HalfCheetah-v4] seed= 55 t=1,524,000  ep=1524  ep_reward=  -312.55  ep_steps=1000
[HalfCheetah-v4] seed= 55 t=1,525,000  ep=1525  ep_reward=    84.43  ep_steps=1000
[HalfCheetah-v4] seed= 55 t=1,526,000  ep=1526  ep_reward=  -391.18  ep_steps=1000
[HalfCheetah-v4] seed= 55 t=1,527,000  ep=1527  ep_reward=  -379.90  ep_steps=1000
[HalfCheetah-v4] seed= 55 t=1,528,000  ep=1528  ep_reward=  -386.08  ep_steps=1000
[HalfCheetah-v4] seed= 55 t=1,529,000  ep=1529  ep_reward=  -421.13  ep_steps=1000
[HalfCheetah-v4] seed= 55 t=1,530,000  ep=1530  ep_reward=  -439.58  ep_steps=1000
  *** Eval  t=1,530,000  avg_reward=  -521.81  (10 eps)  elapsed=108.2min ***
[HalfCheetah-v4] seed= 55 t=1,531,000  ep=1531  ep_reward=  -468.59  ep_steps=1000
[HalfCheetah-v4] seed= 55 t=1,532,000  ep=1532  ep_reward=  -499.50  ep_steps=1000
[HalfCheetah-v4] seed= 55 t=1,533,000  ep=1533  ep_reward=  -483.86  ep_steps=1000
[HalfCheetah-v4] seed= 55 t=1,534,000  ep=1534  ep_reward=  -707.88  ep_steps=1000
[HalfCheetah-v4] seed= 55 t=1,535,000  ep=1535  ep_reward=  -564.05  ep_steps=1000
[HalfCheetah-v4] seed= 55 t=1,536,000  ep=1536  ep_reward=  -443.24  ep_steps=1000
[HalfCheetah-v4] seed= 55 t=1,537,000  ep=1537  ep_reward=  -496.78  ep_steps=1000
[HalfCheetah-v4] seed= 55 t=1,538,000  ep=1538  ep_reward=  -522.73  ep_steps=1000
[HalfCheetah-v4] seed= 55 t=1,539,000  ep=1539  ep_reward=  -459.99  ep_steps=1000
[HalfCheetah-v4] seed= 55 t=1,540,000  ep=1540  ep_reward=  -466.02  ep_steps=1000
  *** Eval  t=1,540,000  avg_reward=  -485.64  (10 eps)  elapsed=109.0min ***
[HalfCheetah-v4] seed= 55 t=1,541,000  ep=1541  ep_reward=  -475.92  ep_steps=1000
[HalfCheetah-v4] seed= 55 t=1,542,000  ep=1542  ep_reward=  -460.77  ep_steps=1000
[HalfCheetah-v4] seed= 55 t=1,543,000  ep=1543  ep_reward=  -408.23  ep_steps=1000
[HalfCheetah-v4] seed= 55 t=1,544,000  ep=1544  ep_reward=  -773.58  ep_steps=1000
[HalfCheetah-v4] seed= 55 t=1,545,000  ep=1545  ep_reward=  -637.39  ep_steps=1000
[HalfCheetah-v4] seed= 55 t=1,546,000  ep=1546  ep_reward=  -552.96  ep_steps=1000
[HalfCheetah-v4] seed= 55 t=1,547,000  ep=1547  ep_reward=  -548.22  ep_steps=1000
[HalfCheetah-v4] seed= 55 t=1,548,000  ep=1548  ep_reward=  -640.65  ep_steps=1000
[HalfCheetah-v4] seed= 55 t=1,549,000  ep=1549  ep_reward=  -540.91  ep_steps=1000
[HalfCheetah-v4] seed= 55 t=1,550,000  ep=1550  ep_reward=  -521.71  ep_steps=1000
  *** Eval  t=1,550,000  avg_reward=  -642.22  (10 eps)  elapsed=109.7min ***
[HalfCheetah-v4] seed= 55 t=1,551,000  ep=1551  ep_reward=  -523.56  ep_steps=1000
[HalfCheetah-v4] seed= 55 t=1,552,000  ep=1552  ep_reward=  -546.76  ep_steps=1000
[HalfCheetah-v4] seed= 55 t=1,553,000  ep=1553  ep_reward=  -492.66  ep_steps=1000
[HalfCheetah-v4] seed= 55 t=1,554,000  ep=1554  ep_reward=  -514.26  ep_steps=1000
[HalfCheetah-v4] seed= 55 t=1,555,000  ep=1555  ep_reward=  -517.44  ep_steps=1000
[HalfCheetah-v4] seed= 55 t=1,556,000  ep=1556  ep_reward=  -484.80  ep_steps=1000
[HalfCheetah-v4] seed= 55 t=1,557,000  ep=1557  ep_reward=  -554.29  ep_steps=1000
[HalfCheetah-v4] seed= 55 t=1,558,000  ep=1558  ep_reward=  -659.76  ep_steps=1000
[HalfCheetah-v4] seed= 55 t=1,559,000  ep=1559  ep_reward=  -528.49  ep_steps=1000
[HalfCheetah-v4] seed= 55 t=1,560,000  ep=1560  ep_reward=  -485.60  ep_steps=1000
  *** Eval  t=1,560,000  avg_reward=  -568.85  (10 eps)  elapsed=110.5min ***
[HalfCheetah-v4] seed= 55 t=1,561,000  ep=1561  ep_reward=  -629.94  ep_steps=1000
[HalfCheetah-v4] seed= 55 t=1,562,000  ep=1562  ep_reward=  -492.76  ep_steps=1000
[HalfCheetah-v4] seed= 55 t=1,563,000  ep=1563  ep_reward=  -545.14  ep_steps=1000
[HalfCheetah-v4] seed= 55 t=1,564,000  ep=1564  ep_reward=  -537.52  ep_steps=1000
[HalfCheetah-v4] seed= 55 t=1,565,000  ep=1565  ep_reward=  -518.94  ep_steps=1000
[HalfCheetah-v4] seed= 55 t=1,566,000  ep=1566  ep_reward=  -477.66  ep_steps=1000
[HalfCheetah-v4] seed= 55 t=1,567,000  ep=1567  ep_reward=  -561.04  ep_steps=1000
[HalfCheetah-v4] seed= 55 t=1,568,000  ep=1568  ep_reward=  -524.29  ep_steps=1000
[HalfCheetah-v4] seed= 55 t=1,569,000  ep=1569  ep_reward=  -520.21  ep_steps=1000
[HalfCheetah-v4] seed= 55 t=1,570,000  ep=1570  ep_reward=  -496.96  ep_steps=1000
  *** Eval  t=1,570,000  avg_reward=  -551.36  (10 eps)  elapsed=111.2min ***
[HalfCheetah-v4] seed= 55 t=1,571,000  ep=1571  ep_reward=  -514.74  ep_steps=1000
[HalfCheetah-v4] seed= 55 t=1,572,000  ep=1572  ep_reward=  -479.99  ep_steps=1000
[HalfCheetah-v4] seed= 55 t=1,573,000  ep=1573  ep_reward=  -496.63  ep_steps=1000
[HalfCheetah-v4] seed= 55 t=1,574,000  ep=1574  ep_reward=  -528.82  ep_steps=1000
[HalfCheetah-v4] seed= 55 t=1,575,000  ep=1575  ep_reward=  -507.23  ep_steps=1000
[HalfCheetah-v4] seed= 55 t=1,576,000  ep=1576  ep_reward=  -483.78  ep_steps=1000
[HalfCheetah-v4] seed= 55 t=1,577,000  ep=1577  ep_reward=  -558.51  ep_steps=1000
[HalfCheetah-v4] seed= 55 t=1,578,000  ep=1578  ep_reward=  -517.88  ep_steps=1000
[HalfCheetah-v4] seed= 55 t=1,579,000  ep=1579  ep_reward=  -448.97  ep_steps=1000
[HalfCheetah-v4] seed= 55 t=1,580,000  ep=1580  ep_reward=  -517.67  ep_steps=1000
  *** Eval  t=1,580,000  avg_reward=  -535.51  (10 eps)  elapsed=112.0min ***
[HalfCheetah-v4] seed= 55 t=1,581,000  ep=1581  ep_reward=  -511.98  ep_steps=1000
[HalfCheetah-v4] seed= 55 t=1,582,000  ep=1582  ep_reward=  -546.01  ep_steps=1000
[HalfCheetah-v4] seed= 55 t=1,583,000  ep=1583  ep_reward=  -508.15  ep_steps=1000
[HalfCheetah-v4] seed= 55 t=1,584,000  ep=1584  ep_reward=  -489.21  ep_steps=1000
[HalfCheetah-v4] seed= 55 t=1,585,000  ep=1585  ep_reward=  -362.55  ep_steps=1000
[HalfCheetah-v4] seed= 55 t=1,586,000  ep=1586  ep_reward=  -499.08  ep_steps=1000
[HalfCheetah-v4] seed= 55 t=1,587,000  ep=1587  ep_reward=  -540.14  ep_steps=1000
[HalfCheetah-v4] seed= 55 t=1,588,000  ep=1588  ep_reward=  -330.69  ep_steps=1000
[HalfCheetah-v4] seed= 55 t=1,589,000  ep=1589  ep_reward=  -185.61  ep_steps=1000
[HalfCheetah-v4] seed= 55 t=1,590,000  ep=1590  ep_reward=  -410.62  ep_steps=1000
  *** Eval  t=1,590,000  avg_reward=  -118.86  (10 eps)  elapsed=112.7min ***
[HalfCheetah-v4] seed= 55 t=1,591,000  ep=1591  ep_reward=  -266.06  ep_steps=1000
[HalfCheetah-v4] seed= 55 t=1,592,000  ep=1592  ep_reward=   643.05  ep_steps=1000
[HalfCheetah-v4] seed= 55 t=1,593,000  ep=1593  ep_reward=    70.45  ep_steps=1000
[HalfCheetah-v4] seed= 55 t=1,594,000  ep=1594  ep_reward=  -214.32  ep_steps=1000
[HalfCheetah-v4] seed= 55 t=1,595,000  ep=1595  ep_reward=   229.34  ep_steps=1000
[HalfCheetah-v4] seed= 55 t=1,596,000  ep=1596  ep_reward=  -126.89  ep_steps=1000
[HalfCheetah-v4] seed= 55 t=1,597,000  ep=1597  ep_reward=  -283.48  ep_steps=1000
[HalfCheetah-v4] seed= 55 t=1,598,000  ep=1598  ep_reward=  -303.82  ep_steps=1000
[HalfCheetah-v4] seed= 55 t=1,599,000  ep=1599  ep_reward=   380.80  ep_steps=1000
[HalfCheetah-v4] seed= 55 t=1,600,000  ep=1600  ep_reward=  3683.37  ep_steps=1000
  *** Eval  t=1,600,000  avg_reward=  1977.00  (10 eps)  elapsed=113.5min ***
[HalfCheetah-v4] seed= 55 t=1,601,000  ep=1601  ep_reward=   537.34  ep_steps=1000
[HalfCheetah-v4] seed= 55 t=1,602,000  ep=1602  ep_reward=  -279.70  ep_steps=1000
[HalfCheetah-v4] seed= 55 t=1,603,000  ep=1603  ep_reward=  4251.65  ep_steps=1000
[HalfCheetah-v4] seed= 55 t=1,604,000  ep=1604  ep_reward=  4104.92  ep_steps=1000
[HalfCheetah-v4] seed= 55 t=1,605,000  ep=1605  ep_reward=  4355.14  ep_steps=1000
[HalfCheetah-v4] seed= 55 t=1,606,000  ep=1606  ep_reward=  1305.19  ep_steps=1000
[HalfCheetah-v4] seed= 55 t=1,607,000  ep=1607  ep_reward=  4305.74  ep_steps=1000
[HalfCheetah-v4] seed= 55 t=1,608,000  ep=1608  ep_reward=  4131.59  ep_steps=1000
[HalfCheetah-v4] seed= 55 t=1,609,000  ep=1609  ep_reward=  2682.49  ep_steps=1000
[HalfCheetah-v4] seed= 55 t=1,610,000  ep=1610  ep_reward=   557.77  ep_steps=1000
  *** Eval  t=1,610,000  avg_reward=  2630.24  (10 eps)  elapsed=114.2min ***
[HalfCheetah-v4] seed= 55 t=1,611,000  ep=1611  ep_reward=    47.28  ep_steps=1000
[HalfCheetah-v4] seed= 55 t=1,612,000  ep=1612  ep_reward=  1440.26  ep_steps=1000
[HalfCheetah-v4] seed= 55 t=1,613,000  ep=1613  ep_reward=   579.65  ep_steps=1000
[HalfCheetah-v4] seed= 55 t=1,614,000  ep=1614  ep_reward=   360.04  ep_steps=1000
[HalfCheetah-v4] seed= 55 t=1,615,000  ep=1615  ep_reward=  4631.37  ep_steps=1000
[HalfCheetah-v4] seed= 55 t=1,616,000  ep=1616  ep_reward=  4230.65  ep_steps=1000
[HalfCheetah-v4] seed= 55 t=1,617,000  ep=1617  ep_reward=  1787.81  ep_steps=1000
[HalfCheetah-v4] seed= 55 t=1,618,000  ep=1618  ep_reward=  4805.57  ep_steps=1000
[HalfCheetah-v4] seed= 55 t=1,619,000  ep=1619  ep_reward=  4696.53  ep_steps=1000
[HalfCheetah-v4] seed= 55 t=1,620,000  ep=1620  ep_reward=  4987.24  ep_steps=1000
  *** Eval  t=1,620,000  avg_reward=  3969.77  (10 eps)  elapsed=114.9min ***
[HalfCheetah-v4] seed= 55 t=1,621,000  ep=1621  ep_reward=   306.96  ep_steps=1000
[HalfCheetah-v4] seed= 55 t=1,622,000  ep=1622  ep_reward=  1130.84  ep_steps=1000
[HalfCheetah-v4] seed= 55 t=1,623,000  ep=1623  ep_reward=   894.00  ep_steps=1000
[HalfCheetah-v4] seed= 55 t=1,624,000  ep=1624  ep_reward=  4530.45  ep_steps=1000
[HalfCheetah-v4] seed= 55 t=1,625,000  ep=1625  ep_reward=  6251.14  ep_steps=1000
[HalfCheetah-v4] seed= 55 t=1,626,000  ep=1626  ep_reward=  6491.47  ep_steps=1000
[HalfCheetah-v4] seed= 55 t=1,627,000  ep=1627  ep_reward=  6154.57  ep_steps=1000
[HalfCheetah-v4] seed= 55 t=1,628,000  ep=1628  ep_reward=   655.07  ep_steps=1000
[HalfCheetah-v4] seed= 55 t=1,629,000  ep=1629  ep_reward=  6274.68  ep_steps=1000
[HalfCheetah-v4] seed= 55 t=1,630,000  ep=1630  ep_reward=  6037.14  ep_steps=1000
  *** Eval  t=1,630,000  avg_reward=  6303.66  (10 eps)  elapsed=115.7min ***
[HalfCheetah-v4] seed= 55 t=1,631,000  ep=1631  ep_reward=  1551.71  ep_steps=1000
[HalfCheetah-v4] seed= 55 t=1,632,000  ep=1632  ep_reward=  6530.97  ep_steps=1000
[HalfCheetah-v4] seed= 55 t=1,633,000  ep=1633  ep_reward=  6206.72  ep_steps=1000
[HalfCheetah-v4] seed= 55 t=1,634,000  ep=1634  ep_reward=  6466.11  ep_steps=1000
[HalfCheetah-v4] seed= 55 t=1,635,000  ep=1635  ep_reward=  6640.64  ep_steps=1000
[HalfCheetah-v4] seed= 55 t=1,636,000  ep=1636  ep_reward=  2039.78  ep_steps=1000
[HalfCheetah-v4] seed= 55 t=1,637,000  ep=1637  ep_reward=  6566.49  ep_steps=1000
[HalfCheetah-v4] seed= 55 t=1,638,000  ep=1638  ep_reward=  6586.58  ep_steps=1000
[HalfCheetah-v4] seed= 55 t=1,639,000  ep=1639  ep_reward=  6920.58  ep_steps=1000
[HalfCheetah-v4] seed= 55 t=1,640,000  ep=1640  ep_reward=  6787.63  ep_steps=1000
  *** Eval  t=1,640,000  avg_reward=  6791.09  (10 eps)  elapsed=116.4min ***
[HalfCheetah-v4] seed= 55 t=1,641,000  ep=1641  ep_reward=  5953.26  ep_steps=1000
[HalfCheetah-v4] seed= 55 t=1,642,000  ep=1642  ep_reward=  7157.07  ep_steps=1000
[HalfCheetah-v4] seed= 55 t=1,643,000  ep=1643  ep_reward=  6814.39  ep_steps=1000
[HalfCheetah-v4] seed= 55 t=1,644,000  ep=1644  ep_reward=  6400.86  ep_steps=1000
[HalfCheetah-v4] seed= 55 t=1,645,000  ep=1645  ep_reward=  7276.02  ep_steps=1000
[HalfCheetah-v4] seed= 55 t=1,646,000  ep=1646  ep_reward=  6469.38  ep_steps=1000
[HalfCheetah-v4] seed= 55 t=1,647,000  ep=1647  ep_reward=  7009.65  ep_steps=1000
[HalfCheetah-v4] seed= 55 t=1,648,000  ep=1648  ep_reward=  6621.93  ep_steps=1000
[HalfCheetah-v4] seed= 55 t=1,649,000  ep=1649  ep_reward=  6967.58  ep_steps=1000
[HalfCheetah-v4] seed= 55 t=1,650,000  ep=1650  ep_reward=  7124.86  ep_steps=1000
  *** Eval  t=1,650,000  avg_reward=  7599.10  (10 eps)  elapsed=117.1min ***
[HalfCheetah-v4] seed= 55 t=1,651,000  ep=1651  ep_reward=  7116.27  ep_steps=1000
[HalfCheetah-v4] seed= 55 t=1,652,000  ep=1652  ep_reward=  6791.06  ep_steps=1000
[HalfCheetah-v4] seed= 55 t=1,653,000  ep=1653  ep_reward=  7151.87  ep_steps=1000
[HalfCheetah-v4] seed= 55 t=1,654,000  ep=1654  ep_reward=  7078.88  ep_steps=1000
[HalfCheetah-v4] seed= 55 t=1,655,000  ep=1655  ep_reward=  7062.86  ep_steps=1000
[HalfCheetah-v4] seed= 55 t=1,656,000  ep=1656  ep_reward=  7493.15  ep_steps=1000
[HalfCheetah-v4] seed= 55 t=1,657,000  ep=1657  ep_reward=  7650.46  ep_steps=1000
[HalfCheetah-v4] seed= 55 t=1,658,000  ep=1658  ep_reward=  7351.58  ep_steps=1000
[HalfCheetah-v4] seed= 55 t=1,659,000  ep=1659  ep_reward=  8019.77  ep_steps=1000
[HalfCheetah-v4] seed= 55 t=1,660,000  ep=1660  ep_reward=  7578.51  ep_steps=1000
  *** Eval  t=1,660,000  avg_reward=  8096.33  (10 eps)  elapsed=117.9min ***
[HalfCheetah-v4] seed= 55 t=1,661,000  ep=1661  ep_reward=  6492.71  ep_steps=1000
[HalfCheetah-v4] seed= 55 t=1,662,000  ep=1662  ep_reward=  7415.84  ep_steps=1000
[HalfCheetah-v4] seed= 55 t=1,663,000  ep=1663  ep_reward=  7644.81  ep_steps=1000
[HalfCheetah-v4] seed= 55 t=1,664,000  ep=1664  ep_reward=  8089.98  ep_steps=1000
[HalfCheetah-v4] seed= 55 t=1,665,000  ep=1665  ep_reward=  7633.49  ep_steps=1000
[HalfCheetah-v4] seed= 55 t=1,666,000  ep=1666  ep_reward=  7558.96  ep_steps=1000
[HalfCheetah-v4] seed= 55 t=1,667,000  ep=1667  ep_reward=  7360.04  ep_steps=1000
[HalfCheetah-v4] seed= 55 t=1,668,000  ep=1668  ep_reward=  8068.48  ep_steps=1000
[HalfCheetah-v4] seed= 55 t=1,669,000  ep=1669  ep_reward=  7570.85  ep_steps=1000
[HalfCheetah-v4] seed= 55 t=1,670,000  ep=1670  ep_reward=  8450.83  ep_steps=1000
  *** Eval  t=1,670,000  avg_reward=  9396.55  (10 eps)  elapsed=118.6min ***
[HalfCheetah-v4] seed= 55 t=1,671,000  ep=1671  ep_reward=  7977.26  ep_steps=1000
[HalfCheetah-v4] seed= 55 t=1,672,000  ep=1672  ep_reward=  8290.48  ep_steps=1000
[HalfCheetah-v4] seed= 55 t=1,673,000  ep=1673  ep_reward=  8054.83  ep_steps=1000
[HalfCheetah-v4] seed= 55 t=1,674,000  ep=1674  ep_reward=  7964.44  ep_steps=1000
[HalfCheetah-v4] seed= 55 t=1,675,000  ep=1675  ep_reward=  8198.02  ep_steps=1000
[HalfCheetah-v4] seed= 55 t=1,676,000  ep=1676  ep_reward=  8265.99  ep_steps=1000
[HalfCheetah-v4] seed= 55 t=1,677,000  ep=1677  ep_reward=  8237.51  ep_steps=1000
[HalfCheetah-v4] seed= 55 t=1,678,000  ep=1678  ep_reward=  8572.85  ep_steps=1000
[HalfCheetah-v4] seed= 55 t=1,679,000  ep=1679  ep_reward=  7864.44  ep_steps=1000
[HalfCheetah-v4] seed= 55 t=1,680,000  ep=1680  ep_reward=  8080.08  ep_steps=1000
  *** Eval  t=1,680,000  avg_reward=  9192.75  (10 eps)  elapsed=119.3min ***
[HalfCheetah-v4] seed= 55 t=1,681,000  ep=1681  ep_reward=  8224.89  ep_steps=1000
[HalfCheetah-v4] seed= 55 t=1,682,000  ep=1682  ep_reward=  8427.91  ep_steps=1000
[HalfCheetah-v4] seed= 55 t=1,683,000  ep=1683  ep_reward=  8686.33  ep_steps=1000
[HalfCheetah-v4] seed= 55 t=1,684,000  ep=1684  ep_reward=  8395.02  ep_steps=1000
[HalfCheetah-v4] seed= 55 t=1,685,000  ep=1685  ep_reward=  8519.65  ep_steps=1000
[HalfCheetah-v4] seed= 55 t=1,686,000  ep=1686  ep_reward=  8365.36  ep_steps=1000
[HalfCheetah-v4] seed= 55 t=1,687,000  ep=1687  ep_reward=  8368.00  ep_steps=1000
[HalfCheetah-v4] seed= 55 t=1,688,000  ep=1688  ep_reward=  8237.30  ep_steps=1000
[HalfCheetah-v4] seed= 55 t=1,689,000  ep=1689  ep_reward=  8395.70  ep_steps=1000
[HalfCheetah-v4] seed= 55 t=1,690,000  ep=1690  ep_reward=  8457.71  ep_steps=1000
  *** Eval  t=1,690,000  avg_reward=  9458.78  (10 eps)  elapsed=120.0min ***
[HalfCheetah-v4] seed= 55 t=1,691,000  ep=1691  ep_reward=  8553.09  ep_steps=1000
[HalfCheetah-v4] seed= 55 t=1,692,000  ep=1692  ep_reward=  8147.82  ep_steps=1000
[HalfCheetah-v4] seed= 55 t=1,693,000  ep=1693  ep_reward=  8423.85  ep_steps=1000
[HalfCheetah-v4] seed= 55 t=1,694,000  ep=1694  ep_reward=  8101.92  ep_steps=1000
[HalfCheetah-v4] seed= 55 t=1,695,000  ep=1695  ep_reward=  8399.09  ep_steps=1000
[HalfCheetah-v4] seed= 55 t=1,696,000  ep=1696  ep_reward=  8654.24  ep_steps=1000
[HalfCheetah-v4] seed= 55 t=1,697,000  ep=1697  ep_reward=  8462.86  ep_steps=1000
[HalfCheetah-v4] seed= 55 t=1,698,000  ep=1698  ep_reward=  8477.36  ep_steps=1000
[HalfCheetah-v4] seed= 55 t=1,699,000  ep=1699  ep_reward=  8654.89  ep_steps=1000
[HalfCheetah-v4] seed= 55 t=1,700,000  ep=1700  ep_reward=  8314.61  ep_steps=1000
  *** Eval  t=1,700,000  avg_reward=  9501.62  (10 eps)  elapsed=120.8min ***
[HalfCheetah-v4] seed= 55 t=1,701,000  ep=1701  ep_reward=  8185.58  ep_steps=1000
[HalfCheetah-v4] seed= 55 t=1,702,000  ep=1702  ep_reward=  8761.64  ep_steps=1000
[HalfCheetah-v4] seed= 55 t=1,703,000  ep=1703  ep_reward=  8610.41  ep_steps=1000
[HalfCheetah-v4] seed= 55 t=1,704,000  ep=1704  ep_reward=  8758.28  ep_steps=1000
[HalfCheetah-v4] seed= 55 t=1,705,000  ep=1705  ep_reward=  8708.03  ep_steps=1000
[HalfCheetah-v4] seed= 55 t=1,706,000  ep=1706  ep_reward=  8832.18  ep_steps=1000
[HalfCheetah-v4] seed= 55 t=1,707,000  ep=1707  ep_reward=  8599.00  ep_steps=1000
[HalfCheetah-v4] seed= 55 t=1,708,000  ep=1708  ep_reward=  8957.26  ep_steps=1000
[HalfCheetah-v4] seed= 55 t=1,709,000  ep=1709  ep_reward=  8590.37  ep_steps=1000
[HalfCheetah-v4] seed= 55 t=1,710,000  ep=1710  ep_reward=  8799.05  ep_steps=1000
  *** Eval  t=1,710,000  avg_reward=  9763.61  (10 eps)  elapsed=121.5min ***
[HalfCheetah-v4] seed= 55 t=1,711,000  ep=1711  ep_reward=  8646.81  ep_steps=1000
[HalfCheetah-v4] seed= 55 t=1,712,000  ep=1712  ep_reward=  8999.30  ep_steps=1000
[HalfCheetah-v4] seed= 55 t=1,713,000  ep=1713  ep_reward=  8810.29  ep_steps=1000
[HalfCheetah-v4] seed= 55 t=1,714,000  ep=1714  ep_reward=  8426.67  ep_steps=1000
[HalfCheetah-v4] seed= 55 t=1,715,000  ep=1715  ep_reward=  8762.57  ep_steps=1000
[HalfCheetah-v4] seed= 55 t=1,716,000  ep=1716  ep_reward=  8774.70  ep_steps=1000
[HalfCheetah-v4] seed= 55 t=1,717,000  ep=1717  ep_reward=  8792.97  ep_steps=1000
[HalfCheetah-v4] seed= 55 t=1,718,000  ep=1718  ep_reward=  8523.42  ep_steps=1000
[HalfCheetah-v4] seed= 55 t=1,719,000  ep=1719  ep_reward=  8502.50  ep_steps=1000
[HalfCheetah-v4] seed= 55 t=1,720,000  ep=1720  ep_reward=  8644.21  ep_steps=1000
  *** Eval  t=1,720,000  avg_reward=  9669.45  (10 eps)  elapsed=122.2min ***
[HalfCheetah-v4] seed= 55 t=1,721,000  ep=1721  ep_reward=  8913.52  ep_steps=1000
[HalfCheetah-v4] seed= 55 t=1,722,000  ep=1722  ep_reward=  8906.84  ep_steps=1000
[HalfCheetah-v4] seed= 55 t=1,723,000  ep=1723  ep_reward=  8665.44  ep_steps=1000
[HalfCheetah-v4] seed= 55 t=1,724,000  ep=1724  ep_reward=  7965.37  ep_steps=1000
[HalfCheetah-v4] seed= 55 t=1,725,000  ep=1725  ep_reward=  9028.18  ep_steps=1000
[HalfCheetah-v4] seed= 55 t=1,726,000  ep=1726  ep_reward=  8623.36  ep_steps=1000
[HalfCheetah-v4] seed= 55 t=1,727,000  ep=1727  ep_reward=  8899.18  ep_steps=1000
[HalfCheetah-v4] seed= 55 t=1,728,000  ep=1728  ep_reward=  8820.05  ep_steps=1000
[HalfCheetah-v4] seed= 55 t=1,729,000  ep=1729  ep_reward=  8742.53  ep_steps=1000
[HalfCheetah-v4] seed= 55 t=1,730,000  ep=1730  ep_reward=  8708.19  ep_steps=1000
  *** Eval  t=1,730,000  avg_reward=  9862.75  (10 eps)  elapsed=122.9min ***
[HalfCheetah-v4] seed= 55 t=1,731,000  ep=1731  ep_reward=  8573.33  ep_steps=1000
[HalfCheetah-v4] seed= 55 t=1,732,000  ep=1732  ep_reward=  8693.08  ep_steps=1000
[HalfCheetah-v4] seed= 55 t=1,733,000  ep=1733  ep_reward=  8620.22  ep_steps=1000
[HalfCheetah-v4] seed= 55 t=1,734,000  ep=1734  ep_reward=  9066.31  ep_steps=1000
[HalfCheetah-v4] seed= 55 t=1,735,000  ep=1735  ep_reward=  8576.87  ep_steps=1000
[HalfCheetah-v4] seed= 55 t=1,736,000  ep=1736  ep_reward=  8799.04  ep_steps=1000
[HalfCheetah-v4] seed= 55 t=1,737,000  ep=1737  ep_reward=  8673.58  ep_steps=1000
[HalfCheetah-v4] seed= 55 t=1,738,000  ep=1738  ep_reward=  9087.91  ep_steps=1000
[HalfCheetah-v4] seed= 55 t=1,739,000  ep=1739  ep_reward=  8849.56  ep_steps=1000
[HalfCheetah-v4] seed= 55 t=1,740,000  ep=1740  ep_reward=  8763.84  ep_steps=1000
  *** Eval  t=1,740,000  avg_reward=  9621.08  (10 eps)  elapsed=123.7min ***
[HalfCheetah-v4] seed= 55 t=1,741,000  ep=1741  ep_reward=  8828.42  ep_steps=1000
[HalfCheetah-v4] seed= 55 t=1,742,000  ep=1742  ep_reward=  8884.98  ep_steps=1000
[HalfCheetah-v4] seed= 55 t=1,743,000  ep=1743  ep_reward=  8699.95  ep_steps=1000
[HalfCheetah-v4] seed= 55 t=1,744,000  ep=1744  ep_reward=  9081.29  ep_steps=1000
[HalfCheetah-v4] seed= 55 t=1,745,000  ep=1745  ep_reward=  8655.57  ep_steps=1000
[HalfCheetah-v4] seed= 55 t=1,746,000  ep=1746  ep_reward=  8787.74  ep_steps=1000
[HalfCheetah-v4] seed= 55 t=1,747,000  ep=1747  ep_reward=  8805.55  ep_steps=1000
[HalfCheetah-v4] seed= 55 t=1,748,000  ep=1748  ep_reward=  8858.33  ep_steps=1000
[HalfCheetah-v4] seed= 55 t=1,749,000  ep=1749  ep_reward=  8894.52  ep_steps=1000
[HalfCheetah-v4] seed= 55 t=1,750,000  ep=1750  ep_reward=  9066.61  ep_steps=1000
  *** Eval  t=1,750,000  avg_reward=  9806.83  (10 eps)  elapsed=124.4min ***
[HalfCheetah-v4] seed= 55 t=1,751,000  ep=1751  ep_reward=  2963.43  ep_steps=1000
[HalfCheetah-v4] seed= 55 t=1,752,000  ep=1752  ep_reward=  8714.31  ep_steps=1000
[HalfCheetah-v4] seed= 55 t=1,753,000  ep=1753  ep_reward=  8775.15  ep_steps=1000
[HalfCheetah-v4] seed= 55 t=1,754,000  ep=1754  ep_reward=  8440.10  ep_steps=1000
[HalfCheetah-v4] seed= 55 t=1,755,000  ep=1755  ep_reward=  8898.44  ep_steps=1000
[HalfCheetah-v4] seed= 55 t=1,756,000  ep=1756  ep_reward=  9114.95  ep_steps=1000
[HalfCheetah-v4] seed= 55 t=1,757,000  ep=1757  ep_reward=  9012.66  ep_steps=1000
[HalfCheetah-v4] seed= 55 t=1,758,000  ep=1758  ep_reward=  8777.77  ep_steps=1000
[HalfCheetah-v4] seed= 55 t=1,759,000  ep=1759  ep_reward=  8782.18  ep_steps=1000
[HalfCheetah-v4] seed= 55 t=1,760,000  ep=1760  ep_reward=  8785.50  ep_steps=1000
  *** Eval  t=1,760,000  avg_reward=  9840.31  (10 eps)  elapsed=125.1min ***
[HalfCheetah-v4] seed= 55 t=1,761,000  ep=1761  ep_reward=  8971.96  ep_steps=1000
[HalfCheetah-v4] seed= 55 t=1,762,000  ep=1762  ep_reward=  9145.79  ep_steps=1000
[HalfCheetah-v4] seed= 55 t=1,763,000  ep=1763  ep_reward=  9190.00  ep_steps=1000
[HalfCheetah-v4] seed= 55 t=1,764,000  ep=1764  ep_reward=  8804.52  ep_steps=1000
[HalfCheetah-v4] seed= 55 t=1,765,000  ep=1765  ep_reward=  8768.47  ep_steps=1000
[HalfCheetah-v4] seed= 55 t=1,766,000  ep=1766  ep_reward=  8918.44  ep_steps=1000
[HalfCheetah-v4] seed= 55 t=1,767,000  ep=1767  ep_reward=  9095.46  ep_steps=1000
[HalfCheetah-v4] seed= 55 t=1,768,000  ep=1768  ep_reward=  8790.70  ep_steps=1000
[HalfCheetah-v4] seed= 55 t=1,769,000  ep=1769  ep_reward=  9063.92  ep_steps=1000
[HalfCheetah-v4] seed= 55 t=1,770,000  ep=1770  ep_reward=  8801.97  ep_steps=1000
  *** Eval  t=1,770,000  avg_reward=  9881.61  (10 eps)  elapsed=125.8min ***
[HalfCheetah-v4] seed= 55 t=1,771,000  ep=1771  ep_reward=  8846.46  ep_steps=1000
[HalfCheetah-v4] seed= 55 t=1,772,000  ep=1772  ep_reward=  8538.12  ep_steps=1000
[HalfCheetah-v4] seed= 55 t=1,773,000  ep=1773  ep_reward=  8786.03  ep_steps=1000
[HalfCheetah-v4] seed= 55 t=1,774,000  ep=1774  ep_reward=  8959.43  ep_steps=1000
[HalfCheetah-v4] seed= 55 t=1,775,000  ep=1775  ep_reward=  8801.76  ep_steps=1000
[HalfCheetah-v4] seed= 55 t=1,776,000  ep=1776  ep_reward=  8773.61  ep_steps=1000
[HalfCheetah-v4] seed= 55 t=1,777,000  ep=1777  ep_reward=  8960.67  ep_steps=1000
[HalfCheetah-v4] seed= 55 t=1,778,000  ep=1778  ep_reward=  8727.30  ep_steps=1000
[HalfCheetah-v4] seed= 55 t=1,779,000  ep=1779  ep_reward=  8948.55  ep_steps=1000
[HalfCheetah-v4] seed= 55 t=1,780,000  ep=1780  ep_reward=  9200.98  ep_steps=1000
  *** Eval  t=1,780,000  avg_reward=  9542.66  (10 eps)  elapsed=126.6min ***
[HalfCheetah-v4] seed= 55 t=1,781,000  ep=1781  ep_reward=  8934.60  ep_steps=1000
[HalfCheetah-v4] seed= 55 t=1,782,000  ep=1782  ep_reward=  8638.48  ep_steps=1000
[HalfCheetah-v4] seed= 55 t=1,783,000  ep=1783  ep_reward=  8953.85  ep_steps=1000
[HalfCheetah-v4] seed= 55 t=1,784,000  ep=1784  ep_reward=  8728.92  ep_steps=1000
[HalfCheetah-v4] seed= 55 t=1,785,000  ep=1785  ep_reward=  8964.15  ep_steps=1000
[HalfCheetah-v4] seed= 55 t=1,786,000  ep=1786  ep_reward=  9354.23  ep_steps=1000
[HalfCheetah-v4] seed= 55 t=1,787,000  ep=1787  ep_reward=  8997.33  ep_steps=1000
[HalfCheetah-v4] seed= 55 t=1,788,000  ep=1788  ep_reward=  9094.04  ep_steps=1000
[HalfCheetah-v4] seed= 55 t=1,789,000  ep=1789  ep_reward=  8876.94  ep_steps=1000
[HalfCheetah-v4] seed= 55 t=1,790,000  ep=1790  ep_reward=  9022.97  ep_steps=1000
  *** Eval  t=1,790,000  avg_reward= 10028.14  (10 eps)  elapsed=127.3min ***
[HalfCheetah-v4] seed= 55 t=1,791,000  ep=1791  ep_reward=  9068.53  ep_steps=1000
[HalfCheetah-v4] seed= 55 t=1,792,000  ep=1792  ep_reward=  9124.32  ep_steps=1000
[HalfCheetah-v4] seed= 55 t=1,793,000  ep=1793  ep_reward=  9158.90  ep_steps=1000
[HalfCheetah-v4] seed= 55 t=1,794,000  ep=1794  ep_reward=  9154.26  ep_steps=1000
[HalfCheetah-v4] seed= 55 t=1,795,000  ep=1795  ep_reward=  8945.17  ep_steps=1000
[HalfCheetah-v4] seed= 55 t=1,796,000  ep=1796  ep_reward=  9023.43  ep_steps=1000
[HalfCheetah-v4] seed= 55 t=1,797,000  ep=1797  ep_reward=  8946.45  ep_steps=1000
[HalfCheetah-v4] seed= 55 t=1,798,000  ep=1798  ep_reward=  8848.91  ep_steps=1000
[HalfCheetah-v4] seed= 55 t=1,799,000  ep=1799  ep_reward=  9180.47  ep_steps=1000
[HalfCheetah-v4] seed= 55 t=1,800,000  ep=1800  ep_reward=  8890.66  ep_steps=1000
  *** Eval  t=1,800,000  avg_reward=  9968.67  (10 eps)  elapsed=128.0min ***
[HalfCheetah-v4] seed= 55 t=1,801,000  ep=1801  ep_reward=  8959.66  ep_steps=1000
[HalfCheetah-v4] seed= 55 t=1,802,000  ep=1802  ep_reward=  9122.94  ep_steps=1000
[HalfCheetah-v4] seed= 55 t=1,803,000  ep=1803  ep_reward=  9058.36  ep_steps=1000
[HalfCheetah-v4] seed= 55 t=1,804,000  ep=1804  ep_reward=  9431.42  ep_steps=1000
[HalfCheetah-v4] seed= 55 t=1,805,000  ep=1805  ep_reward=  8952.31  ep_steps=1000
[HalfCheetah-v4] seed= 55 t=1,806,000  ep=1806  ep_reward=  8982.15  ep_steps=1000
[HalfCheetah-v4] seed= 55 t=1,807,000  ep=1807  ep_reward=  8930.35  ep_steps=1000
[HalfCheetah-v4] seed= 55 t=1,808,000  ep=1808  ep_reward=  8609.30  ep_steps=1000
[HalfCheetah-v4] seed= 55 t=1,809,000  ep=1809  ep_reward=  8968.60  ep_steps=1000
[HalfCheetah-v4] seed= 55 t=1,810,000  ep=1810  ep_reward=  9206.55  ep_steps=1000
  *** Eval  t=1,810,000  avg_reward= 10051.85  (10 eps)  elapsed=128.7min ***
[HalfCheetah-v4] seed= 55 t=1,811,000  ep=1811  ep_reward=  8120.29  ep_steps=1000
[HalfCheetah-v4] seed= 55 t=1,812,000  ep=1812  ep_reward=  9074.28  ep_steps=1000
[HalfCheetah-v4] seed= 55 t=1,813,000  ep=1813  ep_reward=  8796.99  ep_steps=1000
[HalfCheetah-v4] seed= 55 t=1,814,000  ep=1814  ep_reward=  8950.63  ep_steps=1000
[HalfCheetah-v4] seed= 55 t=1,815,000  ep=1815  ep_reward=  9435.73  ep_steps=1000
[HalfCheetah-v4] seed= 55 t=1,816,000  ep=1816  ep_reward=  9070.99  ep_steps=1000
[HalfCheetah-v4] seed= 55 t=1,817,000  ep=1817  ep_reward=  8520.28  ep_steps=1000
[HalfCheetah-v4] seed= 55 t=1,818,000  ep=1818  ep_reward=  8954.32  ep_steps=1000
[HalfCheetah-v4] seed= 55 t=1,819,000  ep=1819  ep_reward=  9028.83  ep_steps=1000
[HalfCheetah-v4] seed= 55 t=1,820,000  ep=1820  ep_reward=  8933.78  ep_steps=1000
  *** Eval  t=1,820,000  avg_reward=  9655.83  (10 eps)  elapsed=129.4min ***
[HalfCheetah-v4] seed= 55 t=1,821,000  ep=1821  ep_reward=  8984.89  ep_steps=1000
[HalfCheetah-v4] seed= 55 t=1,822,000  ep=1822  ep_reward=  9119.21  ep_steps=1000
[HalfCheetah-v4] seed= 55 t=1,823,000  ep=1823  ep_reward=  8752.69  ep_steps=1000
[HalfCheetah-v4] seed= 55 t=1,824,000  ep=1824  ep_reward=  9086.84  ep_steps=1000
[HalfCheetah-v4] seed= 55 t=1,825,000  ep=1825  ep_reward=  9285.42  ep_steps=1000
[HalfCheetah-v4] seed= 55 t=1,826,000  ep=1826  ep_reward=  9218.72  ep_steps=1000
[HalfCheetah-v4] seed= 55 t=1,827,000  ep=1827  ep_reward=  9190.11  ep_steps=1000
[HalfCheetah-v4] seed= 55 t=1,828,000  ep=1828  ep_reward=  9148.18  ep_steps=1000
[HalfCheetah-v4] seed= 55 t=1,829,000  ep=1829  ep_reward=  9011.47  ep_steps=1000
[HalfCheetah-v4] seed= 55 t=1,830,000  ep=1830  ep_reward=  9256.50  ep_steps=1000
  *** Eval  t=1,830,000  avg_reward= 10113.08  (10 eps)  elapsed=130.1min ***
[HalfCheetah-v4] seed= 55 t=1,831,000  ep=1831  ep_reward=  8967.83  ep_steps=1000
[HalfCheetah-v4] seed= 55 t=1,832,000  ep=1832  ep_reward=  8996.56  ep_steps=1000
[HalfCheetah-v4] seed= 55 t=1,833,000  ep=1833  ep_reward=  9149.61  ep_steps=1000
[HalfCheetah-v4] seed= 55 t=1,834,000  ep=1834  ep_reward=  9089.33  ep_steps=1000
[HalfCheetah-v4] seed= 55 t=1,835,000  ep=1835  ep_reward=  9168.66  ep_steps=1000
[HalfCheetah-v4] seed= 55 t=1,836,000  ep=1836  ep_reward=  9010.67  ep_steps=1000
[HalfCheetah-v4] seed= 55 t=1,837,000  ep=1837  ep_reward=  9181.43  ep_steps=1000
[HalfCheetah-v4] seed= 55 t=1,838,000  ep=1838  ep_reward=  9280.73  ep_steps=1000
[HalfCheetah-v4] seed= 55 t=1,839,000  ep=1839  ep_reward=  9062.18  ep_steps=1000
[HalfCheetah-v4] seed= 55 t=1,840,000  ep=1840  ep_reward=  9188.03  ep_steps=1000
  *** Eval  t=1,840,000  avg_reward=  9952.81  (10 eps)  elapsed=130.9min ***
[HalfCheetah-v4] seed= 55 t=1,841,000  ep=1841  ep_reward=  9259.54  ep_steps=1000
[HalfCheetah-v4] seed= 55 t=1,842,000  ep=1842  ep_reward=  9149.80  ep_steps=1000
[HalfCheetah-v4] seed= 55 t=1,843,000  ep=1843  ep_reward=  8934.62  ep_steps=1000
[HalfCheetah-v4] seed= 55 t=1,844,000  ep=1844  ep_reward=  8969.71  ep_steps=1000
[HalfCheetah-v4] seed= 55 t=1,845,000  ep=1845  ep_reward=  9040.56  ep_steps=1000
[HalfCheetah-v4] seed= 55 t=1,846,000  ep=1846  ep_reward=  9031.29  ep_steps=1000
[HalfCheetah-v4] seed= 55 t=1,847,000  ep=1847  ep_reward=  9142.41  ep_steps=1000
[HalfCheetah-v4] seed= 55 t=1,848,000  ep=1848  ep_reward=  8919.95  ep_steps=1000
[HalfCheetah-v4] seed= 55 t=1,849,000  ep=1849  ep_reward=  8982.87  ep_steps=1000
[HalfCheetah-v4] seed= 55 t=1,850,000  ep=1850  ep_reward=  9262.53  ep_steps=1000
  *** Eval  t=1,850,000  avg_reward=  9618.13  (10 eps)  elapsed=131.6min ***
[HalfCheetah-v4] seed= 55 t=1,851,000  ep=1851  ep_reward=  9256.17  ep_steps=1000
[HalfCheetah-v4] seed= 55 t=1,852,000  ep=1852  ep_reward=  9076.16  ep_steps=1000
[HalfCheetah-v4] seed= 55 t=1,853,000  ep=1853  ep_reward=  9028.66  ep_steps=1000
[HalfCheetah-v4] seed= 55 t=1,854,000  ep=1854  ep_reward=  8794.12  ep_steps=1000
[HalfCheetah-v4] seed= 55 t=1,855,000  ep=1855  ep_reward=  9130.67  ep_steps=1000
[HalfCheetah-v4] seed= 55 t=1,856,000  ep=1856  ep_reward=  9097.44  ep_steps=1000
[HalfCheetah-v4] seed= 55 t=1,857,000  ep=1857  ep_reward=  9211.10  ep_steps=1000
[HalfCheetah-v4] seed= 55 t=1,858,000  ep=1858  ep_reward=  9069.05  ep_steps=1000
[HalfCheetah-v4] seed= 55 t=1,859,000  ep=1859  ep_reward=  9190.13  ep_steps=1000
[HalfCheetah-v4] seed= 55 t=1,860,000  ep=1860  ep_reward=  9330.34  ep_steps=1000
  *** Eval  t=1,860,000  avg_reward=  9807.17  (10 eps)  elapsed=132.3min ***
[HalfCheetah-v4] seed= 55 t=1,861,000  ep=1861  ep_reward=  8845.49  ep_steps=1000
[HalfCheetah-v4] seed= 55 t=1,862,000  ep=1862  ep_reward=  9010.62  ep_steps=1000
[HalfCheetah-v4] seed= 55 t=1,863,000  ep=1863  ep_reward=  9182.64  ep_steps=1000
[HalfCheetah-v4] seed= 55 t=1,864,000  ep=1864  ep_reward=  8981.23  ep_steps=1000
[HalfCheetah-v4] seed= 55 t=1,865,000  ep=1865  ep_reward=  9373.03  ep_steps=1000
[HalfCheetah-v4] seed= 55 t=1,866,000  ep=1866  ep_reward=  9046.67  ep_steps=1000
[HalfCheetah-v4] seed= 55 t=1,867,000  ep=1867  ep_reward=  8913.61  ep_steps=1000
[HalfCheetah-v4] seed= 55 t=1,868,000  ep=1868  ep_reward=  9236.06  ep_steps=1000
[HalfCheetah-v4] seed= 55 t=1,869,000  ep=1869  ep_reward=  8964.37  ep_steps=1000
[HalfCheetah-v4] seed= 55 t=1,870,000  ep=1870  ep_reward=  9204.24  ep_steps=1000
  *** Eval  t=1,870,000  avg_reward=  9990.83  (10 eps)  elapsed=133.0min ***
[HalfCheetah-v4] seed= 55 t=1,871,000  ep=1871  ep_reward=  9073.15  ep_steps=1000
[HalfCheetah-v4] seed= 55 t=1,872,000  ep=1872  ep_reward=  9210.28  ep_steps=1000
[HalfCheetah-v4] seed= 55 t=1,873,000  ep=1873  ep_reward=  9177.72  ep_steps=1000
[HalfCheetah-v4] seed= 55 t=1,874,000  ep=1874  ep_reward=  8869.70  ep_steps=1000
[HalfCheetah-v4] seed= 55 t=1,875,000  ep=1875  ep_reward=  9250.32  ep_steps=1000
[HalfCheetah-v4] seed= 55 t=1,876,000  ep=1876  ep_reward=  9363.37  ep_steps=1000
[HalfCheetah-v4] seed= 55 t=1,877,000  ep=1877  ep_reward=  8903.40  ep_steps=1000
[HalfCheetah-v4] seed= 55 t=1,878,000  ep=1878  ep_reward=  9032.09  ep_steps=1000
[HalfCheetah-v4] seed= 55 t=1,879,000  ep=1879  ep_reward=  9315.58  ep_steps=1000
[HalfCheetah-v4] seed= 55 t=1,880,000  ep=1880  ep_reward=  9328.27  ep_steps=1000
  *** Eval  t=1,880,000  avg_reward= 10035.58  (10 eps)  elapsed=133.7min ***
[HalfCheetah-v4] seed= 55 t=1,881,000  ep=1881  ep_reward=  9342.03  ep_steps=1000
[HalfCheetah-v4] seed= 55 t=1,882,000  ep=1882  ep_reward=  9050.09  ep_steps=1000
[HalfCheetah-v4] seed= 55 t=1,883,000  ep=1883  ep_reward=  9164.28  ep_steps=1000
[HalfCheetah-v4] seed= 55 t=1,884,000  ep=1884  ep_reward=  8901.66  ep_steps=1000
[HalfCheetah-v4] seed= 55 t=1,885,000  ep=1885  ep_reward=  9250.90  ep_steps=1000
[HalfCheetah-v4] seed= 55 t=1,886,000  ep=1886  ep_reward=  9292.90  ep_steps=1000
[HalfCheetah-v4] seed= 55 t=1,887,000  ep=1887  ep_reward=  9335.94  ep_steps=1000
[HalfCheetah-v4] seed= 55 t=1,888,000  ep=1888  ep_reward=  9106.70  ep_steps=1000
[HalfCheetah-v4] seed= 55 t=1,889,000  ep=1889  ep_reward=  9309.48  ep_steps=1000
[HalfCheetah-v4] seed= 55 t=1,890,000  ep=1890  ep_reward=  9179.88  ep_steps=1000
  *** Eval  t=1,890,000  avg_reward=  9714.02  (10 eps)  elapsed=134.4min ***
[HalfCheetah-v4] seed= 55 t=1,891,000  ep=1891  ep_reward=  9310.50  ep_steps=1000
[HalfCheetah-v4] seed= 55 t=1,892,000  ep=1892  ep_reward=  9214.28  ep_steps=1000
[HalfCheetah-v4] seed= 55 t=1,893,000  ep=1893  ep_reward=  9007.92  ep_steps=1000
[HalfCheetah-v4] seed= 55 t=1,894,000  ep=1894  ep_reward=  9014.54  ep_steps=1000
[HalfCheetah-v4] seed= 55 t=1,895,000  ep=1895  ep_reward=  9098.45  ep_steps=1000
[HalfCheetah-v4] seed= 55 t=1,896,000  ep=1896  ep_reward=  9331.48  ep_steps=1000
[HalfCheetah-v4] seed= 55 t=1,897,000  ep=1897  ep_reward=  9239.29  ep_steps=1000
[HalfCheetah-v4] seed= 55 t=1,898,000  ep=1898  ep_reward=  9256.98  ep_steps=1000
[HalfCheetah-v4] seed= 55 t=1,899,000  ep=1899  ep_reward=  8808.16  ep_steps=1000
[HalfCheetah-v4] seed= 55 t=1,900,000  ep=1900  ep_reward=  8957.10  ep_steps=1000
  *** Eval  t=1,900,000  avg_reward= 10073.33  (10 eps)  elapsed=135.2min ***
[HalfCheetah-v4] seed= 55 t=1,901,000  ep=1901  ep_reward=  9224.92  ep_steps=1000
[HalfCheetah-v4] seed= 55 t=1,902,000  ep=1902  ep_reward=  9347.56  ep_steps=1000
[HalfCheetah-v4] seed= 55 t=1,903,000  ep=1903  ep_reward=  9175.04  ep_steps=1000
[HalfCheetah-v4] seed= 55 t=1,904,000  ep=1904  ep_reward=  9257.94  ep_steps=1000
[HalfCheetah-v4] seed= 55 t=1,905,000  ep=1905  ep_reward=  9273.69  ep_steps=1000
[HalfCheetah-v4] seed= 55 t=1,906,000  ep=1906  ep_reward=  9355.51  ep_steps=1000
[HalfCheetah-v4] seed= 55 t=1,907,000  ep=1907  ep_reward=  9406.90  ep_steps=1000
[HalfCheetah-v4] seed= 55 t=1,908,000  ep=1908  ep_reward=  9363.13  ep_steps=1000
[HalfCheetah-v4] seed= 55 t=1,909,000  ep=1909  ep_reward=  9326.71  ep_steps=1000
[HalfCheetah-v4] seed= 55 t=1,910,000  ep=1910  ep_reward=  9086.13  ep_steps=1000
  *** Eval  t=1,910,000  avg_reward=  9914.69  (10 eps)  elapsed=135.9min ***
[HalfCheetah-v4] seed= 55 t=1,911,000  ep=1911  ep_reward=  9216.52  ep_steps=1000
[HalfCheetah-v4] seed= 55 t=1,912,000  ep=1912  ep_reward=  9115.11  ep_steps=1000
[HalfCheetah-v4] seed= 55 t=1,913,000  ep=1913  ep_reward=  9234.55  ep_steps=1000
[HalfCheetah-v4] seed= 55 t=1,914,000  ep=1914  ep_reward=  9326.73  ep_steps=1000
[HalfCheetah-v4] seed= 55 t=1,915,000  ep=1915  ep_reward=  9335.08  ep_steps=1000
[HalfCheetah-v4] seed= 55 t=1,916,000  ep=1916  ep_reward=  9357.94  ep_steps=1000
[HalfCheetah-v4] seed= 55 t=1,917,000  ep=1917  ep_reward=  9291.49  ep_steps=1000
[HalfCheetah-v4] seed= 55 t=1,918,000  ep=1918  ep_reward=  8968.64  ep_steps=1000
[HalfCheetah-v4] seed= 55 t=1,919,000  ep=1919  ep_reward=  9277.76  ep_steps=1000
[HalfCheetah-v4] seed= 55 t=1,920,000  ep=1920  ep_reward=  9331.03  ep_steps=1000
  *** Eval  t=1,920,000  avg_reward= 10108.05  (10 eps)  elapsed=136.6min ***
[HalfCheetah-v4] seed= 55 t=1,921,000  ep=1921  ep_reward=  9450.29  ep_steps=1000
[HalfCheetah-v4] seed= 55 t=1,922,000  ep=1922  ep_reward=  9243.29  ep_steps=1000
[HalfCheetah-v4] seed= 55 t=1,923,000  ep=1923  ep_reward=  9412.87  ep_steps=1000
[HalfCheetah-v4] seed= 55 t=1,924,000  ep=1924  ep_reward=  9381.63  ep_steps=1000
[HalfCheetah-v4] seed= 55 t=1,925,000  ep=1925  ep_reward=  9274.43  ep_steps=1000
[HalfCheetah-v4] seed= 55 t=1,926,000  ep=1926  ep_reward=  9389.14  ep_steps=1000
[HalfCheetah-v4] seed= 55 t=1,927,000  ep=1927  ep_reward=  8969.32  ep_steps=1000
[HalfCheetah-v4] seed= 55 t=1,928,000  ep=1928  ep_reward=  9296.37  ep_steps=1000
[HalfCheetah-v4] seed= 55 t=1,929,000  ep=1929  ep_reward=  9504.24  ep_steps=1000
[HalfCheetah-v4] seed= 55 t=1,930,000  ep=1930  ep_reward=  9088.71  ep_steps=1000
  *** Eval  t=1,930,000  avg_reward= 10120.10  (10 eps)  elapsed=137.3min ***
[HalfCheetah-v4] seed= 55 t=1,931,000  ep=1931  ep_reward=  9171.66  ep_steps=1000
[HalfCheetah-v4] seed= 55 t=1,932,000  ep=1932  ep_reward=  9358.44  ep_steps=1000
[HalfCheetah-v4] seed= 55 t=1,933,000  ep=1933  ep_reward=  9310.42  ep_steps=1000
[HalfCheetah-v4] seed= 55 t=1,934,000  ep=1934  ep_reward=  9183.74  ep_steps=1000
[HalfCheetah-v4] seed= 55 t=1,935,000  ep=1935  ep_reward=  9438.95  ep_steps=1000
[HalfCheetah-v4] seed= 55 t=1,936,000  ep=1936  ep_reward=  9366.18  ep_steps=1000
[HalfCheetah-v4] seed= 55 t=1,937,000  ep=1937  ep_reward=  9371.83  ep_steps=1000
[HalfCheetah-v4] seed= 55 t=1,938,000  ep=1938  ep_reward=  9293.11  ep_steps=1000
[HalfCheetah-v4] seed= 55 t=1,939,000  ep=1939  ep_reward=  9286.14  ep_steps=1000
[HalfCheetah-v4] seed= 55 t=1,940,000  ep=1940  ep_reward=  9296.80  ep_steps=1000
  *** Eval  t=1,940,000  avg_reward= 10084.67  (10 eps)  elapsed=138.0min ***
[HalfCheetah-v4] seed= 55 t=1,941,000  ep=1941  ep_reward=  9303.66  ep_steps=1000
[HalfCheetah-v4] seed= 55 t=1,942,000  ep=1942  ep_reward=  9420.63  ep_steps=1000
[HalfCheetah-v4] seed= 55 t=1,943,000  ep=1943  ep_reward=  9458.85  ep_steps=1000
[HalfCheetah-v4] seed= 55 t=1,944,000  ep=1944  ep_reward=  9381.04  ep_steps=1000
[HalfCheetah-v4] seed= 55 t=1,945,000  ep=1945  ep_reward=  9327.20  ep_steps=1000
[HalfCheetah-v4] seed= 55 t=1,946,000  ep=1946  ep_reward=  9344.35  ep_steps=1000
[HalfCheetah-v4] seed= 55 t=1,947,000  ep=1947  ep_reward=  9282.27  ep_steps=1000
[HalfCheetah-v4] seed= 55 t=1,948,000  ep=1948  ep_reward=  9405.35  ep_steps=1000
[HalfCheetah-v4] seed= 55 t=1,949,000  ep=1949  ep_reward=  9106.34  ep_steps=1000
[HalfCheetah-v4] seed= 55 t=1,950,000  ep=1950  ep_reward=  9194.48  ep_steps=1000
  *** Eval  t=1,950,000  avg_reward= 10027.06  (10 eps)  elapsed=138.7min ***
[HalfCheetah-v4] seed= 55 t=1,951,000  ep=1951  ep_reward=  9144.07  ep_steps=1000
[HalfCheetah-v4] seed= 55 t=1,952,000  ep=1952  ep_reward=  9396.71  ep_steps=1000
[HalfCheetah-v4] seed= 55 t=1,953,000  ep=1953  ep_reward=  9337.00  ep_steps=1000
[HalfCheetah-v4] seed= 55 t=1,954,000  ep=1954  ep_reward=  9082.39  ep_steps=1000
[HalfCheetah-v4] seed= 55 t=1,955,000  ep=1955  ep_reward=  9353.77  ep_steps=1000
[HalfCheetah-v4] seed= 55 t=1,956,000  ep=1956  ep_reward=  9449.23  ep_steps=1000
[HalfCheetah-v4] seed= 55 t=1,957,000  ep=1957  ep_reward=  9395.78  ep_steps=1000
[HalfCheetah-v4] seed= 55 t=1,958,000  ep=1958  ep_reward=  9240.84  ep_steps=1000
[HalfCheetah-v4] seed= 55 t=1,959,000  ep=1959  ep_reward=  9158.60  ep_steps=1000
[HalfCheetah-v4] seed= 55 t=1,960,000  ep=1960  ep_reward=  9438.11  ep_steps=1000
  *** Eval  t=1,960,000  avg_reward=  9974.84  (10 eps)  elapsed=139.5min ***
[HalfCheetah-v4] seed= 55 t=1,961,000  ep=1961  ep_reward=  9198.89  ep_steps=1000
[HalfCheetah-v4] seed= 55 t=1,962,000  ep=1962  ep_reward=  9047.82  ep_steps=1000
[HalfCheetah-v4] seed= 55 t=1,963,000  ep=1963  ep_reward=  9414.34  ep_steps=1000
[HalfCheetah-v4] seed= 55 t=1,964,000  ep=1964  ep_reward=  9424.60  ep_steps=1000
[HalfCheetah-v4] seed= 55 t=1,965,000  ep=1965  ep_reward=  9308.89  ep_steps=1000
[HalfCheetah-v4] seed= 55 t=1,966,000  ep=1966  ep_reward=  9329.57  ep_steps=1000
[HalfCheetah-v4] seed= 55 t=1,967,000  ep=1967  ep_reward=  9397.85  ep_steps=1000
[HalfCheetah-v4] seed= 55 t=1,968,000  ep=1968  ep_reward=  9508.22  ep_steps=1000
[HalfCheetah-v4] seed= 55 t=1,969,000  ep=1969  ep_reward=  9365.84  ep_steps=1000
[HalfCheetah-v4] seed= 55 t=1,970,000  ep=1970  ep_reward=  9423.08  ep_steps=1000
  *** Eval  t=1,970,000  avg_reward= 10256.18  (10 eps)  elapsed=140.2min ***
[HalfCheetah-v4] seed= 55 t=1,971,000  ep=1971  ep_reward=  9174.96  ep_steps=1000
[HalfCheetah-v4] seed= 55 t=1,972,000  ep=1972  ep_reward=  9487.15  ep_steps=1000
[HalfCheetah-v4] seed= 55 t=1,973,000  ep=1973  ep_reward=  9419.93  ep_steps=1000
[HalfCheetah-v4] seed= 55 t=1,974,000  ep=1974  ep_reward=  9523.54  ep_steps=1000
[HalfCheetah-v4] seed= 55 t=1,975,000  ep=1975  ep_reward=  9349.07  ep_steps=1000
[HalfCheetah-v4] seed= 55 t=1,976,000  ep=1976  ep_reward=  9379.87  ep_steps=1000
[HalfCheetah-v4] seed= 55 t=1,977,000  ep=1977  ep_reward=  9382.31  ep_steps=1000
[HalfCheetah-v4] seed= 55 t=1,978,000  ep=1978  ep_reward=  9482.63  ep_steps=1000
[HalfCheetah-v4] seed= 55 t=1,979,000  ep=1979  ep_reward=  9367.85  ep_steps=1000
[HalfCheetah-v4] seed= 55 t=1,980,000  ep=1980  ep_reward=  9366.34  ep_steps=1000
  *** Eval  t=1,980,000  avg_reward= 10000.46  (10 eps)  elapsed=140.9min ***
[HalfCheetah-v4] seed= 55 t=1,981,000  ep=1981  ep_reward=  9302.21  ep_steps=1000
[HalfCheetah-v4] seed= 55 t=1,982,000  ep=1982  ep_reward=  9211.14  ep_steps=1000
[HalfCheetah-v4] seed= 55 t=1,983,000  ep=1983  ep_reward=  9393.30  ep_steps=1000
[HalfCheetah-v4] seed= 55 t=1,984,000  ep=1984  ep_reward=  9272.62  ep_steps=1000
[HalfCheetah-v4] seed= 55 t=1,985,000  ep=1985  ep_reward=  8982.00  ep_steps=1000
[HalfCheetah-v4] seed= 55 t=1,986,000  ep=1986  ep_reward=  9101.29  ep_steps=1000
[HalfCheetah-v4] seed= 55 t=1,987,000  ep=1987  ep_reward=  9119.31  ep_steps=1000
[HalfCheetah-v4] seed= 55 t=1,988,000  ep=1988  ep_reward=  9329.27  ep_steps=1000
[HalfCheetah-v4] seed= 55 t=1,989,000  ep=1989  ep_reward=  9430.26  ep_steps=1000
[HalfCheetah-v4] seed= 55 t=1,990,000  ep=1990  ep_reward=  9609.17  ep_steps=1000
  *** Eval  t=1,990,000  avg_reward= 10092.36  (10 eps)  elapsed=141.6min ***
[HalfCheetah-v4] seed= 55 t=1,991,000  ep=1991  ep_reward=  9199.43  ep_steps=1000
[HalfCheetah-v4] seed= 55 t=1,992,000  ep=1992  ep_reward=  9073.93  ep_steps=1000
[HalfCheetah-v4] seed= 55 t=1,993,000  ep=1993  ep_reward=  9532.97  ep_steps=1000
[HalfCheetah-v4] seed= 55 t=1,994,000  ep=1994  ep_reward=  9309.51  ep_steps=1000
[HalfCheetah-v4] seed= 55 t=1,995,000  ep=1995  ep_reward=  9549.52  ep_steps=1000
[HalfCheetah-v4] seed= 55 t=1,996,000  ep=1996  ep_reward=  9539.64  ep_steps=1000
[HalfCheetah-v4] seed= 55 t=1,997,000  ep=1997  ep_reward=  9265.12  ep_steps=1000
[HalfCheetah-v4] seed= 55 t=1,998,000  ep=1998  ep_reward=  9225.37  ep_steps=1000
[HalfCheetah-v4] seed= 55 t=1,999,000  ep=1999  ep_reward=  9368.90  ep_steps=1000
[HalfCheetah-v4] seed= 55 t=2,000,000  ep=2000  ep_reward=  9435.38  ep_steps=1000
  *** Eval  t=2,000,000  avg_reward= 10147.44  (10 eps)  elapsed=142.4min ***
[HalfCheetah-v4] seed= 55 t=2,001,000  ep=2001  ep_reward=  9471.11  ep_steps=1000
[HalfCheetah-v4] seed= 55 t=2,002,000  ep=2002  ep_reward=  9271.23  ep_steps=1000
[HalfCheetah-v4] seed= 55 t=2,003,000  ep=2003  ep_reward=  9546.00  ep_steps=1000
[HalfCheetah-v4] seed= 55 t=2,004,000  ep=2004  ep_reward=  9247.33  ep_steps=1000
[HalfCheetah-v4] seed= 55 t=2,005,000  ep=2005  ep_reward=  9333.87  ep_steps=1000
[HalfCheetah-v4] seed= 55 t=2,006,000  ep=2006  ep_reward=  9116.05  ep_steps=1000
[HalfCheetah-v4] seed= 55 t=2,007,000  ep=2007  ep_reward=  9309.21  ep_steps=1000
[HalfCheetah-v4] seed= 55 t=2,008,000  ep=2008  ep_reward=  9344.00  ep_steps=1000
[HalfCheetah-v4] seed= 55 t=2,009,000  ep=2009  ep_reward=  9426.11  ep_steps=1000
[HalfCheetah-v4] seed= 55 t=2,010,000  ep=2010  ep_reward=  9293.90  ep_steps=1000
  *** Eval  t=2,010,000  avg_reward= 10319.66  (10 eps)  elapsed=143.1min ***
[HalfCheetah-v4] seed= 55 t=2,011,000  ep=2011  ep_reward=  9307.40  ep_steps=1000
[HalfCheetah-v4] seed= 55 t=2,012,000  ep=2012  ep_reward=  9546.19  ep_steps=1000
[HalfCheetah-v4] seed= 55 t=2,013,000  ep=2013  ep_reward=  9341.51  ep_steps=1000
[HalfCheetah-v4] seed= 55 t=2,014,000  ep=2014  ep_reward=  9358.07  ep_steps=1000
[HalfCheetah-v4] seed= 55 t=2,015,000  ep=2015  ep_reward=  9046.99  ep_steps=1000
[HalfCheetah-v4] seed= 55 t=2,016,000  ep=2016  ep_reward=  9575.96  ep_steps=1000
[HalfCheetah-v4] seed= 55 t=2,017,000  ep=2017  ep_reward=  9390.17  ep_steps=1000
[HalfCheetah-v4] seed= 55 t=2,018,000  ep=2018  ep_reward=  9099.54  ep_steps=1000
[HalfCheetah-v4] seed= 55 t=2,019,000  ep=2019  ep_reward=  9396.41  ep_steps=1000
[HalfCheetah-v4] seed= 55 t=2,020,000  ep=2020  ep_reward=  9177.49  ep_steps=1000
  *** Eval  t=2,020,000  avg_reward= 10189.32  (10 eps)  elapsed=143.8min ***
[HalfCheetah-v4] seed= 55 t=2,021,000  ep=2021  ep_reward=  9551.85  ep_steps=1000
[HalfCheetah-v4] seed= 55 t=2,022,000  ep=2022  ep_reward=  9230.57  ep_steps=1000
[HalfCheetah-v4] seed= 55 t=2,023,000  ep=2023  ep_reward=  9279.71  ep_steps=1000
[HalfCheetah-v4] seed= 55 t=2,024,000  ep=2024  ep_reward=  9488.23  ep_steps=1000
[HalfCheetah-v4] seed= 55 t=2,025,000  ep=2025  ep_reward=  9495.80  ep_steps=1000
[HalfCheetah-v4] seed= 55 t=2,026,000  ep=2026  ep_reward=  9363.36  ep_steps=1000
[HalfCheetah-v4] seed= 55 t=2,027,000  ep=2027  ep_reward=  9367.53  ep_steps=1000
[HalfCheetah-v4] seed= 55 t=2,028,000  ep=2028  ep_reward=  9480.64  ep_steps=1000
[HalfCheetah-v4] seed= 55 t=2,029,000  ep=2029  ep_reward=  9339.26  ep_steps=1000
[HalfCheetah-v4] seed= 55 t=2,030,000  ep=2030  ep_reward=  9234.07  ep_steps=1000
  *** Eval  t=2,030,000  avg_reward= 10234.69  (10 eps)  elapsed=144.5min ***
[HalfCheetah-v4] seed= 55 t=2,031,000  ep=2031  ep_reward=  9260.37  ep_steps=1000
[HalfCheetah-v4] seed= 55 t=2,032,000  ep=2032  ep_reward=  9372.32  ep_steps=1000
[HalfCheetah-v4] seed= 55 t=2,033,000  ep=2033  ep_reward=  9395.14  ep_steps=1000
[HalfCheetah-v4] seed= 55 t=2,034,000  ep=2034  ep_reward=  9195.13  ep_steps=1000
[HalfCheetah-v4] seed= 55 t=2,035,000  ep=2035  ep_reward=  9394.06  ep_steps=1000
[HalfCheetah-v4] seed= 55 t=2,036,000  ep=2036  ep_reward=  9388.92  ep_steps=1000
[HalfCheetah-v4] seed= 55 t=2,037,000  ep=2037  ep_reward=  8955.15  ep_steps=1000
[HalfCheetah-v4] seed= 55 t=2,038,000  ep=2038  ep_reward=  9319.50  ep_steps=1000
[HalfCheetah-v4] seed= 55 t=2,039,000  ep=2039  ep_reward=  9456.66  ep_steps=1000
[HalfCheetah-v4] seed= 55 t=2,040,000  ep=2040  ep_reward=  9461.08  ep_steps=1000
  *** Eval  t=2,040,000  avg_reward= 10450.23  (10 eps)  elapsed=145.2min ***
[HalfCheetah-v4] seed= 55 t=2,041,000  ep=2041  ep_reward=  9321.76  ep_steps=1000
[HalfCheetah-v4] seed= 55 t=2,042,000  ep=2042  ep_reward=  9191.25  ep_steps=1000
[HalfCheetah-v4] seed= 55 t=2,043,000  ep=2043  ep_reward=  9593.02  ep_steps=1000
[HalfCheetah-v4] seed= 55 t=2,044,000  ep=2044  ep_reward=  9384.63  ep_steps=1000
[HalfCheetah-v4] seed= 55 t=2,045,000  ep=2045  ep_reward=  9109.03  ep_steps=1000
[HalfCheetah-v4] seed= 55 t=2,046,000  ep=2046  ep_reward=  9464.74  ep_steps=1000
[HalfCheetah-v4] seed= 55 t=2,047,000  ep=2047  ep_reward=  9285.10  ep_steps=1000
[HalfCheetah-v4] seed= 55 t=2,048,000  ep=2048  ep_reward=  9450.69  ep_steps=1000
[HalfCheetah-v4] seed= 55 t=2,049,000  ep=2049  ep_reward=  9457.66  ep_steps=1000
[HalfCheetah-v4] seed= 55 t=2,050,000  ep=2050  ep_reward=  9406.93  ep_steps=1000
  *** Eval  t=2,050,000  avg_reward= 10144.16  (10 eps)  elapsed=145.9min ***
[HalfCheetah-v4] seed= 55 t=2,051,000  ep=2051  ep_reward=  9364.53  ep_steps=1000
[HalfCheetah-v4] seed= 55 t=2,052,000  ep=2052  ep_reward=  9441.57  ep_steps=1000
[HalfCheetah-v4] seed= 55 t=2,053,000  ep=2053  ep_reward=  9472.21  ep_steps=1000
[HalfCheetah-v4] seed= 55 t=2,054,000  ep=2054  ep_reward=  9440.55  ep_steps=1000
[HalfCheetah-v4] seed= 55 t=2,055,000  ep=2055  ep_reward=  9396.99  ep_steps=1000
[HalfCheetah-v4] seed= 55 t=2,056,000  ep=2056  ep_reward=  9186.61  ep_steps=1000
[HalfCheetah-v4] seed= 55 t=2,057,000  ep=2057  ep_reward=  9287.83  ep_steps=1000
[HalfCheetah-v4] seed= 55 t=2,058,000  ep=2058  ep_reward=  9410.37  ep_steps=1000
[HalfCheetah-v4] seed= 55 t=2,059,000  ep=2059  ep_reward=  9448.90  ep_steps=1000
[HalfCheetah-v4] seed= 55 t=2,060,000  ep=2060  ep_reward=  9454.12  ep_steps=1000
  *** Eval  t=2,060,000  avg_reward= 10116.55  (10 eps)  elapsed=146.6min ***
[HalfCheetah-v4] seed= 55 t=2,061,000  ep=2061  ep_reward=  9353.65  ep_steps=1000
[HalfCheetah-v4] seed= 55 t=2,062,000  ep=2062  ep_reward=  9009.18  ep_steps=1000
[HalfCheetah-v4] seed= 55 t=2,063,000  ep=2063  ep_reward=  9371.25  ep_steps=1000
[HalfCheetah-v4] seed= 55 t=2,064,000  ep=2064  ep_reward=  9367.21  ep_steps=1000
[HalfCheetah-v4] seed= 55 t=2,065,000  ep=2065  ep_reward=  9300.72  ep_steps=1000
[HalfCheetah-v4] seed= 55 t=2,066,000  ep=2066  ep_reward=  9383.10  ep_steps=1000
[HalfCheetah-v4] seed= 55 t=2,067,000  ep=2067  ep_reward=  9364.26  ep_steps=1000
[HalfCheetah-v4] seed= 55 t=2,068,000  ep=2068  ep_reward=  9425.77  ep_steps=1000
[HalfCheetah-v4] seed= 55 t=2,069,000  ep=2069  ep_reward=  9405.45  ep_steps=1000
[HalfCheetah-v4] seed= 55 t=2,070,000  ep=2070  ep_reward=  9432.79  ep_steps=1000
  *** Eval  t=2,070,000  avg_reward= 10412.95  (10 eps)  elapsed=147.4min ***
[HalfCheetah-v4] seed= 55 t=2,071,000  ep=2071  ep_reward=  9561.92  ep_steps=1000
[HalfCheetah-v4] seed= 55 t=2,072,000  ep=2072  ep_reward=  9516.34  ep_steps=1000
[HalfCheetah-v4] seed= 55 t=2,073,000  ep=2073  ep_reward=  9598.05  ep_steps=1000
[HalfCheetah-v4] seed= 55 t=2,074,000  ep=2074  ep_reward=  9341.19  ep_steps=1000
[HalfCheetah-v4] seed= 55 t=2,075,000  ep=2075  ep_reward=  9314.96  ep_steps=1000
[HalfCheetah-v4] seed= 55 t=2,076,000  ep=2076  ep_reward=  9404.98  ep_steps=1000
[HalfCheetah-v4] seed= 55 t=2,077,000  ep=2077  ep_reward=  9548.50  ep_steps=1000
[HalfCheetah-v4] seed= 55 t=2,078,000  ep=2078  ep_reward=  9569.35  ep_steps=1000
[HalfCheetah-v4] seed= 55 t=2,079,000  ep=2079  ep_reward=  9498.89  ep_steps=1000
[HalfCheetah-v4] seed= 55 t=2,080,000  ep=2080  ep_reward=  9457.69  ep_steps=1000
  *** Eval  t=2,080,000  avg_reward= 10151.68  (10 eps)  elapsed=148.1min ***
[HalfCheetah-v4] seed= 55 t=2,081,000  ep=2081  ep_reward=  9568.16  ep_steps=1000
[HalfCheetah-v4] seed= 55 t=2,082,000  ep=2082  ep_reward=  9372.52  ep_steps=1000
[HalfCheetah-v4] seed= 55 t=2,083,000  ep=2083  ep_reward=  9576.67  ep_steps=1000
[HalfCheetah-v4] seed= 55 t=2,084,000  ep=2084  ep_reward=  9124.47  ep_steps=1000
[HalfCheetah-v4] seed= 55 t=2,085,000  ep=2085  ep_reward=  9361.99  ep_steps=1000
[HalfCheetah-v4] seed= 55 t=2,086,000  ep=2086  ep_reward=  9480.51  ep_steps=1000
[HalfCheetah-v4] seed= 55 t=2,087,000  ep=2087  ep_reward=  9482.28  ep_steps=1000
[HalfCheetah-v4] seed= 55 t=2,088,000  ep=2088  ep_reward=  9528.94  ep_steps=1000
[HalfCheetah-v4] seed= 55 t=2,089,000  ep=2089  ep_reward=  9684.68  ep_steps=1000
[HalfCheetah-v4] seed= 55 t=2,090,000  ep=2090  ep_reward=  8068.07  ep_steps=1000
  *** Eval  t=2,090,000  avg_reward= 10488.69  (10 eps)  elapsed=148.8min ***
[HalfCheetah-v4] seed= 55 t=2,091,000  ep=2091  ep_reward=  9476.47  ep_steps=1000
[HalfCheetah-v4] seed= 55 t=2,092,000  ep=2092  ep_reward=  9407.96  ep_steps=1000
[HalfCheetah-v4] seed= 55 t=2,093,000  ep=2093  ep_reward=  9346.21  ep_steps=1000
[HalfCheetah-v4] seed= 55 t=2,094,000  ep=2094  ep_reward=  9327.01  ep_steps=1000
[HalfCheetah-v4] seed= 55 t=2,095,000  ep=2095  ep_reward=  9358.01  ep_steps=1000
[HalfCheetah-v4] seed= 55 t=2,096,000  ep=2096  ep_reward=  9659.45  ep_steps=1000
[HalfCheetah-v4] seed= 55 t=2,097,000  ep=2097  ep_reward=  9351.12  ep_steps=1000
[HalfCheetah-v4] seed= 55 t=2,098,000  ep=2098  ep_reward=  9569.61  ep_steps=1000
[HalfCheetah-v4] seed= 55 t=2,099,000  ep=2099  ep_reward=  9064.06  ep_steps=1000
[HalfCheetah-v4] seed= 55 t=2,100,000  ep=2100  ep_reward=  9588.40  ep_steps=1000
  *** Eval  t=2,100,000  avg_reward=  9903.28  (10 eps)  elapsed=149.5min ***
[HalfCheetah-v4] seed= 55 t=2,101,000  ep=2101  ep_reward=  9566.35  ep_steps=1000
[HalfCheetah-v4] seed= 55 t=2,102,000  ep=2102  ep_reward=  9494.04  ep_steps=1000
[HalfCheetah-v4] seed= 55 t=2,103,000  ep=2103  ep_reward=  9584.47  ep_steps=1000
[HalfCheetah-v4] seed= 55 t=2,104,000  ep=2104  ep_reward=  9375.45  ep_steps=1000
[HalfCheetah-v4] seed= 55 t=2,105,000  ep=2105  ep_reward=  9581.41  ep_steps=1000
[HalfCheetah-v4] seed= 55 t=2,106,000  ep=2106  ep_reward=  9209.92  ep_steps=1000
[HalfCheetah-v4] seed= 55 t=2,107,000  ep=2107  ep_reward=  9210.85  ep_steps=1000
[HalfCheetah-v4] seed= 55 t=2,108,000  ep=2108  ep_reward=  9405.14  ep_steps=1000
[HalfCheetah-v4] seed= 55 t=2,109,000  ep=2109  ep_reward=  9349.10  ep_steps=1000
[HalfCheetah-v4] seed= 55 t=2,110,000  ep=2110  ep_reward=  9507.66  ep_steps=1000
  *** Eval  t=2,110,000  avg_reward= 10228.90  (10 eps)  elapsed=150.2min ***
[HalfCheetah-v4] seed= 55 t=2,111,000  ep=2111  ep_reward=  9426.92  ep_steps=1000
[HalfCheetah-v4] seed= 55 t=2,112,000  ep=2112  ep_reward=  9585.26  ep_steps=1000
[HalfCheetah-v4] seed= 55 t=2,113,000  ep=2113  ep_reward=  9091.68  ep_steps=1000
[HalfCheetah-v4] seed= 55 t=2,114,000  ep=2114  ep_reward=  9343.26  ep_steps=1000
[HalfCheetah-v4] seed= 55 t=2,115,000  ep=2115  ep_reward=  9444.89  ep_steps=1000
[HalfCheetah-v4] seed= 55 t=2,116,000  ep=2116  ep_reward=  9481.54  ep_steps=1000
[HalfCheetah-v4] seed= 55 t=2,117,000  ep=2117  ep_reward=  9237.86  ep_steps=1000
[HalfCheetah-v4] seed= 55 t=2,118,000  ep=2118  ep_reward=  9454.44  ep_steps=1000
[HalfCheetah-v4] seed= 55 t=2,119,000  ep=2119  ep_reward=  8746.50  ep_steps=1000
[HalfCheetah-v4] seed= 55 t=2,120,000  ep=2120  ep_reward=  9253.00  ep_steps=1000
  *** Eval  t=2,120,000  avg_reward=  9976.13  (10 eps)  elapsed=150.9min ***
[HalfCheetah-v4] seed= 55 t=2,121,000  ep=2121  ep_reward=  9626.83  ep_steps=1000
[HalfCheetah-v4] seed= 55 t=2,122,000  ep=2122  ep_reward=  9670.37  ep_steps=1000
[HalfCheetah-v4] seed= 55 t=2,123,000  ep=2123  ep_reward=  9538.45  ep_steps=1000
[HalfCheetah-v4] seed= 55 t=2,124,000  ep=2124  ep_reward=  9194.07  ep_steps=1000
[HalfCheetah-v4] seed= 55 t=2,125,000  ep=2125  ep_reward=  9486.48  ep_steps=1000
[HalfCheetah-v4] seed= 55 t=2,126,000  ep=2126  ep_reward=  9438.91  ep_steps=1000
[HalfCheetah-v4] seed= 55 t=2,127,000  ep=2127  ep_reward=  9773.61  ep_steps=1000
[HalfCheetah-v4] seed= 55 t=2,128,000  ep=2128  ep_reward=  9254.58  ep_steps=1000
[HalfCheetah-v4] seed= 55 t=2,129,000  ep=2129  ep_reward=  9587.43  ep_steps=1000
[HalfCheetah-v4] seed= 55 t=2,130,000  ep=2130  ep_reward=  9628.31  ep_steps=1000
  *** Eval  t=2,130,000  avg_reward= 10432.03  (10 eps)  elapsed=151.6min ***
[HalfCheetah-v4] seed= 55 t=2,131,000  ep=2131  ep_reward=  9338.97  ep_steps=1000
[HalfCheetah-v4] seed= 55 t=2,132,000  ep=2132  ep_reward=  9429.86  ep_steps=1000
[HalfCheetah-v4] seed= 55 t=2,133,000  ep=2133  ep_reward=  9634.78  ep_steps=1000
[HalfCheetah-v4] seed= 55 t=2,134,000  ep=2134  ep_reward=  9457.59  ep_steps=1000
[HalfCheetah-v4] seed= 55 t=2,135,000  ep=2135  ep_reward=  9238.49  ep_steps=1000
[HalfCheetah-v4] seed= 55 t=2,136,000  ep=2136  ep_reward=  9345.50  ep_steps=1000
[HalfCheetah-v4] seed= 55 t=2,137,000  ep=2137  ep_reward=  9478.09  ep_steps=1000
[HalfCheetah-v4] seed= 55 t=2,138,000  ep=2138  ep_reward=  9249.40  ep_steps=1000
[HalfCheetah-v4] seed= 55 t=2,139,000  ep=2139  ep_reward=  9469.50  ep_steps=1000
[HalfCheetah-v4] seed= 55 t=2,140,000  ep=2140  ep_reward=  9726.76  ep_steps=1000
  *** Eval  t=2,140,000  avg_reward= 10589.76  (10 eps)  elapsed=152.4min ***
[HalfCheetah-v4] seed= 55 t=2,141,000  ep=2141  ep_reward=  9388.26  ep_steps=1000
[HalfCheetah-v4] seed= 55 t=2,142,000  ep=2142  ep_reward=  9380.74  ep_steps=1000
[HalfCheetah-v4] seed= 55 t=2,143,000  ep=2143  ep_reward=  9693.37  ep_steps=1000
[HalfCheetah-v4] seed= 55 t=2,144,000  ep=2144  ep_reward=  9516.27  ep_steps=1000
[HalfCheetah-v4] seed= 55 t=2,145,000  ep=2145  ep_reward=  9385.92  ep_steps=1000
[HalfCheetah-v4] seed= 55 t=2,146,000  ep=2146  ep_reward=  9385.55  ep_steps=1000
[HalfCheetah-v4] seed= 55 t=2,147,000  ep=2147  ep_reward=  9503.94  ep_steps=1000
[HalfCheetah-v4] seed= 55 t=2,148,000  ep=2148  ep_reward=  9383.31  ep_steps=1000
[HalfCheetah-v4] seed= 55 t=2,149,000  ep=2149  ep_reward=  9644.13  ep_steps=1000
[HalfCheetah-v4] seed= 55 t=2,150,000  ep=2150  ep_reward=  9332.76  ep_steps=1000
  *** Eval  t=2,150,000  avg_reward= 10660.44  (10 eps)  elapsed=153.1min ***
[HalfCheetah-v4] seed= 55 t=2,151,000  ep=2151  ep_reward=  9448.39  ep_steps=1000
[HalfCheetah-v4] seed= 55 t=2,152,000  ep=2152  ep_reward=  9599.20  ep_steps=1000
[HalfCheetah-v4] seed= 55 t=2,153,000  ep=2153  ep_reward=  9410.23  ep_steps=1000
[HalfCheetah-v4] seed= 55 t=2,154,000  ep=2154  ep_reward=  9382.74  ep_steps=1000
[HalfCheetah-v4] seed= 55 t=2,155,000  ep=2155  ep_reward=  9433.38  ep_steps=1000
[HalfCheetah-v4] seed= 55 t=2,156,000  ep=2156  ep_reward=  9399.59  ep_steps=1000
[HalfCheetah-v4] seed= 55 t=2,157,000  ep=2157  ep_reward=  9704.07  ep_steps=1000
[HalfCheetah-v4] seed= 55 t=2,158,000  ep=2158  ep_reward=  9597.45  ep_steps=1000
[HalfCheetah-v4] seed= 55 t=2,159,000  ep=2159  ep_reward=  9665.88  ep_steps=1000
[HalfCheetah-v4] seed= 55 t=2,160,000  ep=2160  ep_reward=  9447.21  ep_steps=1000
  *** Eval  t=2,160,000  avg_reward= 10608.77  (10 eps)  elapsed=153.8min ***
[HalfCheetah-v4] seed= 55 t=2,161,000  ep=2161  ep_reward=  9602.21  ep_steps=1000
[HalfCheetah-v4] seed= 55 t=2,162,000  ep=2162  ep_reward=  9587.01  ep_steps=1000
[HalfCheetah-v4] seed= 55 t=2,163,000  ep=2163  ep_reward=  9061.50  ep_steps=1000
[HalfCheetah-v4] seed= 55 t=2,164,000  ep=2164  ep_reward=  9621.46  ep_steps=1000
[HalfCheetah-v4] seed= 55 t=2,165,000  ep=2165  ep_reward=  9490.88  ep_steps=1000
[HalfCheetah-v4] seed= 55 t=2,166,000  ep=2166  ep_reward=  9517.34  ep_steps=1000
[HalfCheetah-v4] seed= 55 t=2,167,000  ep=2167  ep_reward=  9388.74  ep_steps=1000
[HalfCheetah-v4] seed= 55 t=2,168,000  ep=2168  ep_reward=  9391.29  ep_steps=1000
[HalfCheetah-v4] seed= 55 t=2,169,000  ep=2169  ep_reward=  9544.56  ep_steps=1000
[HalfCheetah-v4] seed= 55 t=2,170,000  ep=2170  ep_reward=  9400.22  ep_steps=1000
  *** Eval  t=2,170,000  avg_reward= 10342.33  (10 eps)  elapsed=154.5min ***
[HalfCheetah-v4] seed= 55 t=2,171,000  ep=2171  ep_reward=  9559.05  ep_steps=1000
[HalfCheetah-v4] seed= 55 t=2,172,000  ep=2172  ep_reward=  9255.28  ep_steps=1000
[HalfCheetah-v4] seed= 55 t=2,173,000  ep=2173  ep_reward=  9352.89  ep_steps=1000
[HalfCheetah-v4] seed= 55 t=2,174,000  ep=2174  ep_reward=  9385.56  ep_steps=1000
[HalfCheetah-v4] seed= 55 t=2,175,000  ep=2175  ep_reward=  9243.32  ep_steps=1000
[HalfCheetah-v4] seed= 55 t=2,176,000  ep=2176  ep_reward=  9602.41  ep_steps=1000
[HalfCheetah-v4] seed= 55 t=2,177,000  ep=2177  ep_reward=  9714.21  ep_steps=1000
[HalfCheetah-v4] seed= 55 t=2,178,000  ep=2178  ep_reward=  9332.57  ep_steps=1000
[HalfCheetah-v4] seed= 55 t=2,179,000  ep=2179  ep_reward=  9473.75  ep_steps=1000
[HalfCheetah-v4] seed= 55 t=2,180,000  ep=2180  ep_reward=  9608.34  ep_steps=1000
  *** Eval  t=2,180,000  avg_reward= 10659.81  (10 eps)  elapsed=155.2min ***
[HalfCheetah-v4] seed= 55 t=2,181,000  ep=2181  ep_reward=  9767.44  ep_steps=1000
[HalfCheetah-v4] seed= 55 t=2,182,000  ep=2182  ep_reward=  9257.06  ep_steps=1000
[HalfCheetah-v4] seed= 55 t=2,183,000  ep=2183  ep_reward=  9421.06  ep_steps=1000
[HalfCheetah-v4] seed= 55 t=2,184,000  ep=2184  ep_reward=  9298.27  ep_steps=1000
[HalfCheetah-v4] seed= 55 t=2,185,000  ep=2185  ep_reward=  9679.99  ep_steps=1000
[HalfCheetah-v4] seed= 55 t=2,186,000  ep=2186  ep_reward=  9529.03  ep_steps=1000
[HalfCheetah-v4] seed= 55 t=2,187,000  ep=2187  ep_reward=  9524.21  ep_steps=1000
[HalfCheetah-v4] seed= 55 t=2,188,000  ep=2188  ep_reward=  9561.77  ep_steps=1000
[HalfCheetah-v4] seed= 55 t=2,189,000  ep=2189  ep_reward=  9278.20  ep_steps=1000
[HalfCheetah-v4] seed= 55 t=2,190,000  ep=2190  ep_reward=  9413.18  ep_steps=1000
  *** Eval  t=2,190,000  avg_reward= 10759.41  (10 eps)  elapsed=155.9min ***
[HalfCheetah-v4] seed= 55 t=2,191,000  ep=2191  ep_reward=  9321.06  ep_steps=1000
[HalfCheetah-v4] seed= 55 t=2,192,000  ep=2192  ep_reward=  9386.11  ep_steps=1000
[HalfCheetah-v4] seed= 55 t=2,193,000  ep=2193  ep_reward=  9612.85  ep_steps=1000
[HalfCheetah-v4] seed= 55 t=2,194,000  ep=2194  ep_reward=  9635.00  ep_steps=1000
[HalfCheetah-v4] seed= 55 t=2,195,000  ep=2195  ep_reward=  9312.63  ep_steps=1000
[HalfCheetah-v4] seed= 55 t=2,196,000  ep=2196  ep_reward=  9405.77  ep_steps=1000
[HalfCheetah-v4] seed= 55 t=2,197,000  ep=2197  ep_reward=  9593.92  ep_steps=1000
[HalfCheetah-v4] seed= 55 t=2,198,000  ep=2198  ep_reward=  9432.22  ep_steps=1000
[HalfCheetah-v4] seed= 55 t=2,199,000  ep=2199  ep_reward=  9760.62  ep_steps=1000
[HalfCheetah-v4] seed= 55 t=2,200,000  ep=2200  ep_reward=  9102.82  ep_steps=1000
  *** Eval  t=2,200,000  avg_reward= 10334.91  (10 eps)  elapsed=156.6min ***
[HalfCheetah-v4] seed= 55 t=2,201,000  ep=2201  ep_reward=  9515.97  ep_steps=1000
[HalfCheetah-v4] seed= 55 t=2,202,000  ep=2202  ep_reward=  9487.21  ep_steps=1000
[HalfCheetah-v4] seed= 55 t=2,203,000  ep=2203  ep_reward=  9532.72  ep_steps=1000
[HalfCheetah-v4] seed= 55 t=2,204,000  ep=2204  ep_reward=  9586.26  ep_steps=1000
[HalfCheetah-v4] seed= 55 t=2,205,000  ep=2205  ep_reward=  9477.83  ep_steps=1000
[HalfCheetah-v4] seed= 55 t=2,206,000  ep=2206  ep_reward=  9696.88  ep_steps=1000
[HalfCheetah-v4] seed= 55 t=2,207,000  ep=2207  ep_reward=  9541.02  ep_steps=1000
[HalfCheetah-v4] seed= 55 t=2,208,000  ep=2208  ep_reward=  9674.52  ep_steps=1000
[HalfCheetah-v4] seed= 55 t=2,209,000  ep=2209  ep_reward=  9520.52  ep_steps=1000
[HalfCheetah-v4] seed= 55 t=2,210,000  ep=2210  ep_reward=  9401.20  ep_steps=1000
  *** Eval  t=2,210,000  avg_reward= 10460.10  (10 eps)  elapsed=157.4min ***
[HalfCheetah-v4] seed= 55 t=2,211,000  ep=2211  ep_reward=  9701.24  ep_steps=1000
[HalfCheetah-v4] seed= 55 t=2,212,000  ep=2212  ep_reward=  9198.29  ep_steps=1000
[HalfCheetah-v4] seed= 55 t=2,213,000  ep=2213  ep_reward=  9329.95  ep_steps=1000
[HalfCheetah-v4] seed= 55 t=2,214,000  ep=2214  ep_reward=  9446.82  ep_steps=1000
[HalfCheetah-v4] seed= 55 t=2,215,000  ep=2215  ep_reward=  9609.65  ep_steps=1000
[HalfCheetah-v4] seed= 55 t=2,216,000  ep=2216  ep_reward=  9523.24  ep_steps=1000
[HalfCheetah-v4] seed= 55 t=2,217,000  ep=2217  ep_reward=  9450.60  ep_steps=1000
[HalfCheetah-v4] seed= 55 t=2,218,000  ep=2218  ep_reward=  9688.14  ep_steps=1000
[HalfCheetah-v4] seed= 55 t=2,219,000  ep=2219  ep_reward=  9446.90  ep_steps=1000
[HalfCheetah-v4] seed= 55 t=2,220,000  ep=2220  ep_reward=  9595.89  ep_steps=1000
  *** Eval  t=2,220,000  avg_reward= 10459.85  (10 eps)  elapsed=158.1min ***
[HalfCheetah-v4] seed= 55 t=2,221,000  ep=2221  ep_reward=  9563.61  ep_steps=1000
[HalfCheetah-v4] seed= 55 t=2,222,000  ep=2222  ep_reward=  9569.22  ep_steps=1000
[HalfCheetah-v4] seed= 55 t=2,223,000  ep=2223  ep_reward=  9376.57  ep_steps=1000
[HalfCheetah-v4] seed= 55 t=2,224,000  ep=2224  ep_reward=  9511.98  ep_steps=1000
[HalfCheetah-v4] seed= 55 t=2,225,000  ep=2225  ep_reward=  9437.94  ep_steps=1000
[HalfCheetah-v4] seed= 55 t=2,226,000  ep=2226  ep_reward=  9449.74  ep_steps=1000
[HalfCheetah-v4] seed= 55 t=2,227,000  ep=2227  ep_reward=  9401.05  ep_steps=1000
[HalfCheetah-v4] seed= 55 t=2,228,000  ep=2228  ep_reward=  9693.95  ep_steps=1000
[HalfCheetah-v4] seed= 55 t=2,229,000  ep=2229  ep_reward=  9247.86  ep_steps=1000
[HalfCheetah-v4] seed= 55 t=2,230,000  ep=2230  ep_reward=  9407.59  ep_steps=1000
  *** Eval  t=2,230,000  avg_reward= 10777.42  (10 eps)  elapsed=158.8min ***
[HalfCheetah-v4] seed= 55 t=2,231,000  ep=2231  ep_reward=  9723.29  ep_steps=1000
[HalfCheetah-v4] seed= 55 t=2,232,000  ep=2232  ep_reward=  9066.40  ep_steps=1000
[HalfCheetah-v4] seed= 55 t=2,233,000  ep=2233  ep_reward=  9354.23  ep_steps=1000
[HalfCheetah-v4] seed= 55 t=2,234,000  ep=2234  ep_reward=  9559.32  ep_steps=1000
[HalfCheetah-v4] seed= 55 t=2,235,000  ep=2235  ep_reward=  9628.46  ep_steps=1000
[HalfCheetah-v4] seed= 55 t=2,236,000  ep=2236  ep_reward=  9168.34  ep_steps=1000
[HalfCheetah-v4] seed= 55 t=2,237,000  ep=2237  ep_reward=  9697.51  ep_steps=1000
[HalfCheetah-v4] seed= 55 t=2,238,000  ep=2238  ep_reward=  9417.62  ep_steps=1000
[HalfCheetah-v4] seed= 55 t=2,239,000  ep=2239  ep_reward=  9232.48  ep_steps=1000
[HalfCheetah-v4] seed= 55 t=2,240,000  ep=2240  ep_reward=  9595.85  ep_steps=1000
  *** Eval  t=2,240,000  avg_reward= 10769.27  (10 eps)  elapsed=159.5min ***
[HalfCheetah-v4] seed= 55 t=2,241,000  ep=2241  ep_reward=  9243.17  ep_steps=1000
[HalfCheetah-v4] seed= 55 t=2,242,000  ep=2242  ep_reward=  9536.38  ep_steps=1000
[HalfCheetah-v4] seed= 55 t=2,243,000  ep=2243  ep_reward=  9514.88  ep_steps=1000
[HalfCheetah-v4] seed= 55 t=2,244,000  ep=2244  ep_reward=  9536.11  ep_steps=1000
[HalfCheetah-v4] seed= 55 t=2,245,000  ep=2245  ep_reward=  9567.27  ep_steps=1000
[HalfCheetah-v4] seed= 55 t=2,246,000  ep=2246  ep_reward=  9603.65  ep_steps=1000
[HalfCheetah-v4] seed= 55 t=2,247,000  ep=2247  ep_reward=  9440.48  ep_steps=1000
[HalfCheetah-v4] seed= 55 t=2,248,000  ep=2248  ep_reward=  9425.84  ep_steps=1000
[HalfCheetah-v4] seed= 55 t=2,249,000  ep=2249  ep_reward=  9426.87  ep_steps=1000
[HalfCheetah-v4] seed= 55 t=2,250,000  ep=2250  ep_reward=  9609.55  ep_steps=1000
  *** Eval  t=2,250,000  avg_reward= 10611.93  (10 eps)  elapsed=160.2min ***
[HalfCheetah-v4] seed= 55 t=2,251,000  ep=2251  ep_reward=  9499.68  ep_steps=1000
[HalfCheetah-v4] seed= 55 t=2,252,000  ep=2252  ep_reward=  9505.91  ep_steps=1000
[HalfCheetah-v4] seed= 55 t=2,253,000  ep=2253  ep_reward=  9551.86  ep_steps=1000
[HalfCheetah-v4] seed= 55 t=2,254,000  ep=2254  ep_reward=  9492.59  ep_steps=1000
[HalfCheetah-v4] seed= 55 t=2,255,000  ep=2255  ep_reward=  9540.61  ep_steps=1000
[HalfCheetah-v4] seed= 55 t=2,256,000  ep=2256  ep_reward=  9467.00  ep_steps=1000
[HalfCheetah-v4] seed= 55 t=2,257,000  ep=2257  ep_reward=  9552.82  ep_steps=1000
[HalfCheetah-v4] seed= 55 t=2,258,000  ep=2258  ep_reward=  9660.43  ep_steps=1000
[HalfCheetah-v4] seed= 55 t=2,259,000  ep=2259  ep_reward=  9393.97  ep_steps=1000
[HalfCheetah-v4] seed= 55 t=2,260,000  ep=2260  ep_reward=  9448.50  ep_steps=1000
  *** Eval  t=2,260,000  avg_reward=  9634.87  (10 eps)  elapsed=160.9min ***
[HalfCheetah-v4] seed= 55 t=2,261,000  ep=2261  ep_reward=  9465.27  ep_steps=1000
[HalfCheetah-v4] seed= 55 t=2,262,000  ep=2262  ep_reward=  9624.11  ep_steps=1000
[HalfCheetah-v4] seed= 55 t=2,263,000  ep=2263  ep_reward=  9549.31  ep_steps=1000
[HalfCheetah-v4] seed= 55 t=2,264,000  ep=2264  ep_reward=  9573.05  ep_steps=1000
[HalfCheetah-v4] seed= 55 t=2,265,000  ep=2265  ep_reward=  9499.50  ep_steps=1000
[HalfCheetah-v4] seed= 55 t=2,266,000  ep=2266  ep_reward=  9258.86  ep_steps=1000
[HalfCheetah-v4] seed= 55 t=2,267,000  ep=2267  ep_reward=  9705.94  ep_steps=1000
[HalfCheetah-v4] seed= 55 t=2,268,000  ep=2268  ep_reward=  9302.45  ep_steps=1000
[HalfCheetah-v4] seed= 55 t=2,269,000  ep=2269  ep_reward=  9577.47  ep_steps=1000
[HalfCheetah-v4] seed= 55 t=2,270,000  ep=2270  ep_reward=  9655.59  ep_steps=1000
  *** Eval  t=2,270,000  avg_reward= 10129.31  (10 eps)  elapsed=161.6min ***
[HalfCheetah-v4] seed= 55 t=2,271,000  ep=2271  ep_reward=  9351.61  ep_steps=1000
[HalfCheetah-v4] seed= 55 t=2,272,000  ep=2272  ep_reward=  9627.29  ep_steps=1000
[HalfCheetah-v4] seed= 55 t=2,273,000  ep=2273  ep_reward=  9540.23  ep_steps=1000
[HalfCheetah-v4] seed= 55 t=2,274,000  ep=2274  ep_reward=  9438.51  ep_steps=1000
[HalfCheetah-v4] seed= 55 t=2,275,000  ep=2275  ep_reward=  9672.66  ep_steps=1000
[HalfCheetah-v4] seed= 55 t=2,276,000  ep=2276  ep_reward=  9397.74  ep_steps=1000
[HalfCheetah-v4] seed= 55 t=2,277,000  ep=2277  ep_reward=  9586.56  ep_steps=1000
[HalfCheetah-v4] seed= 55 t=2,278,000  ep=2278  ep_reward=  9703.79  ep_steps=1000
[HalfCheetah-v4] seed= 55 t=2,279,000  ep=2279  ep_reward=  9603.64  ep_steps=1000
[HalfCheetah-v4] seed= 55 t=2,280,000  ep=2280  ep_reward=  9511.74  ep_steps=1000
  *** Eval  t=2,280,000  avg_reward= 10021.61  (10 eps)  elapsed=162.4min ***
[HalfCheetah-v4] seed= 55 t=2,281,000  ep=2281  ep_reward=  9685.56  ep_steps=1000
[HalfCheetah-v4] seed= 55 t=2,282,000  ep=2282  ep_reward=  9544.02  ep_steps=1000
[HalfCheetah-v4] seed= 55 t=2,283,000  ep=2283  ep_reward=  9564.79  ep_steps=1000
[HalfCheetah-v4] seed= 55 t=2,284,000  ep=2284  ep_reward=  9679.95  ep_steps=1000
[HalfCheetah-v4] seed= 55 t=2,285,000  ep=2285  ep_reward=  9612.91  ep_steps=1000
[HalfCheetah-v4] seed= 55 t=2,286,000  ep=2286  ep_reward=  9756.38  ep_steps=1000
[HalfCheetah-v4] seed= 55 t=2,287,000  ep=2287  ep_reward=  9636.48  ep_steps=1000
[HalfCheetah-v4] seed= 55 t=2,288,000  ep=2288  ep_reward=  9451.28  ep_steps=1000
[HalfCheetah-v4] seed= 55 t=2,289,000  ep=2289  ep_reward=  9610.79  ep_steps=1000
[HalfCheetah-v4] seed= 55 t=2,290,000  ep=2290  ep_reward=  9324.62  ep_steps=1000
  *** Eval  t=2,290,000  avg_reward= 10307.65  (10 eps)  elapsed=163.1min ***
[HalfCheetah-v4] seed= 55 t=2,291,000  ep=2291  ep_reward=  9627.80  ep_steps=1000
[HalfCheetah-v4] seed= 55 t=2,292,000  ep=2292  ep_reward=  9470.19  ep_steps=1000
[HalfCheetah-v4] seed= 55 t=2,293,000  ep=2293  ep_reward=  9571.89  ep_steps=1000
[HalfCheetah-v4] seed= 55 t=2,294,000  ep=2294  ep_reward=  9685.89  ep_steps=1000
[HalfCheetah-v4] seed= 55 t=2,295,000  ep=2295  ep_reward=  9300.04  ep_steps=1000
[HalfCheetah-v4] seed= 55 t=2,296,000  ep=2296  ep_reward=  9454.98  ep_steps=1000
[HalfCheetah-v4] seed= 55 t=2,297,000  ep=2297  ep_reward=  9440.90  ep_steps=1000
[HalfCheetah-v4] seed= 55 t=2,298,000  ep=2298  ep_reward=  9607.96  ep_steps=1000
[HalfCheetah-v4] seed= 55 t=2,299,000  ep=2299  ep_reward=  9487.53  ep_steps=1000
[HalfCheetah-v4] seed= 55 t=2,300,000  ep=2300  ep_reward=  9721.51  ep_steps=1000
  *** Eval  t=2,300,000  avg_reward= 10308.74  (10 eps)  elapsed=163.8min ***
[HalfCheetah-v4] seed= 55 t=2,301,000  ep=2301  ep_reward=  9406.62  ep_steps=1000
[HalfCheetah-v4] seed= 55 t=2,302,000  ep=2302  ep_reward=  9518.44  ep_steps=1000
[HalfCheetah-v4] seed= 55 t=2,303,000  ep=2303  ep_reward=  9714.09  ep_steps=1000
[HalfCheetah-v4] seed= 55 t=2,304,000  ep=2304  ep_reward=  9486.70  ep_steps=1000
[HalfCheetah-v4] seed= 55 t=2,305,000  ep=2305  ep_reward=  9376.76  ep_steps=1000
[HalfCheetah-v4] seed= 55 t=2,306,000  ep=2306  ep_reward=  9299.58  ep_steps=1000
[HalfCheetah-v4] seed= 55 t=2,307,000  ep=2307  ep_reward=  9204.72  ep_steps=1000
[HalfCheetah-v4] seed= 55 t=2,308,000  ep=2308  ep_reward=  9723.85  ep_steps=1000
[HalfCheetah-v4] seed= 55 t=2,309,000  ep=2309  ep_reward=  9633.27  ep_steps=1000
[HalfCheetah-v4] seed= 55 t=2,310,000  ep=2310  ep_reward=  9513.19  ep_steps=1000
  *** Eval  t=2,310,000  avg_reward= 10762.18  (10 eps)  elapsed=164.5min ***
[HalfCheetah-v4] seed= 55 t=2,311,000  ep=2311  ep_reward=  9668.55  ep_steps=1000
[HalfCheetah-v4] seed= 55 t=2,312,000  ep=2312  ep_reward=  9284.51  ep_steps=1000
[HalfCheetah-v4] seed= 55 t=2,313,000  ep=2313  ep_reward=  9353.80  ep_steps=1000
[HalfCheetah-v4] seed= 55 t=2,314,000  ep=2314  ep_reward=  9494.54  ep_steps=1000
[HalfCheetah-v4] seed= 55 t=2,315,000  ep=2315  ep_reward=  9555.06  ep_steps=1000
[HalfCheetah-v4] seed= 55 t=2,316,000  ep=2316  ep_reward=  9387.89  ep_steps=1000
[HalfCheetah-v4] seed= 55 t=2,317,000  ep=2317  ep_reward=  9524.18  ep_steps=1000
[HalfCheetah-v4] seed= 55 t=2,318,000  ep=2318  ep_reward=  9869.11  ep_steps=1000
[HalfCheetah-v4] seed= 55 t=2,319,000  ep=2319  ep_reward=  9677.52  ep_steps=1000
[HalfCheetah-v4] seed= 55 t=2,320,000  ep=2320  ep_reward=  9638.64  ep_steps=1000
  *** Eval  t=2,320,000  avg_reward= 10566.87  (10 eps)  elapsed=165.2min ***
[HalfCheetah-v4] seed= 55 t=2,321,000  ep=2321  ep_reward=  9673.06  ep_steps=1000
[HalfCheetah-v4] seed= 55 t=2,322,000  ep=2322  ep_reward=  9666.09  ep_steps=1000
[HalfCheetah-v4] seed= 55 t=2,323,000  ep=2323  ep_reward=  9407.75  ep_steps=1000
[HalfCheetah-v4] seed= 55 t=2,324,000  ep=2324  ep_reward=  9692.53  ep_steps=1000
[HalfCheetah-v4] seed= 55 t=2,325,000  ep=2325  ep_reward=  9657.93  ep_steps=1000
[HalfCheetah-v4] seed= 55 t=2,326,000  ep=2326  ep_reward=  9628.26  ep_steps=1000
[HalfCheetah-v4] seed= 55 t=2,327,000  ep=2327  ep_reward=  9624.53  ep_steps=1000
[HalfCheetah-v4] seed= 55 t=2,328,000  ep=2328  ep_reward=  9616.67  ep_steps=1000
[HalfCheetah-v4] seed= 55 t=2,329,000  ep=2329  ep_reward=  9548.24  ep_steps=1000
[HalfCheetah-v4] seed= 55 t=2,330,000  ep=2330  ep_reward=  9444.68  ep_steps=1000
  *** Eval  t=2,330,000  avg_reward= 10665.28  (10 eps)  elapsed=165.9min ***
[HalfCheetah-v4] seed= 55 t=2,331,000  ep=2331  ep_reward=  9663.50  ep_steps=1000
[HalfCheetah-v4] seed= 55 t=2,332,000  ep=2332  ep_reward=  9643.85  ep_steps=1000
[HalfCheetah-v4] seed= 55 t=2,333,000  ep=2333  ep_reward=  9685.10  ep_steps=1000
[HalfCheetah-v4] seed= 55 t=2,334,000  ep=2334  ep_reward=  9618.02  ep_steps=1000
[HalfCheetah-v4] seed= 55 t=2,335,000  ep=2335  ep_reward=  9430.78  ep_steps=1000
[HalfCheetah-v4] seed= 55 t=2,336,000  ep=2336  ep_reward=  9283.82  ep_steps=1000
[HalfCheetah-v4] seed= 55 t=2,337,000  ep=2337  ep_reward=  9849.76  ep_steps=1000
[HalfCheetah-v4] seed= 55 t=2,338,000  ep=2338  ep_reward=  9648.89  ep_steps=1000
[HalfCheetah-v4] seed= 55 t=2,339,000  ep=2339  ep_reward=  9648.88  ep_steps=1000
[HalfCheetah-v4] seed= 55 t=2,340,000  ep=2340  ep_reward=  9690.84  ep_steps=1000
  *** Eval  t=2,340,000  avg_reward= 10657.86  (10 eps)  elapsed=166.6min ***
[HalfCheetah-v4] seed= 55 t=2,341,000  ep=2341  ep_reward=  9705.66  ep_steps=1000
[HalfCheetah-v4] seed= 55 t=2,342,000  ep=2342  ep_reward=  9668.57  ep_steps=1000
[HalfCheetah-v4] seed= 55 t=2,343,000  ep=2343  ep_reward=  9412.91  ep_steps=1000
[HalfCheetah-v4] seed= 55 t=2,344,000  ep=2344  ep_reward=  9680.90  ep_steps=1000
[HalfCheetah-v4] seed= 55 t=2,345,000  ep=2345  ep_reward=  9521.64  ep_steps=1000
[HalfCheetah-v4] seed= 55 t=2,346,000  ep=2346  ep_reward=  9675.18  ep_steps=1000
[HalfCheetah-v4] seed= 55 t=2,347,000  ep=2347  ep_reward=  9553.40  ep_steps=1000
[HalfCheetah-v4] seed= 55 t=2,348,000  ep=2348  ep_reward=  9699.31  ep_steps=1000
[HalfCheetah-v4] seed= 55 t=2,349,000  ep=2349  ep_reward=  9517.46  ep_steps=1000
[HalfCheetah-v4] seed= 55 t=2,350,000  ep=2350  ep_reward=  9549.56  ep_steps=1000
  *** Eval  t=2,350,000  avg_reward= 10670.68  (10 eps)  elapsed=167.4min ***
[HalfCheetah-v4] seed= 55 t=2,351,000  ep=2351  ep_reward=  9492.82  ep_steps=1000
[HalfCheetah-v4] seed= 55 t=2,352,000  ep=2352  ep_reward=  9772.43  ep_steps=1000
[HalfCheetah-v4] seed= 55 t=2,353,000  ep=2353  ep_reward=  9614.37  ep_steps=1000
[HalfCheetah-v4] seed= 55 t=2,354,000  ep=2354  ep_reward=  9689.72  ep_steps=1000
[HalfCheetah-v4] seed= 55 t=2,355,000  ep=2355  ep_reward=  9528.50  ep_steps=1000
[HalfCheetah-v4] seed= 55 t=2,356,000  ep=2356  ep_reward=  9797.38  ep_steps=1000
[HalfCheetah-v4] seed= 55 t=2,357,000  ep=2357  ep_reward=  9721.80  ep_steps=1000
[HalfCheetah-v4] seed= 55 t=2,358,000  ep=2358  ep_reward=  9616.06  ep_steps=1000
[HalfCheetah-v4] seed= 55 t=2,359,000  ep=2359  ep_reward=  9678.84  ep_steps=1000
[HalfCheetah-v4] seed= 55 t=2,360,000  ep=2360  ep_reward=  9641.26  ep_steps=1000
  *** Eval  t=2,360,000  avg_reward= 10342.63  (10 eps)  elapsed=168.1min ***
[HalfCheetah-v4] seed= 55 t=2,361,000  ep=2361  ep_reward=  9701.64  ep_steps=1000
[HalfCheetah-v4] seed= 55 t=2,362,000  ep=2362  ep_reward=  9473.56  ep_steps=1000
[HalfCheetah-v4] seed= 55 t=2,363,000  ep=2363  ep_reward=  9861.84  ep_steps=1000
[HalfCheetah-v4] seed= 55 t=2,364,000  ep=2364  ep_reward=  9818.58  ep_steps=1000
[HalfCheetah-v4] seed= 55 t=2,365,000  ep=2365  ep_reward=  9447.62  ep_steps=1000
[HalfCheetah-v4] seed= 55 t=2,366,000  ep=2366  ep_reward=  9663.11  ep_steps=1000
[HalfCheetah-v4] seed= 55 t=2,367,000  ep=2367  ep_reward=  9705.92  ep_steps=1000
[HalfCheetah-v4] seed= 55 t=2,368,000  ep=2368  ep_reward=  9610.31  ep_steps=1000
[HalfCheetah-v4] seed= 55 t=2,369,000  ep=2369  ep_reward=  9709.25  ep_steps=1000
[HalfCheetah-v4] seed= 55 t=2,370,000  ep=2370  ep_reward=  9414.40  ep_steps=1000
  *** Eval  t=2,370,000  avg_reward= 10829.84  (10 eps)  elapsed=168.8min ***
[HalfCheetah-v4] seed= 55 t=2,371,000  ep=2371  ep_reward=  9571.46  ep_steps=1000
[HalfCheetah-v4] seed= 55 t=2,372,000  ep=2372  ep_reward=  9579.33  ep_steps=1000
[HalfCheetah-v4] seed= 55 t=2,373,000  ep=2373  ep_reward=  9654.18  ep_steps=1000
[HalfCheetah-v4] seed= 55 t=2,374,000  ep=2374  ep_reward=  9737.20  ep_steps=1000
[HalfCheetah-v4] seed= 55 t=2,375,000  ep=2375  ep_reward=  9810.84  ep_steps=1000
[HalfCheetah-v4] seed= 55 t=2,376,000  ep=2376  ep_reward=  9777.36  ep_steps=1000
[HalfCheetah-v4] seed= 55 t=2,377,000  ep=2377  ep_reward=  9777.66  ep_steps=1000
[HalfCheetah-v4] seed= 55 t=2,378,000  ep=2378  ep_reward=  9803.18  ep_steps=1000
[HalfCheetah-v4] seed= 55 t=2,379,000  ep=2379  ep_reward=  9597.20  ep_steps=1000
[HalfCheetah-v4] seed= 55 t=2,380,000  ep=2380  ep_reward=  9781.44  ep_steps=1000
  *** Eval  t=2,380,000  avg_reward= 10165.37  (10 eps)  elapsed=169.5min ***
[HalfCheetah-v4] seed= 55 t=2,381,000  ep=2381  ep_reward=  9743.57  ep_steps=1000
[HalfCheetah-v4] seed= 55 t=2,382,000  ep=2382  ep_reward=  9739.95  ep_steps=1000
[HalfCheetah-v4] seed= 55 t=2,383,000  ep=2383  ep_reward=  9674.42  ep_steps=1000
[HalfCheetah-v4] seed= 55 t=2,384,000  ep=2384  ep_reward=  9622.08  ep_steps=1000
[HalfCheetah-v4] seed= 55 t=2,385,000  ep=2385  ep_reward=  9464.83  ep_steps=1000
[HalfCheetah-v4] seed= 55 t=2,386,000  ep=2386  ep_reward=  9802.54  ep_steps=1000
[HalfCheetah-v4] seed= 55 t=2,387,000  ep=2387  ep_reward=  9300.87  ep_steps=1000
[HalfCheetah-v4] seed= 55 t=2,388,000  ep=2388  ep_reward=  9551.01  ep_steps=1000
[HalfCheetah-v4] seed= 55 t=2,389,000  ep=2389  ep_reward=  9662.45  ep_steps=1000
[HalfCheetah-v4] seed= 55 t=2,390,000  ep=2390  ep_reward=  9556.27  ep_steps=1000
  *** Eval  t=2,390,000  avg_reward= 10845.36  (10 eps)  elapsed=170.2min ***
[HalfCheetah-v4] seed= 55 t=2,391,000  ep=2391  ep_reward=  9646.12  ep_steps=1000
[HalfCheetah-v4] seed= 55 t=2,392,000  ep=2392  ep_reward=  9730.61  ep_steps=1000
[HalfCheetah-v4] seed= 55 t=2,393,000  ep=2393  ep_reward=  9783.63  ep_steps=1000
[HalfCheetah-v4] seed= 55 t=2,394,000  ep=2394  ep_reward=  9542.73  ep_steps=1000
[HalfCheetah-v4] seed= 55 t=2,395,000  ep=2395  ep_reward=  9473.86  ep_steps=1000
[HalfCheetah-v4] seed= 55 t=2,396,000  ep=2396  ep_reward=  9890.72  ep_steps=1000
[HalfCheetah-v4] seed= 55 t=2,397,000  ep=2397  ep_reward=  9665.12  ep_steps=1000
[HalfCheetah-v4] seed= 55 t=2,398,000  ep=2398  ep_reward=  9664.30  ep_steps=1000
[HalfCheetah-v4] seed= 55 t=2,399,000  ep=2399  ep_reward=  9625.42  ep_steps=1000
[HalfCheetah-v4] seed= 55 t=2,400,000  ep=2400  ep_reward=  9689.47  ep_steps=1000
  *** Eval  t=2,400,000  avg_reward= 10672.89  (10 eps)  elapsed=170.9min ***
[HalfCheetah-v4] seed= 55 t=2,401,000  ep=2401  ep_reward=  9529.56  ep_steps=1000
[HalfCheetah-v4] seed= 55 t=2,402,000  ep=2402  ep_reward=  9810.50  ep_steps=1000
[HalfCheetah-v4] seed= 55 t=2,403,000  ep=2403  ep_reward=  9659.08  ep_steps=1000
[HalfCheetah-v4] seed= 55 t=2,404,000  ep=2404  ep_reward=  9691.82  ep_steps=1000
[HalfCheetah-v4] seed= 55 t=2,405,000  ep=2405  ep_reward=  9687.35  ep_steps=1000
[HalfCheetah-v4] seed= 55 t=2,406,000  ep=2406  ep_reward=  9573.56  ep_steps=1000
[HalfCheetah-v4] seed= 55 t=2,407,000  ep=2407  ep_reward=  9701.58  ep_steps=1000
[HalfCheetah-v4] seed= 55 t=2,408,000  ep=2408  ep_reward=  9706.25  ep_steps=1000
[HalfCheetah-v4] seed= 55 t=2,409,000  ep=2409  ep_reward=  9428.84  ep_steps=1000
[HalfCheetah-v4] seed= 55 t=2,410,000  ep=2410  ep_reward=  9587.11  ep_steps=1000
  *** Eval  t=2,410,000  avg_reward= 10587.31  (10 eps)  elapsed=171.7min ***
[HalfCheetah-v4] seed= 55 t=2,411,000  ep=2411  ep_reward=  9568.88  ep_steps=1000
[HalfCheetah-v4] seed= 55 t=2,412,000  ep=2412  ep_reward=  9525.93  ep_steps=1000
[HalfCheetah-v4] seed= 55 t=2,413,000  ep=2413  ep_reward=  9550.75  ep_steps=1000
[HalfCheetah-v4] seed= 55 t=2,414,000  ep=2414  ep_reward=  9383.39  ep_steps=1000
[HalfCheetah-v4] seed= 55 t=2,415,000  ep=2415  ep_reward=  9944.33  ep_steps=1000
[HalfCheetah-v4] seed= 55 t=2,416,000  ep=2416  ep_reward=  9591.75  ep_steps=1000
[HalfCheetah-v4] seed= 55 t=2,417,000  ep=2417  ep_reward=  9757.14  ep_steps=1000
[HalfCheetah-v4] seed= 55 t=2,418,000  ep=2418  ep_reward=  9626.42  ep_steps=1000
[HalfCheetah-v4] seed= 55 t=2,419,000  ep=2419  ep_reward=  9564.08  ep_steps=1000
[HalfCheetah-v4] seed= 55 t=2,420,000  ep=2420  ep_reward=  9775.72  ep_steps=1000
  *** Eval  t=2,420,000  avg_reward= 10372.37  (10 eps)  elapsed=172.4min ***
[HalfCheetah-v4] seed= 55 t=2,421,000  ep=2421  ep_reward=  9620.79  ep_steps=1000
[HalfCheetah-v4] seed= 55 t=2,422,000  ep=2422  ep_reward=  9497.60  ep_steps=1000
[HalfCheetah-v4] seed= 55 t=2,423,000  ep=2423  ep_reward=  9477.27  ep_steps=1000
[HalfCheetah-v4] seed= 55 t=2,424,000  ep=2424  ep_reward=  9475.97  ep_steps=1000
[HalfCheetah-v4] seed= 55 t=2,425,000  ep=2425  ep_reward=  9868.98  ep_steps=1000
[HalfCheetah-v4] seed= 55 t=2,426,000  ep=2426  ep_reward=  9738.96  ep_steps=1000
[HalfCheetah-v4] seed= 55 t=2,427,000  ep=2427  ep_reward=  9714.66  ep_steps=1000
[HalfCheetah-v4] seed= 55 t=2,428,000  ep=2428  ep_reward=  9527.85  ep_steps=1000
[HalfCheetah-v4] seed= 55 t=2,429,000  ep=2429  ep_reward=  9657.26  ep_steps=1000
[HalfCheetah-v4] seed= 55 t=2,430,000  ep=2430  ep_reward=  9756.80  ep_steps=1000
  *** Eval  t=2,430,000  avg_reward= 10584.91  (10 eps)  elapsed=173.1min ***
[HalfCheetah-v4] seed= 55 t=2,431,000  ep=2431  ep_reward=  9388.94  ep_steps=1000
[HalfCheetah-v4] seed= 55 t=2,432,000  ep=2432  ep_reward=  9363.48  ep_steps=1000
[HalfCheetah-v4] seed= 55 t=2,433,000  ep=2433  ep_reward=  9550.59  ep_steps=1000
[HalfCheetah-v4] seed= 55 t=2,434,000  ep=2434  ep_reward=  9721.97  ep_steps=1000
[HalfCheetah-v4] seed= 55 t=2,435,000  ep=2435  ep_reward=  9674.23  ep_steps=1000
[HalfCheetah-v4] seed= 55 t=2,436,000  ep=2436  ep_reward=  9418.66  ep_steps=1000
[HalfCheetah-v4] seed= 55 t=2,437,000  ep=2437  ep_reward=  9607.28  ep_steps=1000
[HalfCheetah-v4] seed= 55 t=2,438,000  ep=2438  ep_reward=  9789.58  ep_steps=1000
[HalfCheetah-v4] seed= 55 t=2,439,000  ep=2439  ep_reward=  9892.34  ep_steps=1000
[HalfCheetah-v4] seed= 55 t=2,440,000  ep=2440  ep_reward=  9692.25  ep_steps=1000
  *** Eval  t=2,440,000  avg_reward= 10666.95  (10 eps)  elapsed=173.8min ***
[HalfCheetah-v4] seed= 55 t=2,441,000  ep=2441  ep_reward=  9763.74  ep_steps=1000
[HalfCheetah-v4] seed= 55 t=2,442,000  ep=2442  ep_reward=  9474.87  ep_steps=1000
[HalfCheetah-v4] seed= 55 t=2,443,000  ep=2443  ep_reward=  9683.99  ep_steps=1000
[HalfCheetah-v4] seed= 55 t=2,444,000  ep=2444  ep_reward=  9662.44  ep_steps=1000
[HalfCheetah-v4] seed= 55 t=2,445,000  ep=2445  ep_reward=  9683.77  ep_steps=1000
[HalfCheetah-v4] seed= 55 t=2,446,000  ep=2446  ep_reward=  9745.26  ep_steps=1000
[HalfCheetah-v4] seed= 55 t=2,447,000  ep=2447  ep_reward=  9740.96  ep_steps=1000
[HalfCheetah-v4] seed= 55 t=2,448,000  ep=2448  ep_reward=  9764.70  ep_steps=1000
[HalfCheetah-v4] seed= 55 t=2,449,000  ep=2449  ep_reward=  9703.86  ep_steps=1000
[HalfCheetah-v4] seed= 55 t=2,450,000  ep=2450  ep_reward=  9530.00  ep_steps=1000
  *** Eval  t=2,450,000  avg_reward= 10848.26  (10 eps)  elapsed=174.5min ***
[HalfCheetah-v4] seed= 55 t=2,451,000  ep=2451  ep_reward=  9665.11  ep_steps=1000
[HalfCheetah-v4] seed= 55 t=2,452,000  ep=2452  ep_reward=  9529.63  ep_steps=1000
[HalfCheetah-v4] seed= 55 t=2,453,000  ep=2453  ep_reward=  9416.31  ep_steps=1000
[HalfCheetah-v4] seed= 55 t=2,454,000  ep=2454  ep_reward=  9818.43  ep_steps=1000
[HalfCheetah-v4] seed= 55 t=2,455,000  ep=2455  ep_reward=  9695.98  ep_steps=1000
[HalfCheetah-v4] seed= 55 t=2,456,000  ep=2456  ep_reward=  9812.90  ep_steps=1000
[HalfCheetah-v4] seed= 55 t=2,457,000  ep=2457  ep_reward=  9750.68  ep_steps=1000
[HalfCheetah-v4] seed= 55 t=2,458,000  ep=2458  ep_reward=  9390.67  ep_steps=1000
[HalfCheetah-v4] seed= 55 t=2,459,000  ep=2459  ep_reward=  9554.28  ep_steps=1000
[HalfCheetah-v4] seed= 55 t=2,460,000  ep=2460  ep_reward=  9648.54  ep_steps=1000
  *** Eval  t=2,460,000  avg_reward= 10419.98  (10 eps)  elapsed=175.2min ***
[HalfCheetah-v4] seed= 55 t=2,461,000  ep=2461  ep_reward=  9613.27  ep_steps=1000
[HalfCheetah-v4] seed= 55 t=2,462,000  ep=2462  ep_reward=  9677.85  ep_steps=1000
[HalfCheetah-v4] seed= 55 t=2,463,000  ep=2463  ep_reward=  9548.34  ep_steps=1000
[HalfCheetah-v4] seed= 55 t=2,464,000  ep=2464  ep_reward=  9715.30  ep_steps=1000
[HalfCheetah-v4] seed= 55 t=2,465,000  ep=2465  ep_reward=  9856.28  ep_steps=1000
[HalfCheetah-v4] seed= 55 t=2,466,000  ep=2466  ep_reward=  9890.18  ep_steps=1000
[HalfCheetah-v4] seed= 55 t=2,467,000  ep=2467  ep_reward=  9593.09  ep_steps=1000
[HalfCheetah-v4] seed= 55 t=2,468,000  ep=2468  ep_reward=  9805.02  ep_steps=1000
[HalfCheetah-v4] seed= 55 t=2,469,000  ep=2469  ep_reward=  9729.51  ep_steps=1000
[HalfCheetah-v4] seed= 55 t=2,470,000  ep=2470  ep_reward=  9821.21  ep_steps=1000
  *** Eval  t=2,470,000  avg_reward= 10195.81  (10 eps)  elapsed=175.9min ***
[HalfCheetah-v4] seed= 55 t=2,471,000  ep=2471  ep_reward=  9472.07  ep_steps=1000
[HalfCheetah-v4] seed= 55 t=2,472,000  ep=2472  ep_reward=  9684.46  ep_steps=1000
[HalfCheetah-v4] seed= 55 t=2,473,000  ep=2473  ep_reward=  9678.20  ep_steps=1000
[HalfCheetah-v4] seed= 55 t=2,474,000  ep=2474  ep_reward=  9734.14  ep_steps=1000
[HalfCheetah-v4] seed= 55 t=2,475,000  ep=2475  ep_reward=  9653.05  ep_steps=1000
[HalfCheetah-v4] seed= 55 t=2,476,000  ep=2476  ep_reward=  9803.06  ep_steps=1000
[HalfCheetah-v4] seed= 55 t=2,477,000  ep=2477  ep_reward=  9573.84  ep_steps=1000
[HalfCheetah-v4] seed= 55 t=2,478,000  ep=2478  ep_reward=  9619.45  ep_steps=1000
[HalfCheetah-v4] seed= 55 t=2,479,000  ep=2479  ep_reward=  9733.15  ep_steps=1000
[HalfCheetah-v4] seed= 55 t=2,480,000  ep=2480  ep_reward=  9537.54  ep_steps=1000
  *** Eval  t=2,480,000  avg_reward= 10596.57  (10 eps)  elapsed=176.7min ***
[HalfCheetah-v4] seed= 55 t=2,481,000  ep=2481  ep_reward=  9877.62  ep_steps=1000
[HalfCheetah-v4] seed= 55 t=2,482,000  ep=2482  ep_reward= 10000.58  ep_steps=1000
[HalfCheetah-v4] seed= 55 t=2,483,000  ep=2483  ep_reward=  9833.28  ep_steps=1000
[HalfCheetah-v4] seed= 55 t=2,484,000  ep=2484  ep_reward=  9623.29  ep_steps=1000
[HalfCheetah-v4] seed= 55 t=2,485,000  ep=2485  ep_reward=  9799.99  ep_steps=1000
[HalfCheetah-v4] seed= 55 t=2,486,000  ep=2486  ep_reward=  9897.93  ep_steps=1000
[HalfCheetah-v4] seed= 55 t=2,487,000  ep=2487  ep_reward=  9646.41  ep_steps=1000
[HalfCheetah-v4] seed= 55 t=2,488,000  ep=2488  ep_reward=  9553.05  ep_steps=1000
[HalfCheetah-v4] seed= 55 t=2,489,000  ep=2489  ep_reward=  9814.27  ep_steps=1000
[HalfCheetah-v4] seed= 55 t=2,490,000  ep=2490  ep_reward=  9852.71  ep_steps=1000
  *** Eval  t=2,490,000  avg_reward= 10537.73  (10 eps)  elapsed=177.4min ***
[HalfCheetah-v4] seed= 55 t=2,491,000  ep=2491  ep_reward=  9587.36  ep_steps=1000
[HalfCheetah-v4] seed= 55 t=2,492,000  ep=2492  ep_reward=  9840.93  ep_steps=1000
[HalfCheetah-v4] seed= 55 t=2,493,000  ep=2493  ep_reward=  9821.26  ep_steps=1000
[HalfCheetah-v4] seed= 55 t=2,494,000  ep=2494  ep_reward=  9926.88  ep_steps=1000
[HalfCheetah-v4] seed= 55 t=2,495,000  ep=2495  ep_reward=  9630.39  ep_steps=1000
[HalfCheetah-v4] seed= 55 t=2,496,000  ep=2496  ep_reward=  9753.86  ep_steps=1000
[HalfCheetah-v4] seed= 55 t=2,497,000  ep=2497  ep_reward=  9652.80  ep_steps=1000
[HalfCheetah-v4] seed= 55 t=2,498,000  ep=2498  ep_reward=  9668.03  ep_steps=1000
[HalfCheetah-v4] seed= 55 t=2,499,000  ep=2499  ep_reward=  9728.68  ep_steps=1000
[HalfCheetah-v4] seed= 55 t=2,500,000  ep=2500  ep_reward=  9695.01  ep_steps=1000
  *** Eval  t=2,500,000  avg_reward= 10745.54  (10 eps)  elapsed=178.1min ***
[HalfCheetah-v4] seed= 55 t=2,501,000  ep=2501  ep_reward=  9651.32  ep_steps=1000
[HalfCheetah-v4] seed= 55 t=2,502,000  ep=2502  ep_reward=  9560.30  ep_steps=1000
[HalfCheetah-v4] seed= 55 t=2,503,000  ep=2503  ep_reward=  9807.59  ep_steps=1000
[HalfCheetah-v4] seed= 55 t=2,504,000  ep=2504  ep_reward=  9948.59  ep_steps=1000
[HalfCheetah-v4] seed= 55 t=2,505,000  ep=2505  ep_reward=  9704.77  ep_steps=1000
[HalfCheetah-v4] seed= 55 t=2,506,000  ep=2506  ep_reward=  9586.50  ep_steps=1000
[HalfCheetah-v4] seed= 55 t=2,507,000  ep=2507  ep_reward=  9603.66  ep_steps=1000
[HalfCheetah-v4] seed= 55 t=2,508,000  ep=2508  ep_reward=  9723.24  ep_steps=1000
[HalfCheetah-v4] seed= 55 t=2,509,000  ep=2509  ep_reward=  9779.73  ep_steps=1000
[HalfCheetah-v4] seed= 55 t=2,510,000  ep=2510  ep_reward=  9771.25  ep_steps=1000
  *** Eval  t=2,510,000  avg_reward= 10799.56  (10 eps)  elapsed=178.8min ***
[HalfCheetah-v4] seed= 55 t=2,511,000  ep=2511  ep_reward=  9800.61  ep_steps=1000
[HalfCheetah-v4] seed= 55 t=2,512,000  ep=2512  ep_reward=  9629.12  ep_steps=1000
[HalfCheetah-v4] seed= 55 t=2,513,000  ep=2513  ep_reward=  9672.48  ep_steps=1000
[HalfCheetah-v4] seed= 55 t=2,514,000  ep=2514  ep_reward=  9447.78  ep_steps=1000
[HalfCheetah-v4] seed= 55 t=2,515,000  ep=2515  ep_reward=  9724.30  ep_steps=1000
[HalfCheetah-v4] seed= 55 t=2,516,000  ep=2516  ep_reward=  9725.15  ep_steps=1000
[HalfCheetah-v4] seed= 55 t=2,517,000  ep=2517  ep_reward=  9896.02  ep_steps=1000
[HalfCheetah-v4] seed= 55 t=2,518,000  ep=2518  ep_reward=  9756.75  ep_steps=1000
[HalfCheetah-v4] seed= 55 t=2,519,000  ep=2519  ep_reward=  9879.40  ep_steps=1000
[HalfCheetah-v4] seed= 55 t=2,520,000  ep=2520  ep_reward=  9801.16  ep_steps=1000
  *** Eval  t=2,520,000  avg_reward= 10720.83  (10 eps)  elapsed=179.5min ***
[HalfCheetah-v4] seed= 55 t=2,521,000  ep=2521  ep_reward=  9686.65  ep_steps=1000
[HalfCheetah-v4] seed= 55 t=2,522,000  ep=2522  ep_reward=  9921.78  ep_steps=1000
[HalfCheetah-v4] seed= 55 t=2,523,000  ep=2523  ep_reward=  9529.10  ep_steps=1000
[HalfCheetah-v4] seed= 55 t=2,524,000  ep=2524  ep_reward=  9724.43  ep_steps=1000
[HalfCheetah-v4] seed= 55 t=2,525,000  ep=2525  ep_reward=  9712.59  ep_steps=1000
[HalfCheetah-v4] seed= 55 t=2,526,000  ep=2526  ep_reward=  9919.31  ep_steps=1000
[HalfCheetah-v4] seed= 55 t=2,527,000  ep=2527  ep_reward=  9485.11  ep_steps=1000
[HalfCheetah-v4] seed= 55 t=2,528,000  ep=2528  ep_reward=  9850.10  ep_steps=1000
[HalfCheetah-v4] seed= 55 t=2,529,000  ep=2529  ep_reward=  9730.18  ep_steps=1000
[HalfCheetah-v4] seed= 55 t=2,530,000  ep=2530  ep_reward=  9770.05  ep_steps=1000
  *** Eval  t=2,530,000  avg_reward= 10724.63  (10 eps)  elapsed=180.2min ***
[HalfCheetah-v4] seed= 55 t=2,531,000  ep=2531  ep_reward=  9816.07  ep_steps=1000
[HalfCheetah-v4] seed= 55 t=2,532,000  ep=2532  ep_reward=  9544.98  ep_steps=1000
[HalfCheetah-v4] seed= 55 t=2,533,000  ep=2533  ep_reward=  9776.89  ep_steps=1000
[HalfCheetah-v4] seed= 55 t=2,534,000  ep=2534  ep_reward=  9632.31  ep_steps=1000
[HalfCheetah-v4] seed= 55 t=2,535,000  ep=2535  ep_reward=  9969.66  ep_steps=1000
[HalfCheetah-v4] seed= 55 t=2,536,000  ep=2536  ep_reward=  9837.86  ep_steps=1000
[HalfCheetah-v4] seed= 55 t=2,537,000  ep=2537  ep_reward=  9782.52  ep_steps=1000
[HalfCheetah-v4] seed= 55 t=2,538,000  ep=2538  ep_reward=  9675.02  ep_steps=1000
[HalfCheetah-v4] seed= 55 t=2,539,000  ep=2539  ep_reward=  9789.13  ep_steps=1000
[HalfCheetah-v4] seed= 55 t=2,540,000  ep=2540  ep_reward=  9931.30  ep_steps=1000
  *** Eval  t=2,540,000  avg_reward= 10743.00  (10 eps)  elapsed=180.9min ***
[HalfCheetah-v4] seed= 55 t=2,541,000  ep=2541  ep_reward=  9522.10  ep_steps=1000
[HalfCheetah-v4] seed= 55 t=2,542,000  ep=2542  ep_reward=  9995.76  ep_steps=1000
[HalfCheetah-v4] seed= 55 t=2,543,000  ep=2543  ep_reward=  9809.86  ep_steps=1000
[HalfCheetah-v4] seed= 55 t=2,544,000  ep=2544  ep_reward=  9721.72  ep_steps=1000
[HalfCheetah-v4] seed= 55 t=2,545,000  ep=2545  ep_reward=  9795.14  ep_steps=1000
[HalfCheetah-v4] seed= 55 t=2,546,000  ep=2546  ep_reward=  9666.87  ep_steps=1000
[HalfCheetah-v4] seed= 55 t=2,547,000  ep=2547  ep_reward=  9777.53  ep_steps=1000
[HalfCheetah-v4] seed= 55 t=2,548,000  ep=2548  ep_reward=  9765.34  ep_steps=1000
[HalfCheetah-v4] seed= 55 t=2,549,000  ep=2549  ep_reward=  9727.24  ep_steps=1000
[HalfCheetah-v4] seed= 55 t=2,550,000  ep=2550  ep_reward=  9701.81  ep_steps=1000
  *** Eval  t=2,550,000  avg_reward= 10845.34  (10 eps)  elapsed=181.7min ***
[HalfCheetah-v4] seed= 55 t=2,551,000  ep=2551  ep_reward=  9763.72  ep_steps=1000
[HalfCheetah-v4] seed= 55 t=2,552,000  ep=2552  ep_reward=  9933.41  ep_steps=1000
[HalfCheetah-v4] seed= 55 t=2,553,000  ep=2553  ep_reward=  9682.86  ep_steps=1000
[HalfCheetah-v4] seed= 55 t=2,554,000  ep=2554  ep_reward=  9778.63  ep_steps=1000
[HalfCheetah-v4] seed= 55 t=2,555,000  ep=2555  ep_reward=  9726.76  ep_steps=1000
[HalfCheetah-v4] seed= 55 t=2,556,000  ep=2556  ep_reward=  9733.18  ep_steps=1000
[HalfCheetah-v4] seed= 55 t=2,557,000  ep=2557  ep_reward=  9910.14  ep_steps=1000
[HalfCheetah-v4] seed= 55 t=2,558,000  ep=2558  ep_reward=  9939.21  ep_steps=1000
[HalfCheetah-v4] seed= 55 t=2,559,000  ep=2559  ep_reward=  9639.83  ep_steps=1000
[HalfCheetah-v4] seed= 55 t=2,560,000  ep=2560  ep_reward=  9886.55  ep_steps=1000
  *** Eval  t=2,560,000  avg_reward= 10301.12  (10 eps)  elapsed=182.4min ***
[HalfCheetah-v4] seed= 55 t=2,561,000  ep=2561  ep_reward=  9818.60  ep_steps=1000
[HalfCheetah-v4] seed= 55 t=2,562,000  ep=2562  ep_reward=  9690.70  ep_steps=1000
[HalfCheetah-v4] seed= 55 t=2,563,000  ep=2563  ep_reward=  9927.25  ep_steps=1000
[HalfCheetah-v4] seed= 55 t=2,564,000  ep=2564  ep_reward=  9796.97  ep_steps=1000
[HalfCheetah-v4] seed= 55 t=2,565,000  ep=2565  ep_reward=  9745.42  ep_steps=1000
[HalfCheetah-v4] seed= 55 t=2,566,000  ep=2566  ep_reward=  9762.31  ep_steps=1000
[HalfCheetah-v4] seed= 55 t=2,567,000  ep=2567  ep_reward=  9754.68  ep_steps=1000
[HalfCheetah-v4] seed= 55 t=2,568,000  ep=2568  ep_reward=  9718.94  ep_steps=1000
[HalfCheetah-v4] seed= 55 t=2,569,000  ep=2569  ep_reward=  9672.17  ep_steps=1000
[HalfCheetah-v4] seed= 55 t=2,570,000  ep=2570  ep_reward=  9826.84  ep_steps=1000
  *** Eval  t=2,570,000  avg_reward= 10863.57  (10 eps)  elapsed=183.1min ***
[HalfCheetah-v4] seed= 55 t=2,571,000  ep=2571  ep_reward=  9901.49  ep_steps=1000
[HalfCheetah-v4] seed= 55 t=2,572,000  ep=2572  ep_reward=  9864.18  ep_steps=1000
[HalfCheetah-v4] seed= 55 t=2,573,000  ep=2573  ep_reward=  9763.96  ep_steps=1000
[HalfCheetah-v4] seed= 55 t=2,574,000  ep=2574  ep_reward=  9623.97  ep_steps=1000
[HalfCheetah-v4] seed= 55 t=2,575,000  ep=2575  ep_reward= 10006.37  ep_steps=1000
[HalfCheetah-v4] seed= 55 t=2,576,000  ep=2576  ep_reward=  9575.62  ep_steps=1000
[HalfCheetah-v4] seed= 55 t=2,577,000  ep=2577  ep_reward=  9242.01  ep_steps=1000
[HalfCheetah-v4] seed= 55 t=2,578,000  ep=2578  ep_reward=  9789.83  ep_steps=1000
[HalfCheetah-v4] seed= 55 t=2,579,000  ep=2579  ep_reward=  9908.09  ep_steps=1000
[HalfCheetah-v4] seed= 55 t=2,580,000  ep=2580  ep_reward=  9624.44  ep_steps=1000
  *** Eval  t=2,580,000  avg_reward= 10805.62  (10 eps)  elapsed=183.8min ***
[HalfCheetah-v4] seed= 55 t=2,581,000  ep=2581  ep_reward=  9786.19  ep_steps=1000
[HalfCheetah-v4] seed= 55 t=2,582,000  ep=2582  ep_reward=  9802.49  ep_steps=1000
[HalfCheetah-v4] seed= 55 t=2,583,000  ep=2583  ep_reward=  9792.12  ep_steps=1000
[HalfCheetah-v4] seed= 55 t=2,584,000  ep=2584  ep_reward=  9936.24  ep_steps=1000
[HalfCheetah-v4] seed= 55 t=2,585,000  ep=2585  ep_reward=  9959.83  ep_steps=1000
[HalfCheetah-v4] seed= 55 t=2,586,000  ep=2586  ep_reward=  9990.18  ep_steps=1000
[HalfCheetah-v4] seed= 55 t=2,587,000  ep=2587  ep_reward=  9911.81  ep_steps=1000
[HalfCheetah-v4] seed= 55 t=2,588,000  ep=2588  ep_reward=  9804.06  ep_steps=1000
[HalfCheetah-v4] seed= 55 t=2,589,000  ep=2589  ep_reward=  9801.31  ep_steps=1000
[HalfCheetah-v4] seed= 55 t=2,590,000  ep=2590  ep_reward=  9855.79  ep_steps=1000
  *** Eval  t=2,590,000  avg_reward= 10916.18  (10 eps)  elapsed=184.5min ***
[HalfCheetah-v4] seed= 55 t=2,591,000  ep=2591  ep_reward=  9756.11  ep_steps=1000
[HalfCheetah-v4] seed= 55 t=2,592,000  ep=2592  ep_reward=  9899.07  ep_steps=1000
[HalfCheetah-v4] seed= 55 t=2,593,000  ep=2593  ep_reward=  9982.79  ep_steps=1000
[HalfCheetah-v4] seed= 55 t=2,594,000  ep=2594  ep_reward= 10021.21  ep_steps=1000
[HalfCheetah-v4] seed= 55 t=2,595,000  ep=2595  ep_reward=  9855.44  ep_steps=1000
[HalfCheetah-v4] seed= 55 t=2,596,000  ep=2596  ep_reward=  9721.99  ep_steps=1000
[HalfCheetah-v4] seed= 55 t=2,597,000  ep=2597  ep_reward=  9941.09  ep_steps=1000
[HalfCheetah-v4] seed= 55 t=2,598,000  ep=2598  ep_reward=  9999.74  ep_steps=1000
[HalfCheetah-v4] seed= 55 t=2,599,000  ep=2599  ep_reward=  9874.46  ep_steps=1000
[HalfCheetah-v4] seed= 55 t=2,600,000  ep=2600  ep_reward=  9871.99  ep_steps=1000
  *** Eval  t=2,600,000  avg_reward= 11030.84  (10 eps)  elapsed=185.3min ***
[HalfCheetah-v4] seed= 55 t=2,601,000  ep=2601  ep_reward=  9621.58  ep_steps=1000
[HalfCheetah-v4] seed= 55 t=2,602,000  ep=2602  ep_reward=  9943.47  ep_steps=1000
[HalfCheetah-v4] seed= 55 t=2,603,000  ep=2603  ep_reward=  9792.41  ep_steps=1000
[HalfCheetah-v4] seed= 55 t=2,604,000  ep=2604  ep_reward=  9778.08  ep_steps=1000
[HalfCheetah-v4] seed= 55 t=2,605,000  ep=2605  ep_reward=  9846.19  ep_steps=1000
[HalfCheetah-v4] seed= 55 t=2,606,000  ep=2606  ep_reward=  9937.44  ep_steps=1000
[HalfCheetah-v4] seed= 55 t=2,607,000  ep=2607  ep_reward=  9870.77  ep_steps=1000
[HalfCheetah-v4] seed= 55 t=2,608,000  ep=2608  ep_reward=  9702.63  ep_steps=1000
[HalfCheetah-v4] seed= 55 t=2,609,000  ep=2609  ep_reward=  9615.17  ep_steps=1000
[HalfCheetah-v4] seed= 55 t=2,610,000  ep=2610  ep_reward= 10083.95  ep_steps=1000
  *** Eval  t=2,610,000  avg_reward= 10903.34  (10 eps)  elapsed=186.0min ***
[HalfCheetah-v4] seed= 55 t=2,611,000  ep=2611  ep_reward=  9816.04  ep_steps=1000
[HalfCheetah-v4] seed= 55 t=2,612,000  ep=2612  ep_reward=  9660.71  ep_steps=1000
[HalfCheetah-v4] seed= 55 t=2,613,000  ep=2613  ep_reward=  9869.47  ep_steps=1000
[HalfCheetah-v4] seed= 55 t=2,614,000  ep=2614  ep_reward=  9840.84  ep_steps=1000
[HalfCheetah-v4] seed= 55 t=2,615,000  ep=2615  ep_reward=  9802.14  ep_steps=1000
[HalfCheetah-v4] seed= 55 t=2,616,000  ep=2616  ep_reward= 10046.05  ep_steps=1000
[HalfCheetah-v4] seed= 55 t=2,617,000  ep=2617  ep_reward=  9641.85  ep_steps=1000
[HalfCheetah-v4] seed= 55 t=2,618,000  ep=2618  ep_reward=  9814.07  ep_steps=1000
[HalfCheetah-v4] seed= 55 t=2,619,000  ep=2619  ep_reward=  9846.58  ep_steps=1000
[HalfCheetah-v4] seed= 55 t=2,620,000  ep=2620  ep_reward=  9915.33  ep_steps=1000
  *** Eval  t=2,620,000  avg_reward= 10923.63  (10 eps)  elapsed=186.7min ***
[HalfCheetah-v4] seed= 55 t=2,621,000  ep=2621  ep_reward=  9868.91  ep_steps=1000
[HalfCheetah-v4] seed= 55 t=2,622,000  ep=2622  ep_reward=  9831.13  ep_steps=1000
[HalfCheetah-v4] seed= 55 t=2,623,000  ep=2623  ep_reward= 10011.54  ep_steps=1000
[HalfCheetah-v4] seed= 55 t=2,624,000  ep=2624  ep_reward=  9849.04  ep_steps=1000
[HalfCheetah-v4] seed= 55 t=2,625,000  ep=2625  ep_reward=  9904.77  ep_steps=1000
[HalfCheetah-v4] seed= 55 t=2,626,000  ep=2626  ep_reward=  9913.59  ep_steps=1000
[HalfCheetah-v4] seed= 55 t=2,627,000  ep=2627  ep_reward=  9978.86  ep_steps=1000
[HalfCheetah-v4] seed= 55 t=2,628,000  ep=2628  ep_reward=  9814.44  ep_steps=1000
[HalfCheetah-v4] seed= 55 t=2,629,000  ep=2629  ep_reward=  9947.40  ep_steps=1000
[HalfCheetah-v4] seed= 55 t=2,630,000  ep=2630  ep_reward=  9972.48  ep_steps=1000
  *** Eval  t=2,630,000  avg_reward= 10584.75  (10 eps)  elapsed=187.4min ***
[HalfCheetah-v4] seed= 55 t=2,631,000  ep=2631  ep_reward=  9993.48  ep_steps=1000
[HalfCheetah-v4] seed= 55 t=2,632,000  ep=2632  ep_reward=  9641.20  ep_steps=1000
[HalfCheetah-v4] seed= 55 t=2,633,000  ep=2633  ep_reward=  9921.21  ep_steps=1000
[HalfCheetah-v4] seed= 55 t=2,634,000  ep=2634  ep_reward=  9963.48  ep_steps=1000
[HalfCheetah-v4] seed= 55 t=2,635,000  ep=2635  ep_reward=  9885.37  ep_steps=1000
[HalfCheetah-v4] seed= 55 t=2,636,000  ep=2636  ep_reward= 10003.99  ep_steps=1000
[HalfCheetah-v4] seed= 55 t=2,637,000  ep=2637  ep_reward=  9831.61  ep_steps=1000
[HalfCheetah-v4] seed= 55 t=2,638,000  ep=2638  ep_reward=  9985.72  ep_steps=1000
[HalfCheetah-v4] seed= 55 t=2,639,000  ep=2639  ep_reward=  9858.43  ep_steps=1000
[HalfCheetah-v4] seed= 55 t=2,640,000  ep=2640  ep_reward=  9985.10  ep_steps=1000
  *** Eval  t=2,640,000  avg_reward= 10796.09  (10 eps)  elapsed=188.1min ***
[HalfCheetah-v4] seed= 55 t=2,641,000  ep=2641  ep_reward=  9822.09  ep_steps=1000
[HalfCheetah-v4] seed= 55 t=2,642,000  ep=2642  ep_reward=  9940.04  ep_steps=1000
[HalfCheetah-v4] seed= 55 t=2,643,000  ep=2643  ep_reward=  9839.76  ep_steps=1000
[HalfCheetah-v4] seed= 55 t=2,644,000  ep=2644  ep_reward=  9934.86  ep_steps=1000
[HalfCheetah-v4] seed= 55 t=2,645,000  ep=2645  ep_reward=  9820.34  ep_steps=1000
[HalfCheetah-v4] seed= 55 t=2,646,000  ep=2646  ep_reward= 10096.41  ep_steps=1000
[HalfCheetah-v4] seed= 55 t=2,647,000  ep=2647  ep_reward=  9650.96  ep_steps=1000
[HalfCheetah-v4] seed= 55 t=2,648,000  ep=2648  ep_reward= 10072.91  ep_steps=1000
[HalfCheetah-v4] seed= 55 t=2,649,000  ep=2649  ep_reward=  9953.99  ep_steps=1000
[HalfCheetah-v4] seed= 55 t=2,650,000  ep=2650  ep_reward=  9882.83  ep_steps=1000
  *** Eval  t=2,650,000  avg_reward= 10755.71  (10 eps)  elapsed=188.8min ***
[HalfCheetah-v4] seed= 55 t=2,651,000  ep=2651  ep_reward=  9719.35  ep_steps=1000
[HalfCheetah-v4] seed= 55 t=2,652,000  ep=2652  ep_reward=  9769.81  ep_steps=1000
[HalfCheetah-v4] seed= 55 t=2,653,000  ep=2653  ep_reward=  9710.74  ep_steps=1000
[HalfCheetah-v4] seed= 55 t=2,654,000  ep=2654  ep_reward=  9906.11  ep_steps=1000
[HalfCheetah-v4] seed= 55 t=2,655,000  ep=2655  ep_reward=  9840.60  ep_steps=1000
[HalfCheetah-v4] seed= 55 t=2,656,000  ep=2656  ep_reward= 10051.28  ep_steps=1000
[HalfCheetah-v4] seed= 55 t=2,657,000  ep=2657  ep_reward=  9669.14  ep_steps=1000
[HalfCheetah-v4] seed= 55 t=2,658,000  ep=2658  ep_reward=  9795.77  ep_steps=1000
[HalfCheetah-v4] seed= 55 t=2,659,000  ep=2659  ep_reward=  9838.80  ep_steps=1000
[HalfCheetah-v4] seed= 55 t=2,660,000  ep=2660  ep_reward=  9725.67  ep_steps=1000
  *** Eval  t=2,660,000  avg_reward= 10809.13  (10 eps)  elapsed=189.5min ***
[HalfCheetah-v4] seed= 55 t=2,661,000  ep=2661  ep_reward=  9867.42  ep_steps=1000
[HalfCheetah-v4] seed= 55 t=2,662,000  ep=2662  ep_reward=  9890.63  ep_steps=1000
[HalfCheetah-v4] seed= 55 t=2,663,000  ep=2663  ep_reward= 10000.09  ep_steps=1000
[HalfCheetah-v4] seed= 55 t=2,664,000  ep=2664  ep_reward=  9966.81  ep_steps=1000
[HalfCheetah-v4] seed= 55 t=2,665,000  ep=2665  ep_reward= 10059.21  ep_steps=1000
[HalfCheetah-v4] seed= 55 t=2,666,000  ep=2666  ep_reward= 10006.34  ep_steps=1000
[HalfCheetah-v4] seed= 55 t=2,667,000  ep=2667  ep_reward= 10016.70  ep_steps=1000
[HalfCheetah-v4] seed= 55 t=2,668,000  ep=2668  ep_reward=  9954.06  ep_steps=1000
[HalfCheetah-v4] seed= 55 t=2,669,000  ep=2669  ep_reward=  9779.41  ep_steps=1000
[HalfCheetah-v4] seed= 55 t=2,670,000  ep=2670  ep_reward=  9944.17  ep_steps=1000
  *** Eval  t=2,670,000  avg_reward= 10371.11  (10 eps)  elapsed=190.2min ***
[HalfCheetah-v4] seed= 55 t=2,671,000  ep=2671  ep_reward=  9906.19  ep_steps=1000
[HalfCheetah-v4] seed= 55 t=2,672,000  ep=2672  ep_reward= 10015.48  ep_steps=1000
[HalfCheetah-v4] seed= 55 t=2,673,000  ep=2673  ep_reward=  9543.30  ep_steps=1000
[HalfCheetah-v4] seed= 55 t=2,674,000  ep=2674  ep_reward=  9891.56  ep_steps=1000
[HalfCheetah-v4] seed= 55 t=2,675,000  ep=2675  ep_reward=  9998.18  ep_steps=1000
[HalfCheetah-v4] seed= 55 t=2,676,000  ep=2676  ep_reward=  9900.75  ep_steps=1000
[HalfCheetah-v4] seed= 55 t=2,677,000  ep=2677  ep_reward= 10018.71  ep_steps=1000
[HalfCheetah-v4] seed= 55 t=2,678,000  ep=2678  ep_reward=  9841.27  ep_steps=1000
[HalfCheetah-v4] seed= 55 t=2,679,000  ep=2679  ep_reward=  9972.34  ep_steps=1000
[HalfCheetah-v4] seed= 55 t=2,680,000  ep=2680  ep_reward= 10123.74  ep_steps=1000
  *** Eval  t=2,680,000  avg_reward= 10848.61  (10 eps)  elapsed=191.0min ***
[HalfCheetah-v4] seed= 55 t=2,681,000  ep=2681  ep_reward=  9988.66  ep_steps=1000
[HalfCheetah-v4] seed= 55 t=2,682,000  ep=2682  ep_reward=  9949.76  ep_steps=1000
[HalfCheetah-v4] seed= 55 t=2,683,000  ep=2683  ep_reward= 10067.36  ep_steps=1000
[HalfCheetah-v4] seed= 55 t=2,684,000  ep=2684  ep_reward=  9863.66  ep_steps=1000
[HalfCheetah-v4] seed= 55 t=2,685,000  ep=2685  ep_reward=  9948.32  ep_steps=1000
[HalfCheetah-v4] seed= 55 t=2,686,000  ep=2686  ep_reward=  9861.51  ep_steps=1000
[HalfCheetah-v4] seed= 55 t=2,687,000  ep=2687  ep_reward= 10075.88  ep_steps=1000
[HalfCheetah-v4] seed= 55 t=2,688,000  ep=2688  ep_reward= 10156.04  ep_steps=1000
[HalfCheetah-v4] seed= 55 t=2,689,000  ep=2689  ep_reward=  9997.68  ep_steps=1000
[HalfCheetah-v4] seed= 55 t=2,690,000  ep=2690  ep_reward=  9945.40  ep_steps=1000
  *** Eval  t=2,690,000  avg_reward= 11009.68  (10 eps)  elapsed=191.7min ***
[HalfCheetah-v4] seed= 55 t=2,691,000  ep=2691  ep_reward=  9795.32  ep_steps=1000
[HalfCheetah-v4] seed= 55 t=2,692,000  ep=2692  ep_reward=  9706.76  ep_steps=1000
[HalfCheetah-v4] seed= 55 t=2,693,000  ep=2693  ep_reward=  9912.49  ep_steps=1000
[HalfCheetah-v4] seed= 55 t=2,694,000  ep=2694  ep_reward=  9821.08  ep_steps=1000
[HalfCheetah-v4] seed= 55 t=2,695,000  ep=2695  ep_reward= 10148.30  ep_steps=1000
[HalfCheetah-v4] seed= 55 t=2,696,000  ep=2696  ep_reward= 10103.18  ep_steps=1000
[HalfCheetah-v4] seed= 55 t=2,697,000  ep=2697  ep_reward=  9622.17  ep_steps=1000
[HalfCheetah-v4] seed= 55 t=2,698,000  ep=2698  ep_reward= 10056.94  ep_steps=1000
[HalfCheetah-v4] seed= 55 t=2,699,000  ep=2699  ep_reward= 10061.26  ep_steps=1000
[HalfCheetah-v4] seed= 55 t=2,700,000  ep=2700  ep_reward= 10003.01  ep_steps=1000
  *** Eval  t=2,700,000  avg_reward= 10993.95  (10 eps)  elapsed=192.4min ***
[HalfCheetah-v4] seed= 55 t=2,701,000  ep=2701  ep_reward=  9856.61  ep_steps=1000
[HalfCheetah-v4] seed= 55 t=2,702,000  ep=2702  ep_reward=  9863.38  ep_steps=1000
[HalfCheetah-v4] seed= 55 t=2,703,000  ep=2703  ep_reward= 10127.87  ep_steps=1000
[HalfCheetah-v4] seed= 55 t=2,704,000  ep=2704  ep_reward=  9864.49  ep_steps=1000
[HalfCheetah-v4] seed= 55 t=2,705,000  ep=2705  ep_reward=  9689.30  ep_steps=1000
[HalfCheetah-v4] seed= 55 t=2,706,000  ep=2706  ep_reward=  9778.81  ep_steps=1000
[HalfCheetah-v4] seed= 55 t=2,707,000  ep=2707  ep_reward=  9831.79  ep_steps=1000
[HalfCheetah-v4] seed= 55 t=2,708,000  ep=2708  ep_reward= 10014.22  ep_steps=1000
[HalfCheetah-v4] seed= 55 t=2,709,000  ep=2709  ep_reward= 10034.12  ep_steps=1000
[HalfCheetah-v4] seed= 55 t=2,710,000  ep=2710  ep_reward=  9571.50  ep_steps=1000
  *** Eval  t=2,710,000  avg_reward= 11050.61  (10 eps)  elapsed=193.1min ***
[HalfCheetah-v4] seed= 55 t=2,711,000  ep=2711  ep_reward= 10202.56  ep_steps=1000
[HalfCheetah-v4] seed= 55 t=2,712,000  ep=2712  ep_reward=  9927.87  ep_steps=1000
[HalfCheetah-v4] seed= 55 t=2,713,000  ep=2713  ep_reward=  9811.59  ep_steps=1000
[HalfCheetah-v4] seed= 55 t=2,714,000  ep=2714  ep_reward= 10005.80  ep_steps=1000
[HalfCheetah-v4] seed= 55 t=2,715,000  ep=2715  ep_reward=  9933.93  ep_steps=1000
[HalfCheetah-v4] seed= 55 t=2,716,000  ep=2716  ep_reward=  9979.66  ep_steps=1000
[HalfCheetah-v4] seed= 55 t=2,717,000  ep=2717  ep_reward=  9947.83  ep_steps=1000
[HalfCheetah-v4] seed= 55 t=2,718,000  ep=2718  ep_reward= 10160.61  ep_steps=1000
[HalfCheetah-v4] seed= 55 t=2,719,000  ep=2719  ep_reward= 10085.94  ep_steps=1000
[HalfCheetah-v4] seed= 55 t=2,720,000  ep=2720  ep_reward=  9782.34  ep_steps=1000
  *** Eval  t=2,720,000  avg_reward= 10959.80  (10 eps)  elapsed=193.8min ***
[HalfCheetah-v4] seed= 55 t=2,721,000  ep=2721  ep_reward=  9949.71  ep_steps=1000
[HalfCheetah-v4] seed= 55 t=2,722,000  ep=2722  ep_reward=  9927.54  ep_steps=1000
[HalfCheetah-v4] seed= 55 t=2,723,000  ep=2723  ep_reward= 10123.43  ep_steps=1000
[HalfCheetah-v4] seed= 55 t=2,724,000  ep=2724  ep_reward=  9932.57  ep_steps=1000
[HalfCheetah-v4] seed= 55 t=2,725,000  ep=2725  ep_reward= 10066.60  ep_steps=1000
[HalfCheetah-v4] seed= 55 t=2,726,000  ep=2726  ep_reward=  9952.74  ep_steps=1000
[HalfCheetah-v4] seed= 55 t=2,727,000  ep=2727  ep_reward=  9970.22  ep_steps=1000
[HalfCheetah-v4] seed= 55 t=2,728,000  ep=2728  ep_reward= 10009.53  ep_steps=1000
[HalfCheetah-v4] seed= 55 t=2,729,000  ep=2729  ep_reward= 10040.45  ep_steps=1000
[HalfCheetah-v4] seed= 55 t=2,730,000  ep=2730  ep_reward=  9857.61  ep_steps=1000
  *** Eval  t=2,730,000  avg_reward= 11098.76  (10 eps)  elapsed=194.5min ***
[HalfCheetah-v4] seed= 55 t=2,731,000  ep=2731  ep_reward= 10123.77  ep_steps=1000
[HalfCheetah-v4] seed= 55 t=2,732,000  ep=2732  ep_reward= 10032.00  ep_steps=1000
[HalfCheetah-v4] seed= 55 t=2,733,000  ep=2733  ep_reward= 10077.48  ep_steps=1000
[HalfCheetah-v4] seed= 55 t=2,734,000  ep=2734  ep_reward= 10123.46  ep_steps=1000
[HalfCheetah-v4] seed= 55 t=2,735,000  ep=2735  ep_reward= 10045.17  ep_steps=1000
[HalfCheetah-v4] seed= 55 t=2,736,000  ep=2736  ep_reward=  9810.20  ep_steps=1000
[HalfCheetah-v4] seed= 55 t=2,737,000  ep=2737  ep_reward= 10043.45  ep_steps=1000
[HalfCheetah-v4] seed= 55 t=2,738,000  ep=2738  ep_reward= 10218.05  ep_steps=1000
[HalfCheetah-v4] seed= 55 t=2,739,000  ep=2739  ep_reward= 10092.17  ep_steps=1000
[HalfCheetah-v4] seed= 55 t=2,740,000  ep=2740  ep_reward= 10145.70  ep_steps=1000
  *** Eval  t=2,740,000  avg_reward= 10909.66  (10 eps)  elapsed=195.2min ***
[HalfCheetah-v4] seed= 55 t=2,741,000  ep=2741  ep_reward= 10001.77  ep_steps=1000
[HalfCheetah-v4] seed= 55 t=2,742,000  ep=2742  ep_reward=  9992.89  ep_steps=1000
[HalfCheetah-v4] seed= 55 t=2,743,000  ep=2743  ep_reward=  9869.75  ep_steps=1000
[HalfCheetah-v4] seed= 55 t=2,744,000  ep=2744  ep_reward= 10198.08  ep_steps=1000
[HalfCheetah-v4] seed= 55 t=2,745,000  ep=2745  ep_reward=  9607.47  ep_steps=1000
[HalfCheetah-v4] seed= 55 t=2,746,000  ep=2746  ep_reward= 10031.41  ep_steps=1000
[HalfCheetah-v4] seed= 55 t=2,747,000  ep=2747  ep_reward=  9968.31  ep_steps=1000
[HalfCheetah-v4] seed= 55 t=2,748,000  ep=2748  ep_reward= 10129.13  ep_steps=1000
[HalfCheetah-v4] seed= 55 t=2,749,000  ep=2749  ep_reward=  9865.27  ep_steps=1000
[HalfCheetah-v4] seed= 55 t=2,750,000  ep=2750  ep_reward=  9985.54  ep_steps=1000
  *** Eval  t=2,750,000  avg_reward= 10913.78  (10 eps)  elapsed=195.9min ***
[HalfCheetah-v4] seed= 55 t=2,751,000  ep=2751  ep_reward=  9796.03  ep_steps=1000
[HalfCheetah-v4] seed= 55 t=2,752,000  ep=2752  ep_reward=  9971.33  ep_steps=1000
[HalfCheetah-v4] seed= 55 t=2,753,000  ep=2753  ep_reward=  9845.59  ep_steps=1000
[HalfCheetah-v4] seed= 55 t=2,754,000  ep=2754  ep_reward=  9784.78  ep_steps=1000
[HalfCheetah-v4] seed= 55 t=2,755,000  ep=2755  ep_reward= 10205.66  ep_steps=1000
[HalfCheetah-v4] seed= 55 t=2,756,000  ep=2756  ep_reward=  9971.29  ep_steps=1000
[HalfCheetah-v4] seed= 55 t=2,757,000  ep=2757  ep_reward=  9987.61  ep_steps=1000
[HalfCheetah-v4] seed= 55 t=2,758,000  ep=2758  ep_reward= 10206.21  ep_steps=1000
[HalfCheetah-v4] seed= 55 t=2,759,000  ep=2759  ep_reward=  9975.05  ep_steps=1000
[HalfCheetah-v4] seed= 55 t=2,760,000  ep=2760  ep_reward= 10099.37  ep_steps=1000
  *** Eval  t=2,760,000  avg_reward= 11022.62  (10 eps)  elapsed=196.7min ***
[HalfCheetah-v4] seed= 55 t=2,761,000  ep=2761  ep_reward=  9374.18  ep_steps=1000
[HalfCheetah-v4] seed= 55 t=2,762,000  ep=2762  ep_reward= 10168.73  ep_steps=1000
[HalfCheetah-v4] seed= 55 t=2,763,000  ep=2763  ep_reward= 10256.71  ep_steps=1000
[HalfCheetah-v4] seed= 55 t=2,764,000  ep=2764  ep_reward=  9685.87  ep_steps=1000
[HalfCheetah-v4] seed= 55 t=2,765,000  ep=2765  ep_reward=  9805.30  ep_steps=1000
[HalfCheetah-v4] seed= 55 t=2,766,000  ep=2766  ep_reward= 10034.06  ep_steps=1000
[HalfCheetah-v4] seed= 55 t=2,767,000  ep=2767  ep_reward=  9931.90  ep_steps=1000
[HalfCheetah-v4] seed= 55 t=2,768,000  ep=2768  ep_reward= 10315.11  ep_steps=1000
[HalfCheetah-v4] seed= 55 t=2,769,000  ep=2769  ep_reward= 10177.33  ep_steps=1000
[HalfCheetah-v4] seed= 55 t=2,770,000  ep=2770  ep_reward= 10100.97  ep_steps=1000
  *** Eval  t=2,770,000  avg_reward= 10995.25  (10 eps)  elapsed=197.4min ***
[HalfCheetah-v4] seed= 55 t=2,771,000  ep=2771  ep_reward=  9891.48  ep_steps=1000
[HalfCheetah-v4] seed= 55 t=2,772,000  ep=2772  ep_reward= 10066.72  ep_steps=1000
[HalfCheetah-v4] seed= 55 t=2,773,000  ep=2773  ep_reward=  9926.01  ep_steps=1000
[HalfCheetah-v4] seed= 55 t=2,774,000  ep=2774  ep_reward= 10144.16  ep_steps=1000
[HalfCheetah-v4] seed= 55 t=2,775,000  ep=2775  ep_reward= 10127.74  ep_steps=1000
[HalfCheetah-v4] seed= 55 t=2,776,000  ep=2776  ep_reward= 10134.35  ep_steps=1000
[HalfCheetah-v4] seed= 55 t=2,777,000  ep=2777  ep_reward=  9917.68  ep_steps=1000
[HalfCheetah-v4] seed= 55 t=2,778,000  ep=2778  ep_reward= 10294.96  ep_steps=1000
[HalfCheetah-v4] seed= 55 t=2,779,000  ep=2779  ep_reward=  9855.28  ep_steps=1000
[HalfCheetah-v4] seed= 55 t=2,780,000  ep=2780  ep_reward=  9865.23  ep_steps=1000
  *** Eval  t=2,780,000  avg_reward= 11072.72  (10 eps)  elapsed=198.1min ***
[HalfCheetah-v4] seed= 55 t=2,781,000  ep=2781  ep_reward= 10101.01  ep_steps=1000
[HalfCheetah-v4] seed= 55 t=2,782,000  ep=2782  ep_reward=  9920.21  ep_steps=1000
[HalfCheetah-v4] seed= 55 t=2,783,000  ep=2783  ep_reward=  9813.69  ep_steps=1000
[HalfCheetah-v4] seed= 55 t=2,784,000  ep=2784  ep_reward= 10013.77  ep_steps=1000
[HalfCheetah-v4] seed= 55 t=2,785,000  ep=2785  ep_reward= 10117.71  ep_steps=1000
[HalfCheetah-v4] seed= 55 t=2,786,000  ep=2786  ep_reward=  9719.73  ep_steps=1000
[HalfCheetah-v4] seed= 55 t=2,787,000  ep=2787  ep_reward=  9974.36  ep_steps=1000
[HalfCheetah-v4] seed= 55 t=2,788,000  ep=2788  ep_reward= 10070.58  ep_steps=1000
[HalfCheetah-v4] seed= 55 t=2,789,000  ep=2789  ep_reward= 10322.65  ep_steps=1000
[HalfCheetah-v4] seed= 55 t=2,790,000  ep=2790  ep_reward=  9874.52  ep_steps=1000
  *** Eval  t=2,790,000  avg_reward= 11001.28  (10 eps)  elapsed=198.8min ***
[HalfCheetah-v4] seed= 55 t=2,791,000  ep=2791  ep_reward= 10112.25  ep_steps=1000
[HalfCheetah-v4] seed= 55 t=2,792,000  ep=2792  ep_reward= 10141.58  ep_steps=1000
[HalfCheetah-v4] seed= 55 t=2,793,000  ep=2793  ep_reward=  9943.19  ep_steps=1000
[HalfCheetah-v4] seed= 55 t=2,794,000  ep=2794  ep_reward=  9690.24  ep_steps=1000
[HalfCheetah-v4] seed= 55 t=2,795,000  ep=2795  ep_reward=  9671.79  ep_steps=1000
[HalfCheetah-v4] seed= 55 t=2,796,000  ep=2796  ep_reward=  9758.96  ep_steps=1000
[HalfCheetah-v4] seed= 55 t=2,797,000  ep=2797  ep_reward=  9787.49  ep_steps=1000
[HalfCheetah-v4] seed= 55 t=2,798,000  ep=2798  ep_reward= 10197.92  ep_steps=1000
[HalfCheetah-v4] seed= 55 t=2,799,000  ep=2799  ep_reward= 10187.10  ep_steps=1000
[HalfCheetah-v4] seed= 55 t=2,800,000  ep=2800  ep_reward= 10033.48  ep_steps=1000
  *** Eval  t=2,800,000  avg_reward= 11212.89  (10 eps)  elapsed=199.5min ***
[HalfCheetah-v4] seed= 55 t=2,801,000  ep=2801  ep_reward=  9967.94  ep_steps=1000
[HalfCheetah-v4] seed= 55 t=2,802,000  ep=2802  ep_reward= 10069.34  ep_steps=1000
[HalfCheetah-v4] seed= 55 t=2,803,000  ep=2803  ep_reward= 10137.84  ep_steps=1000
[HalfCheetah-v4] seed= 55 t=2,804,000  ep=2804  ep_reward= 10105.75  ep_steps=1000
[HalfCheetah-v4] seed= 55 t=2,805,000  ep=2805  ep_reward= 10356.07  ep_steps=1000
[HalfCheetah-v4] seed= 55 t=2,806,000  ep=2806  ep_reward= 10270.36  ep_steps=1000
[HalfCheetah-v4] seed= 55 t=2,807,000  ep=2807  ep_reward=  9659.05  ep_steps=1000
[HalfCheetah-v4] seed= 55 t=2,808,000  ep=2808  ep_reward= 10175.28  ep_steps=1000
[HalfCheetah-v4] seed= 55 t=2,809,000  ep=2809  ep_reward= 10228.04  ep_steps=1000
[HalfCheetah-v4] seed= 55 t=2,810,000  ep=2810  ep_reward= 10229.02  ep_steps=1000
  *** Eval  t=2,810,000  avg_reward= 11177.85  (10 eps)  elapsed=200.2min ***
[HalfCheetah-v4] seed= 55 t=2,811,000  ep=2811  ep_reward= 10197.66  ep_steps=1000
[HalfCheetah-v4] seed= 55 t=2,812,000  ep=2812  ep_reward= 10023.83  ep_steps=1000
[HalfCheetah-v4] seed= 55 t=2,813,000  ep=2813  ep_reward=  9742.68  ep_steps=1000
[HalfCheetah-v4] seed= 55 t=2,814,000  ep=2814  ep_reward= 10528.24  ep_steps=1000
[HalfCheetah-v4] seed= 55 t=2,815,000  ep=2815  ep_reward= 10169.83  ep_steps=1000
[HalfCheetah-v4] seed= 55 t=2,816,000  ep=2816  ep_reward= 10172.87  ep_steps=1000
[HalfCheetah-v4] seed= 55 t=2,817,000  ep=2817  ep_reward= 10166.89  ep_steps=1000
[HalfCheetah-v4] seed= 55 t=2,818,000  ep=2818  ep_reward= 10237.55  ep_steps=1000
[HalfCheetah-v4] seed= 55 t=2,819,000  ep=2819  ep_reward= 10145.41  ep_steps=1000
[HalfCheetah-v4] seed= 55 t=2,820,000  ep=2820  ep_reward= 10129.25  ep_steps=1000
  *** Eval  t=2,820,000  avg_reward= 11065.87  (10 eps)  elapsed=200.9min ***
[HalfCheetah-v4] seed= 55 t=2,821,000  ep=2821  ep_reward= 10100.36  ep_steps=1000
[HalfCheetah-v4] seed= 55 t=2,822,000  ep=2822  ep_reward= 10163.42  ep_steps=1000
[HalfCheetah-v4] seed= 55 t=2,823,000  ep=2823  ep_reward= 10351.64  ep_steps=1000
[HalfCheetah-v4] seed= 55 t=2,824,000  ep=2824  ep_reward= 10362.83  ep_steps=1000
[HalfCheetah-v4] seed= 55 t=2,825,000  ep=2825  ep_reward= 10054.64  ep_steps=1000
[HalfCheetah-v4] seed= 55 t=2,826,000  ep=2826  ep_reward= 10237.29  ep_steps=1000
[HalfCheetah-v4] seed= 55 t=2,827,000  ep=2827  ep_reward=  9919.37  ep_steps=1000
[HalfCheetah-v4] seed= 55 t=2,828,000  ep=2828  ep_reward= 10254.15  ep_steps=1000
[HalfCheetah-v4] seed= 55 t=2,829,000  ep=2829  ep_reward= 10327.35  ep_steps=1000
[HalfCheetah-v4] seed= 55 t=2,830,000  ep=2830  ep_reward= 10298.41  ep_steps=1000
  *** Eval  t=2,830,000  avg_reward= 11076.98  (10 eps)  elapsed=201.6min ***
[HalfCheetah-v4] seed= 55 t=2,831,000  ep=2831  ep_reward=  9791.48  ep_steps=1000
[HalfCheetah-v4] seed= 55 t=2,832,000  ep=2832  ep_reward= 10128.28  ep_steps=1000
[HalfCheetah-v4] seed= 55 t=2,833,000  ep=2833  ep_reward= 10122.42  ep_steps=1000
[HalfCheetah-v4] seed= 55 t=2,834,000  ep=2834  ep_reward=  9935.02  ep_steps=1000
[HalfCheetah-v4] seed= 55 t=2,835,000  ep=2835  ep_reward= 10336.63  ep_steps=1000
[HalfCheetah-v4] seed= 55 t=2,836,000  ep=2836  ep_reward= 10216.23  ep_steps=1000
[HalfCheetah-v4] seed= 55 t=2,837,000  ep=2837  ep_reward= 10306.93  ep_steps=1000
[HalfCheetah-v4] seed= 55 t=2,838,000  ep=2838  ep_reward= 10453.70  ep_steps=1000
[HalfCheetah-v4] seed= 55 t=2,839,000  ep=2839  ep_reward= 10391.91  ep_steps=1000
[HalfCheetah-v4] seed= 55 t=2,840,000  ep=2840  ep_reward= 10228.77  ep_steps=1000
  *** Eval  t=2,840,000  avg_reward= 11057.92  (10 eps)  elapsed=202.4min ***
[HalfCheetah-v4] seed= 55 t=2,841,000  ep=2841  ep_reward= 10205.81  ep_steps=1000
[HalfCheetah-v4] seed= 55 t=2,842,000  ep=2842  ep_reward= 10254.07  ep_steps=1000
[HalfCheetah-v4] seed= 55 t=2,843,000  ep=2843  ep_reward= 10461.43  ep_steps=1000
[HalfCheetah-v4] seed= 55 t=2,844,000  ep=2844  ep_reward= 10422.88  ep_steps=1000
[HalfCheetah-v4] seed= 55 t=2,845,000  ep=2845  ep_reward= 10181.00  ep_steps=1000
[HalfCheetah-v4] seed= 55 t=2,846,000  ep=2846  ep_reward= 10334.43  ep_steps=1000
[HalfCheetah-v4] seed= 55 t=2,847,000  ep=2847  ep_reward= 10112.64  ep_steps=1000
[HalfCheetah-v4] seed= 55 t=2,848,000  ep=2848  ep_reward= 10325.71  ep_steps=1000
[HalfCheetah-v4] seed= 55 t=2,849,000  ep=2849  ep_reward= 10128.05  ep_steps=1000
[HalfCheetah-v4] seed= 55 t=2,850,000  ep=2850  ep_reward= 10304.56  ep_steps=1000
  *** Eval  t=2,850,000  avg_reward= 11186.56  (10 eps)  elapsed=203.1min ***
[HalfCheetah-v4] seed= 55 t=2,851,000  ep=2851  ep_reward= 10499.55  ep_steps=1000
[HalfCheetah-v4] seed= 55 t=2,852,000  ep=2852  ep_reward= 10264.26  ep_steps=1000
[HalfCheetah-v4] seed= 55 t=2,853,000  ep=2853  ep_reward= 10294.66  ep_steps=1000
[HalfCheetah-v4] seed= 55 t=2,854,000  ep=2854  ep_reward= 10495.56  ep_steps=1000
[HalfCheetah-v4] seed= 55 t=2,855,000  ep=2855  ep_reward= 10103.71  ep_steps=1000
[HalfCheetah-v4] seed= 55 t=2,856,000  ep=2856  ep_reward= 10347.76  ep_steps=1000
[HalfCheetah-v4] seed= 55 t=2,857,000  ep=2857  ep_reward=  9826.57  ep_steps=1000
[HalfCheetah-v4] seed= 55 t=2,858,000  ep=2858  ep_reward= 10299.90  ep_steps=1000
[HalfCheetah-v4] seed= 55 t=2,859,000  ep=2859  ep_reward= 10250.00  ep_steps=1000
[HalfCheetah-v4] seed= 55 t=2,860,000  ep=2860  ep_reward= 10053.83  ep_steps=1000
  *** Eval  t=2,860,000  avg_reward= 11132.00  (10 eps)  elapsed=203.8min ***
[HalfCheetah-v4] seed= 55 t=2,861,000  ep=2861  ep_reward= 10087.42  ep_steps=1000
[HalfCheetah-v4] seed= 55 t=2,862,000  ep=2862  ep_reward= 10241.62  ep_steps=1000
[HalfCheetah-v4] seed= 55 t=2,863,000  ep=2863  ep_reward= 10290.79  ep_steps=1000
[HalfCheetah-v4] seed= 55 t=2,864,000  ep=2864  ep_reward= 10054.98  ep_steps=1000
[HalfCheetah-v4] seed= 55 t=2,865,000  ep=2865  ep_reward= 10299.09  ep_steps=1000
[HalfCheetah-v4] seed= 55 t=2,866,000  ep=2866  ep_reward= 10299.05  ep_steps=1000
[HalfCheetah-v4] seed= 55 t=2,867,000  ep=2867  ep_reward= 10233.26  ep_steps=1000
[HalfCheetah-v4] seed= 55 t=2,868,000  ep=2868  ep_reward= 10141.69  ep_steps=1000
[HalfCheetah-v4] seed= 55 t=2,869,000  ep=2869  ep_reward= 10376.11  ep_steps=1000
[HalfCheetah-v4] seed= 55 t=2,870,000  ep=2870  ep_reward= 10301.02  ep_steps=1000
  *** Eval  t=2,870,000  avg_reward= 11062.92  (10 eps)  elapsed=204.5min ***
[HalfCheetah-v4] seed= 55 t=2,871,000  ep=2871  ep_reward= 10513.71  ep_steps=1000
[HalfCheetah-v4] seed= 55 t=2,872,000  ep=2872  ep_reward=  9660.35  ep_steps=1000
[HalfCheetah-v4] seed= 55 t=2,873,000  ep=2873  ep_reward= 10457.85  ep_steps=1000
[HalfCheetah-v4] seed= 55 t=2,874,000  ep=2874  ep_reward= 10188.86  ep_steps=1000
[HalfCheetah-v4] seed= 55 t=2,875,000  ep=2875  ep_reward= 10176.46  ep_steps=1000
[HalfCheetah-v4] seed= 55 t=2,876,000  ep=2876  ep_reward= 10486.13  ep_steps=1000
[HalfCheetah-v4] seed= 55 t=2,877,000  ep=2877  ep_reward= 10272.92  ep_steps=1000
[HalfCheetah-v4] seed= 55 t=2,878,000  ep=2878  ep_reward= 10382.73  ep_steps=1000
[HalfCheetah-v4] seed= 55 t=2,879,000  ep=2879  ep_reward= 10464.88  ep_steps=1000
[HalfCheetah-v4] seed= 55 t=2,880,000  ep=2880  ep_reward= 10221.55  ep_steps=1000
  *** Eval  t=2,880,000  avg_reward= 11078.22  (10 eps)  elapsed=205.2min ***
[HalfCheetah-v4] seed= 55 t=2,881,000  ep=2881  ep_reward= 10380.69  ep_steps=1000
[HalfCheetah-v4] seed= 55 t=2,882,000  ep=2882  ep_reward= 10199.73  ep_steps=1000
[HalfCheetah-v4] seed= 55 t=2,883,000  ep=2883  ep_reward= 10382.11  ep_steps=1000
[HalfCheetah-v4] seed= 55 t=2,884,000  ep=2884  ep_reward= 10382.95  ep_steps=1000
[HalfCheetah-v4] seed= 55 t=2,885,000  ep=2885  ep_reward= 10300.13  ep_steps=1000
[HalfCheetah-v4] seed= 55 t=2,886,000  ep=2886  ep_reward= 10357.81  ep_steps=1000
[HalfCheetah-v4] seed= 55 t=2,887,000  ep=2887  ep_reward= 10183.83  ep_steps=1000
[HalfCheetah-v4] seed= 55 t=2,888,000  ep=2888  ep_reward= 10044.78  ep_steps=1000
[HalfCheetah-v4] seed= 55 t=2,889,000  ep=2889  ep_reward= 10177.71  ep_steps=1000
[HalfCheetah-v4] seed= 55 t=2,890,000  ep=2890  ep_reward= 10232.26  ep_steps=1000
  *** Eval  t=2,890,000  avg_reward= 11196.71  (10 eps)  elapsed=205.9min ***
[HalfCheetah-v4] seed= 55 t=2,891,000  ep=2891  ep_reward= 10257.18  ep_steps=1000
[HalfCheetah-v4] seed= 55 t=2,892,000  ep=2892  ep_reward= 10349.66  ep_steps=1000
[HalfCheetah-v4] seed= 55 t=2,893,000  ep=2893  ep_reward=  9533.07  ep_steps=1000
[HalfCheetah-v4] seed= 55 t=2,894,000  ep=2894  ep_reward= 10361.19  ep_steps=1000
[HalfCheetah-v4] seed= 55 t=2,895,000  ep=2895  ep_reward= 10003.52  ep_steps=1000
[HalfCheetah-v4] seed= 55 t=2,896,000  ep=2896  ep_reward= 10349.86  ep_steps=1000
[HalfCheetah-v4] seed= 55 t=2,897,000  ep=2897  ep_reward= 10040.39  ep_steps=1000
[HalfCheetah-v4] seed= 55 t=2,898,000  ep=2898  ep_reward= 10315.50  ep_steps=1000
[HalfCheetah-v4] seed= 55 t=2,899,000  ep=2899  ep_reward=  9734.24  ep_steps=1000
[HalfCheetah-v4] seed= 55 t=2,900,000  ep=2900  ep_reward= 10415.49  ep_steps=1000
  *** Eval  t=2,900,000  avg_reward= 11185.26  (10 eps)  elapsed=206.6min ***
[HalfCheetah-v4] seed= 55 t=2,901,000  ep=2901  ep_reward= 10438.57  ep_steps=1000
[HalfCheetah-v4] seed= 55 t=2,902,000  ep=2902  ep_reward= 10387.37  ep_steps=1000
[HalfCheetah-v4] seed= 55 t=2,903,000  ep=2903  ep_reward= 10456.72  ep_steps=1000
[HalfCheetah-v4] seed= 55 t=2,904,000  ep=2904  ep_reward= 10124.84  ep_steps=1000
[HalfCheetah-v4] seed= 55 t=2,905,000  ep=2905  ep_reward= 10462.66  ep_steps=1000
[HalfCheetah-v4] seed= 55 t=2,906,000  ep=2906  ep_reward= 10444.27  ep_steps=1000
[HalfCheetah-v4] seed= 55 t=2,907,000  ep=2907  ep_reward= 10664.93  ep_steps=1000
[HalfCheetah-v4] seed= 55 t=2,908,000  ep=2908  ep_reward= 10465.20  ep_steps=1000
[HalfCheetah-v4] seed= 55 t=2,909,000  ep=2909  ep_reward=  9818.65  ep_steps=1000
[HalfCheetah-v4] seed= 55 t=2,910,000  ep=2910  ep_reward= 10471.18  ep_steps=1000
  *** Eval  t=2,910,000  avg_reward= 10961.24  (10 eps)  elapsed=207.4min ***
[HalfCheetah-v4] seed= 55 t=2,911,000  ep=2911  ep_reward= 10592.65  ep_steps=1000
[HalfCheetah-v4] seed= 55 t=2,912,000  ep=2912  ep_reward= 10326.56  ep_steps=1000
[HalfCheetah-v4] seed= 55 t=2,913,000  ep=2913  ep_reward= 10132.58  ep_steps=1000
[HalfCheetah-v4] seed= 55 t=2,914,000  ep=2914  ep_reward= 10357.65  ep_steps=1000
[HalfCheetah-v4] seed= 55 t=2,915,000  ep=2915  ep_reward= 10348.90  ep_steps=1000
[HalfCheetah-v4] seed= 55 t=2,916,000  ep=2916  ep_reward= 10606.24  ep_steps=1000
[HalfCheetah-v4] seed= 55 t=2,917,000  ep=2917  ep_reward= 10388.30  ep_steps=1000
[HalfCheetah-v4] seed= 55 t=2,918,000  ep=2918  ep_reward=  9996.99  ep_steps=1000
[HalfCheetah-v4] seed= 55 t=2,919,000  ep=2919  ep_reward= 10267.06  ep_steps=1000
[HalfCheetah-v4] seed= 55 t=2,920,000  ep=2920  ep_reward= 10028.25  ep_steps=1000
  *** Eval  t=2,920,000  avg_reward= 11236.72  (10 eps)  elapsed=208.1min ***
[HalfCheetah-v4] seed= 55 t=2,921,000  ep=2921  ep_reward= 10000.64  ep_steps=1000
[HalfCheetah-v4] seed= 55 t=2,922,000  ep=2922  ep_reward= 10470.11  ep_steps=1000
[HalfCheetah-v4] seed= 55 t=2,923,000  ep=2923  ep_reward= 10418.81  ep_steps=1000
[HalfCheetah-v4] seed= 55 t=2,924,000  ep=2924  ep_reward= 10480.86  ep_steps=1000
[HalfCheetah-v4] seed= 55 t=2,925,000  ep=2925  ep_reward= 10458.67  ep_steps=1000
[HalfCheetah-v4] seed= 55 t=2,926,000  ep=2926  ep_reward= 10489.66  ep_steps=1000
[HalfCheetah-v4] seed= 55 t=2,927,000  ep=2927  ep_reward= 10736.22  ep_steps=1000
[HalfCheetah-v4] seed= 55 t=2,928,000  ep=2928  ep_reward= 10531.24  ep_steps=1000
[HalfCheetah-v4] seed= 55 t=2,929,000  ep=2929  ep_reward= 10679.82  ep_steps=1000
[HalfCheetah-v4] seed= 55 t=2,930,000  ep=2930  ep_reward= 10188.97  ep_steps=1000
  *** Eval  t=2,930,000  avg_reward= 11270.00  (10 eps)  elapsed=208.8min ***
[HalfCheetah-v4] seed= 55 t=2,931,000  ep=2931  ep_reward= 10051.83  ep_steps=1000
[HalfCheetah-v4] seed= 55 t=2,932,000  ep=2932  ep_reward= 10528.02  ep_steps=1000
[HalfCheetah-v4] seed= 55 t=2,933,000  ep=2933  ep_reward= 10560.72  ep_steps=1000
[HalfCheetah-v4] seed= 55 t=2,934,000  ep=2934  ep_reward= 10599.52  ep_steps=1000
[HalfCheetah-v4] seed= 55 t=2,935,000  ep=2935  ep_reward= 10353.47  ep_steps=1000
[HalfCheetah-v4] seed= 55 t=2,936,000  ep=2936  ep_reward= 10362.83  ep_steps=1000
[HalfCheetah-v4] seed= 55 t=2,937,000  ep=2937  ep_reward= 10397.26  ep_steps=1000
[HalfCheetah-v4] seed= 55 t=2,938,000  ep=2938  ep_reward= 10785.10  ep_steps=1000
[HalfCheetah-v4] seed= 55 t=2,939,000  ep=2939  ep_reward= 10540.63  ep_steps=1000
[HalfCheetah-v4] seed= 55 t=2,940,000  ep=2940  ep_reward= 10362.18  ep_steps=1000
  *** Eval  t=2,940,000  avg_reward= 11207.89  (10 eps)  elapsed=209.5min ***
[HalfCheetah-v4] seed= 55 t=2,941,000  ep=2941  ep_reward= 10598.64  ep_steps=1000
[HalfCheetah-v4] seed= 55 t=2,942,000  ep=2942  ep_reward= 10423.63  ep_steps=1000
[HalfCheetah-v4] seed= 55 t=2,943,000  ep=2943  ep_reward= 10512.16  ep_steps=1000
[HalfCheetah-v4] seed= 55 t=2,944,000  ep=2944  ep_reward= 10371.03  ep_steps=1000
[HalfCheetah-v4] seed= 55 t=2,945,000  ep=2945  ep_reward= 10278.08  ep_steps=1000
[HalfCheetah-v4] seed= 55 t=2,946,000  ep=2946  ep_reward= 10549.19  ep_steps=1000
[HalfCheetah-v4] seed= 55 t=2,947,000  ep=2947  ep_reward= 10596.14  ep_steps=1000
[HalfCheetah-v4] seed= 55 t=2,948,000  ep=2948  ep_reward= 10485.02  ep_steps=1000
[HalfCheetah-v4] seed= 55 t=2,949,000  ep=2949  ep_reward= 10798.56  ep_steps=1000
[HalfCheetah-v4] seed= 55 t=2,950,000  ep=2950  ep_reward= 10695.32  ep_steps=1000
  *** Eval  t=2,950,000  avg_reward= 11268.73  (10 eps)  elapsed=210.2min ***
[HalfCheetah-v4] seed= 55 t=2,951,000  ep=2951  ep_reward= 10344.29  ep_steps=1000
[HalfCheetah-v4] seed= 55 t=2,952,000  ep=2952  ep_reward= 10586.22  ep_steps=1000
[HalfCheetah-v4] seed= 55 t=2,953,000  ep=2953  ep_reward=  9795.18  ep_steps=1000
[HalfCheetah-v4] seed= 55 t=2,954,000  ep=2954  ep_reward= 10407.73  ep_steps=1000
[HalfCheetah-v4] seed= 55 t=2,955,000  ep=2955  ep_reward= 10392.05  ep_steps=1000
[HalfCheetah-v4] seed= 55 t=2,956,000  ep=2956  ep_reward= 10548.54  ep_steps=1000
[HalfCheetah-v4] seed= 55 t=2,957,000  ep=2957  ep_reward= 10465.05  ep_steps=1000
[HalfCheetah-v4] seed= 55 t=2,958,000  ep=2958  ep_reward= 10505.34  ep_steps=1000
[HalfCheetah-v4] seed= 55 t=2,959,000  ep=2959  ep_reward= 10754.42  ep_steps=1000
[HalfCheetah-v4] seed= 55 t=2,960,000  ep=2960  ep_reward= 10765.97  ep_steps=1000
  *** Eval  t=2,960,000  avg_reward= 11390.78  (10 eps)  elapsed=210.9min ***
[HalfCheetah-v4] seed= 55 t=2,961,000  ep=2961  ep_reward= 10459.61  ep_steps=1000
[HalfCheetah-v4] seed= 55 t=2,962,000  ep=2962  ep_reward= 10588.51  ep_steps=1000
[HalfCheetah-v4] seed= 55 t=2,963,000  ep=2963  ep_reward= 10051.80  ep_steps=1000
[HalfCheetah-v4] seed= 55 t=2,964,000  ep=2964  ep_reward= 10548.60  ep_steps=1000
[HalfCheetah-v4] seed= 55 t=2,965,000  ep=2965  ep_reward= 10280.20  ep_steps=1000
[HalfCheetah-v4] seed= 55 t=2,966,000  ep=2966  ep_reward= 10546.11  ep_steps=1000
[HalfCheetah-v4] seed= 55 t=2,967,000  ep=2967  ep_reward= 10303.09  ep_steps=1000
[HalfCheetah-v4] seed= 55 t=2,968,000  ep=2968  ep_reward= 10682.73  ep_steps=1000
[HalfCheetah-v4] seed= 55 t=2,969,000  ep=2969  ep_reward= 10435.55  ep_steps=1000
[HalfCheetah-v4] seed= 55 t=2,970,000  ep=2970  ep_reward= 10204.88  ep_steps=1000
  *** Eval  t=2,970,000  avg_reward= 10667.79  (10 eps)  elapsed=211.6min ***
[HalfCheetah-v4] seed= 55 t=2,971,000  ep=2971  ep_reward= 10614.40  ep_steps=1000
[HalfCheetah-v4] seed= 55 t=2,972,000  ep=2972  ep_reward= 10359.06  ep_steps=1000
[HalfCheetah-v4] seed= 55 t=2,973,000  ep=2973  ep_reward= 10534.69  ep_steps=1000
[HalfCheetah-v4] seed= 55 t=2,974,000  ep=2974  ep_reward= 10635.38  ep_steps=1000
[HalfCheetah-v4] seed= 55 t=2,975,000  ep=2975  ep_reward= 10527.36  ep_steps=1000
[HalfCheetah-v4] seed= 55 t=2,976,000  ep=2976  ep_reward= 10629.92  ep_steps=1000
[HalfCheetah-v4] seed= 55 t=2,977,000  ep=2977  ep_reward= 10774.53  ep_steps=1000
[HalfCheetah-v4] seed= 55 t=2,978,000  ep=2978  ep_reward= 10512.63  ep_steps=1000
[HalfCheetah-v4] seed= 55 t=2,979,000  ep=2979  ep_reward= 10814.78  ep_steps=1000
[HalfCheetah-v4] seed= 55 t=2,980,000  ep=2980  ep_reward= 10387.54  ep_steps=1000
  *** Eval  t=2,980,000  avg_reward= 11286.61  (10 eps)  elapsed=212.3min ***
[HalfCheetah-v4] seed= 55 t=2,981,000  ep=2981  ep_reward= 10444.08  ep_steps=1000
[HalfCheetah-v4] seed= 55 t=2,982,000  ep=2982  ep_reward= 10675.10  ep_steps=1000
[HalfCheetah-v4] seed= 55 t=2,983,000  ep=2983  ep_reward= 10723.23  ep_steps=1000
[HalfCheetah-v4] seed= 55 t=2,984,000  ep=2984  ep_reward= 10588.20  ep_steps=1000
[HalfCheetah-v4] seed= 55 t=2,985,000  ep=2985  ep_reward= 10519.19  ep_steps=1000
[HalfCheetah-v4] seed= 55 t=2,986,000  ep=2986  ep_reward= 10574.30  ep_steps=1000
[HalfCheetah-v4] seed= 55 t=2,987,000  ep=2987  ep_reward= 10396.54  ep_steps=1000
[HalfCheetah-v4] seed= 55 t=2,988,000  ep=2988  ep_reward= 10470.29  ep_steps=1000
[HalfCheetah-v4] seed= 55 t=2,989,000  ep=2989  ep_reward= 10719.06  ep_steps=1000
[HalfCheetah-v4] seed= 55 t=2,990,000  ep=2990  ep_reward= 10710.73  ep_steps=1000
  *** Eval  t=2,990,000  avg_reward= 11488.89  (10 eps)  elapsed=213.0min ***
[HalfCheetah-v4] seed= 55 t=2,991,000  ep=2991  ep_reward= 10649.98  ep_steps=1000
[HalfCheetah-v4] seed= 55 t=2,992,000  ep=2992  ep_reward= 10411.14  ep_steps=1000
[HalfCheetah-v4] seed= 55 t=2,993,000  ep=2993  ep_reward= 10253.68  ep_steps=1000
[HalfCheetah-v4] seed= 55 t=2,994,000  ep=2994  ep_reward= 10658.52  ep_steps=1000
[HalfCheetah-v4] seed= 55 t=2,995,000  ep=2995  ep_reward= 10740.44  ep_steps=1000
[HalfCheetah-v4] seed= 55 t=2,996,000  ep=2996  ep_reward= 10901.83  ep_steps=1000
[HalfCheetah-v4] seed= 55 t=2,997,000  ep=2997  ep_reward= 10815.79  ep_steps=1000
[HalfCheetah-v4] seed= 55 t=2,998,000  ep=2998  ep_reward= 10697.98  ep_steps=1000
[HalfCheetah-v4] seed= 55 t=2,999,000  ep=2999  ep_reward= 10813.13  ep_steps=1000
[HalfCheetah-v4] seed= 55 t=3,000,000  ep=3000  ep_reward= 10173.59  ep_steps=1000
  *** Eval  t=3,000,000  avg_reward= 11445.77  (10 eps)  elapsed=213.7min ***
Done: Tue Jun  2 08:18:46 PM IDT 2026
