Host: dsiasaf01
Job ID: 16103854
CUDA_VISIBLE_DEVICES: 0
Start: Sun May 31 04:57:11 PM IDT 2026
Sun May 31 16:57:11 2026       
+-----------------------------------------------------------------------------------------+
| NVIDIA-SMI 610.43.02              KMD Version: 610.43.02     CUDA UMD Version: 13.3     |
+-----------------------------------------+------------------------+----------------------+
| GPU  Name                 Persistence-M | Bus-Id          Disp.A | Volatile Uncorr. ECC |
| Fan  Temp   Perf          Pwr:Usage/Cap |           Memory-Usage | GPU-Util  Compute M. |
|                                         |                        |               MIG M. |
|=========================================+========================+======================|
|   0  NVIDIA A100-SXM4-80GB          Off |   00000000:01:00.0 Off |                    0 |
| N/A   31C    P0             61W /  500W |       0MiB /  81920MiB |      0%      Default |
|                                         |                        |             Disabled |
+-----------------------------------------+------------------------+----------------------+

+-----------------------------------------------------------------------------------------+
| Processes:                                                                              |
|  GPU   GI   CI              PID   Type   Process name                        GPU Memory |
|        ID   ID                                                               Usage      |
|=========================================================================================|
|  No running processes found                                                             |
+-----------------------------------------------------------------------------------------+

Hyperparameters:
  max_timesteps        = 1000000
  start_timesteps      = 5000
  eval_freq            = 10000
  eval_episodes        = 10
  batch_size           = 512
  discount             = 0.99
  tau                  = 0.005
  policy_noise         = 0.2
  noise_clip           = 0.5
  policy_freq          = 2
  expl_noise           = 0.1
  actor_lr             = 0.0003
  critic_lr            = 0.0003
  hidden_dim           = 256
  seeds                = [42, 55, 68]


========================================================================
  InvertedPendulum-v4  |  Run 1/3  |  Seed 42
========================================================================
[InvertedPendulum-v4] run=1 seed= 42 t=        4  ep=   1  ep_reward=     4.00  ep_steps=4
[InvertedPendulum-v4] run=1 seed= 42 t=       13  ep=   2  ep_reward=     9.00  ep_steps=9
[InvertedPendulum-v4] run=1 seed= 42 t=       23  ep=   3  ep_reward=    10.00  ep_steps=10
[InvertedPendulum-v4] run=1 seed= 42 t=       26  ep=   4  ep_reward=     3.00  ep_steps=3
[InvertedPendulum-v4] run=1 seed= 42 t=       30  ep=   5  ep_reward=     4.00  ep_steps=4
[InvertedPendulum-v4] run=1 seed= 42 t=       33  ep=   6  ep_reward=     3.00  ep_steps=3
[InvertedPendulum-v4] run=1 seed= 42 t=       37  ep=   7  ep_reward=     4.00  ep_steps=4
[InvertedPendulum-v4] run=1 seed= 42 t=       48  ep=   8  ep_reward=    11.00  ep_steps=11
[InvertedPendulum-v4] run=1 seed= 42 t=       53  ep=   9  ep_reward=     5.00  ep_steps=5
[InvertedPendulum-v4] run=1 seed= 42 t=       57  ep=  10  ep_reward=     4.00  ep_steps=4
[InvertedPendulum-v4] run=1 seed= 42 t=       61  ep=  11  ep_reward=     4.00  ep_steps=4
[InvertedPendulum-v4] run=1 seed= 42 t=       67  ep=  12  ep_reward=     6.00  ep_steps=6
[InvertedPendulum-v4] run=1 seed= 42 t=       70  ep=  13  ep_reward=     3.00  ep_steps=3
[InvertedPendulum-v4] run=1 seed= 42 t=       75  ep=  14  ep_reward=     5.00  ep_steps=5
[InvertedPendulum-v4] run=1 seed= 42 t=       85  ep=  15  ep_reward=    10.00  ep_steps=10
[InvertedPendulum-v4] run=1 seed= 42 t=       89  ep=  16  ep_reward=     4.00  ep_steps=4
[InvertedPendulum-v4] run=1 seed= 42 t=       95  ep=  17  ep_reward=     6.00  ep_steps=6
[InvertedPendulum-v4] run=1 seed= 42 t=      100  ep=  18  ep_reward=     5.00  ep_steps=5
[InvertedPendulum-v4] run=1 seed= 42 t=      103  ep=  19  ep_reward=     3.00  ep_steps=3
[InvertedPendulum-v4] run=1 seed= 42 t=      106  ep=  20  ep_reward=     3.00  ep_steps=3
[InvertedPendulum-v4] run=1 seed= 42 t=      110  ep=  21  ep_reward=     4.00  ep_steps=4
[InvertedPendulum-v4] run=1 seed= 42 t=      115  ep=  22  ep_reward=     5.00  ep_steps=5
[InvertedPendulum-v4] run=1 seed= 42 t=      118  ep=  23  ep_reward=     3.00  ep_steps=3
[InvertedPendulum-v4] run=1 seed= 42 t=      127  ep=  24  ep_reward=     9.00  ep_steps=9
[InvertedPendulum-v4] run=1 seed= 42 t=      130  ep=  25  ep_reward=     3.00  ep_steps=3
[InvertedPendulum-v4] run=1 seed= 42 t=      151  ep=  26  ep_reward=    21.00  ep_steps=21
[InvertedPendulum-v4] run=1 seed= 42 t=      173  ep=  27  ep_reward=    22.00  ep_steps=22
[InvertedPendulum-v4] run=1 seed= 42 t=      181  ep=  28  ep_reward=     8.00  ep_steps=8
[InvertedPendulum-v4] run=1 seed= 42 t=      185  ep=  29  ep_reward=     4.00  ep_steps=4
[InvertedPendulum-v4] run=1 seed= 42 t=      193  ep=  30  ep_reward=     8.00  ep_steps=8
[InvertedPendulum-v4] run=1 seed= 42 t=      207  ep=  31  ep_reward=    14.00  ep_steps=14
[InvertedPendulum-v4] run=1 seed= 42 t=      225  ep=  32  ep_reward=    18.00  ep_steps=18
[InvertedPendulum-v4] run=1 seed= 42 t=      240  ep=  33  ep_reward=    15.00  ep_steps=15
[InvertedPendulum-v4] run=1 seed= 42 t=      243  ep=  34  ep_reward=     3.00  ep_steps=3
[InvertedPendulum-v4] run=1 seed= 42 t=      248  ep=  35  ep_reward=     5.00  ep_steps=5
[InvertedPendulum-v4] run=1 seed= 42 t=      261  ep=  36  ep_reward=    13.00  ep_steps=13
[InvertedPendulum-v4] run=1 seed= 42 t=      270  ep=  37  ep_reward=     9.00  ep_steps=9
[InvertedPendulum-v4] run=1 seed= 42 t=      273  ep=  38  ep_reward=     3.00  ep_steps=3
[InvertedPendulum-v4] run=1 seed= 42 t=      280  ep=  39  ep_reward=     7.00  ep_steps=7
[InvertedPendulum-v4] run=1 seed= 42 t=      283  ep=  40  ep_reward=     3.00  ep_steps=3
[InvertedPendulum-v4] run=1 seed= 42 t=      288  ep=  41  ep_reward=     5.00  ep_steps=5
[InvertedPendulum-v4] run=1 seed= 42 t=      294  ep=  42  ep_reward=     6.00  ep_steps=6
[InvertedPendulum-v4] run=1 seed= 42 t=      297  ep=  43  ep_reward=     3.00  ep_steps=3
[InvertedPendulum-v4] run=1 seed= 42 t=      300  ep=  44  ep_reward=     3.00  ep_steps=3
[InvertedPendulum-v4] run=1 seed= 42 t=      309  ep=  45  ep_reward=     9.00  ep_steps=9
[InvertedPendulum-v4] run=1 seed= 42 t=      313  ep=  46  ep_reward=     4.00  ep_steps=4
[InvertedPendulum-v4] run=1 seed= 42 t=      317  ep=  47  ep_reward=     4.00  ep_steps=4
[InvertedPendulum-v4] run=1 seed= 42 t=      322  ep=  48  ep_reward=     5.00  ep_steps=5
[InvertedPendulum-v4] run=1 seed= 42 t=      328  ep=  49  ep_reward=     6.00  ep_steps=6
[InvertedPendulum-v4] run=1 seed= 42 t=      344  ep=  50  ep_reward=    16.00  ep_steps=16
[InvertedPendulum-v4] run=1 seed= 42 t=      347  ep=  51  ep_reward=     3.00  ep_steps=3
[InvertedPendulum-v4] run=1 seed= 42 t=      351  ep=  52  ep_reward=     4.00  ep_steps=4
[InvertedPendulum-v4] run=1 seed= 42 t=      356  ep=  53  ep_reward=     5.00  ep_steps=5
[InvertedPendulum-v4] run=1 seed= 42 t=      360  ep=  54  ep_reward=     4.00  ep_steps=4
[InvertedPendulum-v4] run=1 seed= 42 t=      366  ep=  55  ep_reward=     6.00  ep_steps=6
[InvertedPendulum-v4] run=1 seed= 42 t=      370  ep=  56  ep_reward=     4.00  ep_steps=4
[InvertedPendulum-v4] run=1 seed= 42 t=      376  ep=  57  ep_reward=     6.00  ep_steps=6
[InvertedPendulum-v4] run=1 seed= 42 t=      380  ep=  58  ep_reward=     4.00  ep_steps=4
[InvertedPendulum-v4] run=1 seed= 42 t=      384  ep=  59  ep_reward=     4.00  ep_steps=4
[InvertedPendulum-v4] run=1 seed= 42 t=      388  ep=  60  ep_reward=     4.00  ep_steps=4
[InvertedPendulum-v4] run=1 seed= 42 t=      395  ep=  61  ep_reward=     7.00  ep_steps=7
[InvertedPendulum-v4] run=1 seed= 42 t=      405  ep=  62  ep_reward=    10.00  ep_steps=10
[InvertedPendulum-v4] run=1 seed= 42 t=      410  ep=  63  ep_reward=     5.00  ep_steps=5
[InvertedPendulum-v4] run=1 seed= 42 t=      419  ep=  64  ep_reward=     9.00  ep_steps=9
[InvertedPendulum-v4] run=1 seed= 42 t=      428  ep=  65  ep_reward=     9.00  ep_steps=9
[InvertedPendulum-v4] run=1 seed= 42 t=      434  ep=  66  ep_reward=     6.00  ep_steps=6
[InvertedPendulum-v4] run=1 seed= 42 t=      437  ep=  67  ep_reward=     3.00  ep_steps=3
[InvertedPendulum-v4] run=1 seed= 42 t=      442  ep=  68  ep_reward=     5.00  ep_steps=5
[InvertedPendulum-v4] run=1 seed= 42 t=      454  ep=  69  ep_reward=    12.00  ep_steps=12
[InvertedPendulum-v4] run=1 seed= 42 t=      457  ep=  70  ep_reward=     3.00  ep_steps=3
[InvertedPendulum-v4] run=1 seed= 42 t=      462  ep=  71  ep_reward=     5.00  ep_steps=5
[InvertedPendulum-v4] run=1 seed= 42 t=      466  ep=  72  ep_reward=     4.00  ep_steps=4
[InvertedPendulum-v4] run=1 seed= 42 t=      470  ep=  73  ep_reward=     4.00  ep_steps=4
[InvertedPendulum-v4] run=1 seed= 42 t=      475  ep=  74  ep_reward=     5.00  ep_steps=5
[InvertedPendulum-v4] run=1 seed= 42 t=      482  ep=  75  ep_reward=     7.00  ep_steps=7
[InvertedPendulum-v4] run=1 seed= 42 t=      487  ep=  76  ep_reward=     5.00  ep_steps=5
[InvertedPendulum-v4] run=1 seed= 42 t=      498  ep=  77  ep_reward=    11.00  ep_steps=11
[InvertedPendulum-v4] run=1 seed= 42 t=      504  ep=  78  ep_reward=     6.00  ep_steps=6
[InvertedPendulum-v4] run=1 seed= 42 t=      509  ep=  79  ep_reward=     5.00  ep_steps=5
[InvertedPendulum-v4] run=1 seed= 42 t=      512  ep=  80  ep_reward=     3.00  ep_steps=3
[InvertedPendulum-v4] run=1 seed= 42 t=      515  ep=  81  ep_reward=     3.00  ep_steps=3
[InvertedPendulum-v4] run=1 seed= 42 t=      519  ep=  82  ep_reward=     4.00  ep_steps=4
[InvertedPendulum-v4] run=1 seed= 42 t=      522  ep=  83  ep_reward=     3.00  ep_steps=3
[InvertedPendulum-v4] run=1 seed= 42 t=      526  ep=  84  ep_reward=     4.00  ep_steps=4
[InvertedPendulum-v4] run=1 seed= 42 t=      529  ep=  85  ep_reward=     3.00  ep_steps=3
[InvertedPendulum-v4] run=1 seed= 42 t=      538  ep=  86  ep_reward=     9.00  ep_steps=9
[InvertedPendulum-v4] run=1 seed= 42 t=      544  ep=  87  ep_reward=     6.00  ep_steps=6
[InvertedPendulum-v4] run=1 seed= 42 t=      548  ep=  88  ep_reward=     4.00  ep_steps=4
[InvertedPendulum-v4] run=1 seed= 42 t=      557  ep=  89  ep_reward=     9.00  ep_steps=9
[InvertedPendulum-v4] run=1 seed= 42 t=      564  ep=  90  ep_reward=     7.00  ep_steps=7
[InvertedPendulum-v4] run=1 seed= 42 t=      568  ep=  91  ep_reward=     4.00  ep_steps=4
[InvertedPendulum-v4] run=1 seed= 42 t=      577  ep=  92  ep_reward=     9.00  ep_steps=9
[InvertedPendulum-v4] run=1 seed= 42 t=      582  ep=  93  ep_reward=     5.00  ep_steps=5
[InvertedPendulum-v4] run=1 seed= 42 t=      588  ep=  94  ep_reward=     6.00  ep_steps=6
[InvertedPendulum-v4] run=1 seed= 42 t=      591  ep=  95  ep_reward=     3.00  ep_steps=3
[InvertedPendulum-v4] run=1 seed= 42 t=      596  ep=  96  ep_reward=     5.00  ep_steps=5
[InvertedPendulum-v4] run=1 seed= 42 t=      600  ep=  97  ep_reward=     4.00  ep_steps=4
[InvertedPendulum-v4] run=1 seed= 42 t=      604  ep=  98  ep_reward=     4.00  ep_steps=4
[InvertedPendulum-v4] run=1 seed= 42 t=      607  ep=  99  ep_reward=     3.00  ep_steps=3
[InvertedPendulum-v4] run=1 seed= 42 t=      616  ep= 100  ep_reward=     9.00  ep_steps=9
[InvertedPendulum-v4] run=1 seed= 42 t=      622  ep= 101  ep_reward=     6.00  ep_steps=6
[InvertedPendulum-v4] run=1 seed= 42 t=      625  ep= 102  ep_reward=     3.00  ep_steps=3
[InvertedPendulum-v4] run=1 seed= 42 t=      633  ep= 103  ep_reward=     8.00  ep_steps=8
[InvertedPendulum-v4] run=1 seed= 42 t=      636  ep= 104  ep_reward=     3.00  ep_steps=3
[InvertedPendulum-v4] run=1 seed= 42 t=      640  ep= 105  ep_reward=     4.00  ep_steps=4
[InvertedPendulum-v4] run=1 seed= 42 t=      647  ep= 106  ep_reward=     7.00  ep_steps=7
[InvertedPendulum-v4] run=1 seed= 42 t=      663  ep= 107  ep_reward=    16.00  ep_steps=16
[InvertedPendulum-v4] run=1 seed= 42 t=      666  ep= 108  ep_reward=     3.00  ep_steps=3
[InvertedPendulum-v4] run=1 seed= 42 t=      669  ep= 109  ep_reward=     3.00  ep_steps=3
[InvertedPendulum-v4] run=1 seed= 42 t=      679  ep= 110  ep_reward=    10.00  ep_steps=10
[InvertedPendulum-v4] run=1 seed= 42 t=      683  ep= 111  ep_reward=     4.00  ep_steps=4
[InvertedPendulum-v4] run=1 seed= 42 t=      691  ep= 112  ep_reward=     8.00  ep_steps=8
[InvertedPendulum-v4] run=1 seed= 42 t=      697  ep= 113  ep_reward=     6.00  ep_steps=6
[InvertedPendulum-v4] run=1 seed= 42 t=      705  ep= 114  ep_reward=     8.00  ep_steps=8
[InvertedPendulum-v4] run=1 seed= 42 t=      709  ep= 115  ep_reward=     4.00  ep_steps=4
[InvertedPendulum-v4] run=1 seed= 42 t=      713  ep= 116  ep_reward=     4.00  ep_steps=4
[InvertedPendulum-v4] run=1 seed= 42 t=      716  ep= 117  ep_reward=     3.00  ep_steps=3
[InvertedPendulum-v4] run=1 seed= 42 t=      727  ep= 118  ep_reward=    11.00  ep_steps=11
[InvertedPendulum-v4] run=1 seed= 42 t=      731  ep= 119  ep_reward=     4.00  ep_steps=4
[InvertedPendulum-v4] run=1 seed= 42 t=      734  ep= 120  ep_reward=     3.00  ep_steps=3
[InvertedPendulum-v4] run=1 seed= 42 t=      738  ep= 121  ep_reward=     4.00  ep_steps=4
[InvertedPendulum-v4] run=1 seed= 42 t=      742  ep= 122  ep_reward=     4.00  ep_steps=4
[InvertedPendulum-v4] run=1 seed= 42 t=      754  ep= 123  ep_reward=    12.00  ep_steps=12
[InvertedPendulum-v4] run=1 seed= 42 t=      763  ep= 124  ep_reward=     9.00  ep_steps=9
[InvertedPendulum-v4] run=1 seed= 42 t=      767  ep= 125  ep_reward=     4.00  ep_steps=4
[InvertedPendulum-v4] run=1 seed= 42 t=      770  ep= 126  ep_reward=     3.00  ep_steps=3
[InvertedPendulum-v4] run=1 seed= 42 t=      785  ep= 127  ep_reward=    15.00  ep_steps=15
[InvertedPendulum-v4] run=1 seed= 42 t=      797  ep= 128  ep_reward=    12.00  ep_steps=12
[InvertedPendulum-v4] run=1 seed= 42 t=      805  ep= 129  ep_reward=     8.00  ep_steps=8
[InvertedPendulum-v4] run=1 seed= 42 t=      809  ep= 130  ep_reward=     4.00  ep_steps=4
[InvertedPendulum-v4] run=1 seed= 42 t=      819  ep= 131  ep_reward=    10.00  ep_steps=10
[InvertedPendulum-v4] run=1 seed= 42 t=      822  ep= 132  ep_reward=     3.00  ep_steps=3
[InvertedPendulum-v4] run=1 seed= 42 t=      832  ep= 133  ep_reward=    10.00  ep_steps=10
[InvertedPendulum-v4] run=1 seed= 42 t=      838  ep= 134  ep_reward=     6.00  ep_steps=6
[InvertedPendulum-v4] run=1 seed= 42 t=      844  ep= 135  ep_reward=     6.00  ep_steps=6
[InvertedPendulum-v4] run=1 seed= 42 t=      852  ep= 136  ep_reward=     8.00  ep_steps=8
[InvertedPendulum-v4] run=1 seed= 42 t=      855  ep= 137  ep_reward=     3.00  ep_steps=3
[InvertedPendulum-v4] run=1 seed= 42 t=      860  ep= 138  ep_reward=     5.00  ep_steps=5
[InvertedPendulum-v4] run=1 seed= 42 t=      864  ep= 139  ep_reward=     4.00  ep_steps=4
[InvertedPendulum-v4] run=1 seed= 42 t=      874  ep= 140  ep_reward=    10.00  ep_steps=10
[InvertedPendulum-v4] run=1 seed= 42 t=      878  ep= 141  ep_reward=     4.00  ep_steps=4
[InvertedPendulum-v4] run=1 seed= 42 t=      884  ep= 142  ep_reward=     6.00  ep_steps=6
[InvertedPendulum-v4] run=1 seed= 42 t=      888  ep= 143  ep_reward=     4.00  ep_steps=4
[InvertedPendulum-v4] run=1 seed= 42 t=      894  ep= 144  ep_reward=     6.00  ep_steps=6
[InvertedPendulum-v4] run=1 seed= 42 t=      898  ep= 145  ep_reward=     4.00  ep_steps=4
[InvertedPendulum-v4] run=1 seed= 42 t=      902  ep= 146  ep_reward=     4.00  ep_steps=4
[InvertedPendulum-v4] run=1 seed= 42 t=      909  ep= 147  ep_reward=     7.00  ep_steps=7
[InvertedPendulum-v4] run=1 seed= 42 t=      914  ep= 148  ep_reward=     5.00  ep_steps=5
[InvertedPendulum-v4] run=1 seed= 42 t=      917  ep= 149  ep_reward=     3.00  ep_steps=3
[InvertedPendulum-v4] run=1 seed= 42 t=      920  ep= 150  ep_reward=     3.00  ep_steps=3
[InvertedPendulum-v4] run=1 seed= 42 t=      927  ep= 151  ep_reward=     7.00  ep_steps=7
[InvertedPendulum-v4] run=1 seed= 42 t=      931  ep= 152  ep_reward=     4.00  ep_steps=4
[InvertedPendulum-v4] run=1 seed= 42 t=      950  ep= 153  ep_reward=    19.00  ep_steps=19
[InvertedPendulum-v4] run=1 seed= 42 t=      954  ep= 154  ep_reward=     4.00  ep_steps=4
[InvertedPendulum-v4] run=1 seed= 42 t=      957  ep= 155  ep_reward=     3.00  ep_steps=3
[InvertedPendulum-v4] run=1 seed= 42 t=      966  ep= 156  ep_reward=     9.00  ep_steps=9
[InvertedPendulum-v4] run=1 seed= 42 t=      974  ep= 157  ep_reward=     8.00  ep_steps=8
[InvertedPendulum-v4] run=1 seed= 42 t=      981  ep= 158  ep_reward=     7.00  ep_steps=7
[InvertedPendulum-v4] run=1 seed= 42 t=      984  ep= 159  ep_reward=     3.00  ep_steps=3
[InvertedPendulum-v4] run=1 seed= 42 t=      989  ep= 160  ep_reward=     5.00  ep_steps=5
[InvertedPendulum-v4] run=1 seed= 42 t=      993  ep= 161  ep_reward=     4.00  ep_steps=4
[InvertedPendulum-v4] run=1 seed= 42 t=    1,003  ep= 162  ep_reward=    10.00  ep_steps=10
[InvertedPendulum-v4] run=1 seed= 42 t=    1,019  ep= 163  ep_reward=    16.00  ep_steps=16
[InvertedPendulum-v4] run=1 seed= 42 t=    1,023  ep= 164  ep_reward=     4.00  ep_steps=4
[InvertedPendulum-v4] run=1 seed= 42 t=    1,029  ep= 165  ep_reward=     6.00  ep_steps=6
[InvertedPendulum-v4] run=1 seed= 42 t=    1,036  ep= 166  ep_reward=     7.00  ep_steps=7
[InvertedPendulum-v4] run=1 seed= 42 t=    1,041  ep= 167  ep_reward=     5.00  ep_steps=5
[InvertedPendulum-v4] run=1 seed= 42 t=    1,052  ep= 168  ep_reward=    11.00  ep_steps=11
[InvertedPendulum-v4] run=1 seed= 42 t=    1,055  ep= 169  ep_reward=     3.00  ep_steps=3
[InvertedPendulum-v4] run=1 seed= 42 t=    1,059  ep= 170  ep_reward=     4.00  ep_steps=4
[InvertedPendulum-v4] run=1 seed= 42 t=    1,062  ep= 171  ep_reward=     3.00  ep_steps=3
[InvertedPendulum-v4] run=1 seed= 42 t=    1,080  ep= 172  ep_reward=    18.00  ep_steps=18
[InvertedPendulum-v4] run=1 seed= 42 t=    1,085  ep= 173  ep_reward=     5.00  ep_steps=5
[InvertedPendulum-v4] run=1 seed= 42 t=    1,088  ep= 174  ep_reward=     3.00  ep_steps=3
[InvertedPendulum-v4] run=1 seed= 42 t=    1,094  ep= 175  ep_reward=     6.00  ep_steps=6
[InvertedPendulum-v4] run=1 seed= 42 t=    1,105  ep= 176  ep_reward=    11.00  ep_steps=11
[InvertedPendulum-v4] run=1 seed= 42 t=    1,127  ep= 177  ep_reward=    22.00  ep_steps=22
[InvertedPendulum-v4] run=1 seed= 42 t=    1,131  ep= 178  ep_reward=     4.00  ep_steps=4
[InvertedPendulum-v4] run=1 seed= 42 t=    1,141  ep= 179  ep_reward=    10.00  ep_steps=10
[InvertedPendulum-v4] run=1 seed= 42 t=    1,144  ep= 180  ep_reward=     3.00  ep_steps=3
[InvertedPendulum-v4] run=1 seed= 42 t=    1,152  ep= 181  ep_reward=     8.00  ep_steps=8
[InvertedPendulum-v4] run=1 seed= 42 t=    1,155  ep= 182  ep_reward=     3.00  ep_steps=3
[InvertedPendulum-v4] run=1 seed= 42 t=    1,158  ep= 183  ep_reward=     3.00  ep_steps=3
[InvertedPendulum-v4] run=1 seed= 42 t=    1,176  ep= 184  ep_reward=    18.00  ep_steps=18
[InvertedPendulum-v4] run=1 seed= 42 t=    1,181  ep= 185  ep_reward=     5.00  ep_steps=5
[InvertedPendulum-v4] run=1 seed= 42 t=    1,184  ep= 186  ep_reward=     3.00  ep_steps=3
[InvertedPendulum-v4] run=1 seed= 42 t=    1,195  ep= 187  ep_reward=    11.00  ep_steps=11
[InvertedPendulum-v4] run=1 seed= 42 t=    1,198  ep= 188  ep_reward=     3.00  ep_steps=3
[InvertedPendulum-v4] run=1 seed= 42 t=    1,205  ep= 189  ep_reward=     7.00  ep_steps=7
[InvertedPendulum-v4] run=1 seed= 42 t=    1,209  ep= 190  ep_reward=     4.00  ep_steps=4
[InvertedPendulum-v4] run=1 seed= 42 t=    1,214  ep= 191  ep_reward=     5.00  ep_steps=5
[InvertedPendulum-v4] run=1 seed= 42 t=    1,219  ep= 192  ep_reward=     5.00  ep_steps=5
[InvertedPendulum-v4] run=1 seed= 42 t=    1,222  ep= 193  ep_reward=     3.00  ep_steps=3
[InvertedPendulum-v4] run=1 seed= 42 t=    1,226  ep= 194  ep_reward=     4.00  ep_steps=4
[InvertedPendulum-v4] run=1 seed= 42 t=    1,235  ep= 195  ep_reward=     9.00  ep_steps=9
[InvertedPendulum-v4] run=1 seed= 42 t=    1,238  ep= 196  ep_reward=     3.00  ep_steps=3
[InvertedPendulum-v4] run=1 seed= 42 t=    1,241  ep= 197  ep_reward=     3.00  ep_steps=3
[InvertedPendulum-v4] run=1 seed= 42 t=    1,245  ep= 198  ep_reward=     4.00  ep_steps=4
[InvertedPendulum-v4] run=1 seed= 42 t=    1,253  ep= 199  ep_reward=     8.00  ep_steps=8
[InvertedPendulum-v4] run=1 seed= 42 t=    1,259  ep= 200  ep_reward=     6.00  ep_steps=6
[InvertedPendulum-v4] run=1 seed= 42 t=    1,266  ep= 201  ep_reward=     7.00  ep_steps=7
[InvertedPendulum-v4] run=1 seed= 42 t=    1,273  ep= 202  ep_reward=     7.00  ep_steps=7
[InvertedPendulum-v4] run=1 seed= 42 t=    1,277  ep= 203  ep_reward=     4.00  ep_steps=4
[InvertedPendulum-v4] run=1 seed= 42 t=    1,284  ep= 204  ep_reward=     7.00  ep_steps=7
[InvertedPendulum-v4] run=1 seed= 42 t=    1,287  ep= 205  ep_reward=     3.00  ep_steps=3
[InvertedPendulum-v4] run=1 seed= 42 t=    1,295  ep= 206  ep_reward=     8.00  ep_steps=8
[InvertedPendulum-v4] run=1 seed= 42 t=    1,299  ep= 207  ep_reward=     4.00  ep_steps=4
[InvertedPendulum-v4] run=1 seed= 42 t=    1,305  ep= 208  ep_reward=     6.00  ep_steps=6
[InvertedPendulum-v4] run=1 seed= 42 t=    1,308  ep= 209  ep_reward=     3.00  ep_steps=3
[InvertedPendulum-v4] run=1 seed= 42 t=    1,316  ep= 210  ep_reward=     8.00  ep_steps=8
[InvertedPendulum-v4] run=1 seed= 42 t=    1,328  ep= 211  ep_reward=    12.00  ep_steps=12
[InvertedPendulum-v4] run=1 seed= 42 t=    1,332  ep= 212  ep_reward=     4.00  ep_steps=4
[InvertedPendulum-v4] run=1 seed= 42 t=    1,336  ep= 213  ep_reward=     4.00  ep_steps=4
[InvertedPendulum-v4] run=1 seed= 42 t=    1,344  ep= 214  ep_reward=     8.00  ep_steps=8
[InvertedPendulum-v4] run=1 seed= 42 t=    1,347  ep= 215  ep_reward=     3.00  ep_steps=3
[InvertedPendulum-v4] run=1 seed= 42 t=    1,351  ep= 216  ep_reward=     4.00  ep_steps=4
[InvertedPendulum-v4] run=1 seed= 42 t=    1,366  ep= 217  ep_reward=    15.00  ep_steps=15
[InvertedPendulum-v4] run=1 seed= 42 t=    1,369  ep= 218  ep_reward=     3.00  ep_steps=3
[InvertedPendulum-v4] run=1 seed= 42 t=    1,381  ep= 219  ep_reward=    12.00  ep_steps=12
[InvertedPendulum-v4] run=1 seed= 42 t=    1,396  ep= 220  ep_reward=    15.00  ep_steps=15
[InvertedPendulum-v4] run=1 seed= 42 t=    1,400  ep= 221  ep_reward=     4.00  ep_steps=4
[InvertedPendulum-v4] run=1 seed= 42 t=    1,406  ep= 222  ep_reward=     6.00  ep_steps=6
[InvertedPendulum-v4] run=1 seed= 42 t=    1,410  ep= 223  ep_reward=     4.00  ep_steps=4
[InvertedPendulum-v4] run=1 seed= 42 t=    1,413  ep= 224  ep_reward=     3.00  ep_steps=3
[InvertedPendulum-v4] run=1 seed= 42 t=    1,417  ep= 225  ep_reward=     4.00  ep_steps=4
[InvertedPendulum-v4] run=1 seed= 42 t=    1,421  ep= 226  ep_reward=     4.00  ep_steps=4
[InvertedPendulum-v4] run=1 seed= 42 t=    1,427  ep= 227  ep_reward=     6.00  ep_steps=6
[InvertedPendulum-v4] run=1 seed= 42 t=    1,435  ep= 228  ep_reward=     8.00  ep_steps=8
[InvertedPendulum-v4] run=1 seed= 42 t=    1,439  ep= 229  ep_reward=     4.00  ep_steps=4
[InvertedPendulum-v4] run=1 seed= 42 t=    1,445  ep= 230  ep_reward=     6.00  ep_steps=6
[InvertedPendulum-v4] run=1 seed= 42 t=    1,449  ep= 231  ep_reward=     4.00  ep_steps=4
[InvertedPendulum-v4] run=1 seed= 42 t=    1,455  ep= 232  ep_reward=     6.00  ep_steps=6
[InvertedPendulum-v4] run=1 seed= 42 t=    1,458  ep= 233  ep_reward=     3.00  ep_steps=3
[InvertedPendulum-v4] run=1 seed= 42 t=    1,462  ep= 234  ep_reward=     4.00  ep_steps=4
[InvertedPendulum-v4] run=1 seed= 42 t=    1,466  ep= 235  ep_reward=     4.00  ep_steps=4
[InvertedPendulum-v4] run=1 seed= 42 t=    1,472  ep= 236  ep_reward=     6.00  ep_steps=6
[InvertedPendulum-v4] run=1 seed= 42 t=    1,476  ep= 237  ep_reward=     4.00  ep_steps=4
[InvertedPendulum-v4] run=1 seed= 42 t=    1,481  ep= 238  ep_reward=     5.00  ep_steps=5
[InvertedPendulum-v4] run=1 seed= 42 t=    1,485  ep= 239  ep_reward=     4.00  ep_steps=4
[InvertedPendulum-v4] run=1 seed= 42 t=    1,495  ep= 240  ep_reward=    10.00  ep_steps=10
[InvertedPendulum-v4] run=1 seed= 42 t=    1,499  ep= 241  ep_reward=     4.00  ep_steps=4
[InvertedPendulum-v4] run=1 seed= 42 t=    1,503  ep= 242  ep_reward=     4.00  ep_steps=4
[InvertedPendulum-v4] run=1 seed= 42 t=    1,508  ep= 243  ep_reward=     5.00  ep_steps=5
[InvertedPendulum-v4] run=1 seed= 42 t=    1,512  ep= 244  ep_reward=     4.00  ep_steps=4
[InvertedPendulum-v4] run=1 seed= 42 t=    1,516  ep= 245  ep_reward=     4.00  ep_steps=4
[InvertedPendulum-v4] run=1 seed= 42 t=    1,521  ep= 246  ep_reward=     5.00  ep_steps=5
[InvertedPendulum-v4] run=1 seed= 42 t=    1,525  ep= 247  ep_reward=     4.00  ep_steps=4
[InvertedPendulum-v4] run=1 seed= 42 t=    1,529  ep= 248  ep_reward=     4.00  ep_steps=4
[InvertedPendulum-v4] run=1 seed= 42 t=    1,533  ep= 249  ep_reward=     4.00  ep_steps=4
[InvertedPendulum-v4] run=1 seed= 42 t=    1,541  ep= 250  ep_reward=     8.00  ep_steps=8
[InvertedPendulum-v4] run=1 seed= 42 t=    1,545  ep= 251  ep_reward=     4.00  ep_steps=4
[InvertedPendulum-v4] run=1 seed= 42 t=    1,550  ep= 252  ep_reward=     5.00  ep_steps=5
[InvertedPendulum-v4] run=1 seed= 42 t=    1,554  ep= 253  ep_reward=     4.00  ep_steps=4
[InvertedPendulum-v4] run=1 seed= 42 t=    1,560  ep= 254  ep_reward=     6.00  ep_steps=6
[InvertedPendulum-v4] run=1 seed= 42 t=    1,563  ep= 255  ep_reward=     3.00  ep_steps=3
[InvertedPendulum-v4] run=1 seed= 42 t=    1,566  ep= 256  ep_reward=     3.00  ep_steps=3
[InvertedPendulum-v4] run=1 seed= 42 t=    1,569  ep= 257  ep_reward=     3.00  ep_steps=3
[InvertedPendulum-v4] run=1 seed= 42 t=    1,580  ep= 258  ep_reward=    11.00  ep_steps=11
[InvertedPendulum-v4] run=1 seed= 42 t=    1,587  ep= 259  ep_reward=     7.00  ep_steps=7
[InvertedPendulum-v4] run=1 seed= 42 t=    1,592  ep= 260  ep_reward=     5.00  ep_steps=5
[InvertedPendulum-v4] run=1 seed= 42 t=    1,595  ep= 261  ep_reward=     3.00  ep_steps=3
[InvertedPendulum-v4] run=1 seed= 42 t=    1,603  ep= 262  ep_reward=     8.00  ep_steps=8
[InvertedPendulum-v4] run=1 seed= 42 t=    1,615  ep= 263  ep_reward=    12.00  ep_steps=12
[InvertedPendulum-v4] run=1 seed= 42 t=    1,618  ep= 264  ep_reward=     3.00  ep_steps=3
[InvertedPendulum-v4] run=1 seed= 42 t=    1,629  ep= 265  ep_reward=    11.00  ep_steps=11
[InvertedPendulum-v4] run=1 seed= 42 t=    1,635  ep= 266  ep_reward=     6.00  ep_steps=6
[InvertedPendulum-v4] run=1 seed= 42 t=    1,647  ep= 267  ep_reward=    12.00  ep_steps=12
[InvertedPendulum-v4] run=1 seed= 42 t=    1,650  ep= 268  ep_reward=     3.00  ep_steps=3
[InvertedPendulum-v4] run=1 seed= 42 t=    1,654  ep= 269  ep_reward=     4.00  ep_steps=4
[InvertedPendulum-v4] run=1 seed= 42 t=    1,659  ep= 270  ep_reward=     5.00  ep_steps=5
[InvertedPendulum-v4] run=1 seed= 42 t=    1,662  ep= 271  ep_reward=     3.00  ep_steps=3
[InvertedPendulum-v4] run=1 seed= 42 t=    1,667  ep= 272  ep_reward=     5.00  ep_steps=5
[InvertedPendulum-v4] run=1 seed= 42 t=    1,670  ep= 273  ep_reward=     3.00  ep_steps=3
[InvertedPendulum-v4] run=1 seed= 42 t=    1,678  ep= 274  ep_reward=     8.00  ep_steps=8
[InvertedPendulum-v4] run=1 seed= 42 t=    1,682  ep= 275  ep_reward=     4.00  ep_steps=4
[InvertedPendulum-v4] run=1 seed= 42 t=    1,688  ep= 276  ep_reward=     6.00  ep_steps=6
[InvertedPendulum-v4] run=1 seed= 42 t=    1,693  ep= 277  ep_reward=     5.00  ep_steps=5
[InvertedPendulum-v4] run=1 seed= 42 t=    1,697  ep= 278  ep_reward=     4.00  ep_steps=4
[InvertedPendulum-v4] run=1 seed= 42 t=    1,700  ep= 279  ep_reward=     3.00  ep_steps=3
[InvertedPendulum-v4] run=1 seed= 42 t=    1,703  ep= 280  ep_reward=     3.00  ep_steps=3
[InvertedPendulum-v4] run=1 seed= 42 t=    1,708  ep= 281  ep_reward=     5.00  ep_steps=5
[InvertedPendulum-v4] run=1 seed= 42 t=    1,712  ep= 282  ep_reward=     4.00  ep_steps=4
[InvertedPendulum-v4] run=1 seed= 42 t=    1,715  ep= 283  ep_reward=     3.00  ep_steps=3
[InvertedPendulum-v4] run=1 seed= 42 t=    1,720  ep= 284  ep_reward=     5.00  ep_steps=5
[InvertedPendulum-v4] run=1 seed= 42 t=    1,723  ep= 285  ep_reward=     3.00  ep_steps=3
[InvertedPendulum-v4] run=1 seed= 42 t=    1,729  ep= 286  ep_reward=     6.00  ep_steps=6
[InvertedPendulum-v4] run=1 seed= 42 t=    1,737  ep= 287  ep_reward=     8.00  ep_steps=8
[InvertedPendulum-v4] run=1 seed= 42 t=    1,743  ep= 288  ep_reward=     6.00  ep_steps=6
[InvertedPendulum-v4] run=1 seed= 42 t=    1,746  ep= 289  ep_reward=     3.00  ep_steps=3
[InvertedPendulum-v4] run=1 seed= 42 t=    1,751  ep= 290  ep_reward=     5.00  ep_steps=5
[InvertedPendulum-v4] run=1 seed= 42 t=    1,759  ep= 291  ep_reward=     8.00  ep_steps=8
[InvertedPendulum-v4] run=1 seed= 42 t=    1,766  ep= 292  ep_reward=     7.00  ep_steps=7
[InvertedPendulum-v4] run=1 seed= 42 t=    1,773  ep= 293  ep_reward=     7.00  ep_steps=7
[InvertedPendulum-v4] run=1 seed= 42 t=    1,776  ep= 294  ep_reward=     3.00  ep_steps=3
[InvertedPendulum-v4] run=1 seed= 42 t=    1,785  ep= 295  ep_reward=     9.00  ep_steps=9
[InvertedPendulum-v4] run=1 seed= 42 t=    1,789  ep= 296  ep_reward=     4.00  ep_steps=4
[InvertedPendulum-v4] run=1 seed= 42 t=    1,793  ep= 297  ep_reward=     4.00  ep_steps=4
[InvertedPendulum-v4] run=1 seed= 42 t=    1,797  ep= 298  ep_reward=     4.00  ep_steps=4
[InvertedPendulum-v4] run=1 seed= 42 t=    1,810  ep= 299  ep_reward=    13.00  ep_steps=13
[InvertedPendulum-v4] run=1 seed= 42 t=    1,815  ep= 300  ep_reward=     5.00  ep_steps=5
[InvertedPendulum-v4] run=1 seed= 42 t=    1,821  ep= 301  ep_reward=     6.00  ep_steps=6
[InvertedPendulum-v4] run=1 seed= 42 t=    1,831  ep= 302  ep_reward=    10.00  ep_steps=10
[InvertedPendulum-v4] run=1 seed= 42 t=    1,838  ep= 303  ep_reward=     7.00  ep_steps=7
[InvertedPendulum-v4] run=1 seed= 42 t=    1,846  ep= 304  ep_reward=     8.00  ep_steps=8
[InvertedPendulum-v4] run=1 seed= 42 t=    1,856  ep= 305  ep_reward=    10.00  ep_steps=10
[InvertedPendulum-v4] run=1 seed= 42 t=    1,860  ep= 306  ep_reward=     4.00  ep_steps=4
[InvertedPendulum-v4] run=1 seed= 42 t=    1,863  ep= 307  ep_reward=     3.00  ep_steps=3
[InvertedPendulum-v4] run=1 seed= 42 t=    1,867  ep= 308  ep_reward=     4.00  ep_steps=4
[InvertedPendulum-v4] run=1 seed= 42 t=    1,876  ep= 309  ep_reward=     9.00  ep_steps=9
[InvertedPendulum-v4] run=1 seed= 42 t=    1,880  ep= 310  ep_reward=     4.00  ep_steps=4
[InvertedPendulum-v4] run=1 seed= 42 t=    1,891  ep= 311  ep_reward=    11.00  ep_steps=11
[InvertedPendulum-v4] run=1 seed= 42 t=    1,898  ep= 312  ep_reward=     7.00  ep_steps=7
[InvertedPendulum-v4] run=1 seed= 42 t=    1,901  ep= 313  ep_reward=     3.00  ep_steps=3
[InvertedPendulum-v4] run=1 seed= 42 t=    1,905  ep= 314  ep_reward=     4.00  ep_steps=4
[InvertedPendulum-v4] run=1 seed= 42 t=    1,912  ep= 315  ep_reward=     7.00  ep_steps=7
[InvertedPendulum-v4] run=1 seed= 42 t=    1,919  ep= 316  ep_reward=     7.00  ep_steps=7
[InvertedPendulum-v4] run=1 seed= 42 t=    1,923  ep= 317  ep_reward=     4.00  ep_steps=4
[InvertedPendulum-v4] run=1 seed= 42 t=    1,927  ep= 318  ep_reward=     4.00  ep_steps=4
[InvertedPendulum-v4] run=1 seed= 42 t=    1,938  ep= 319  ep_reward=    11.00  ep_steps=11
[InvertedPendulum-v4] run=1 seed= 42 t=    1,941  ep= 320  ep_reward=     3.00  ep_steps=3
[InvertedPendulum-v4] run=1 seed= 42 t=    1,954  ep= 321  ep_reward=    13.00  ep_steps=13
[InvertedPendulum-v4] run=1 seed= 42 t=    1,957  ep= 322  ep_reward=     3.00  ep_steps=3
[InvertedPendulum-v4] run=1 seed= 42 t=    1,967  ep= 323  ep_reward=    10.00  ep_steps=10
[InvertedPendulum-v4] run=1 seed= 42 t=    1,972  ep= 324  ep_reward=     5.00  ep_steps=5
[InvertedPendulum-v4] run=1 seed= 42 t=    1,989  ep= 325  ep_reward=    17.00  ep_steps=17
[InvertedPendulum-v4] run=1 seed= 42 t=    1,992  ep= 326  ep_reward=     3.00  ep_steps=3
[InvertedPendulum-v4] run=1 seed= 42 t=    1,995  ep= 327  ep_reward=     3.00  ep_steps=3
[InvertedPendulum-v4] run=1 seed= 42 t=    2,002  ep= 328  ep_reward=     7.00  ep_steps=7
[InvertedPendulum-v4] run=1 seed= 42 t=    2,005  ep= 329  ep_reward=     3.00  ep_steps=3
[InvertedPendulum-v4] run=1 seed= 42 t=    2,013  ep= 330  ep_reward=     8.00  ep_steps=8
[InvertedPendulum-v4] run=1 seed= 42 t=    2,019  ep= 331  ep_reward=     6.00  ep_steps=6
[InvertedPendulum-v4] run=1 seed= 42 t=    2,024  ep= 332  ep_reward=     5.00  ep_steps=5
[InvertedPendulum-v4] run=1 seed= 42 t=    2,035  ep= 333  ep_reward=    11.00  ep_steps=11
[InvertedPendulum-v4] run=1 seed= 42 t=    2,039  ep= 334  ep_reward=     4.00  ep_steps=4
[InvertedPendulum-v4] run=1 seed= 42 t=    2,044  ep= 335  ep_reward=     5.00  ep_steps=5
[InvertedPendulum-v4] run=1 seed= 42 t=    2,054  ep= 336  ep_reward=    10.00  ep_steps=10
[InvertedPendulum-v4] run=1 seed= 42 t=    2,063  ep= 337  ep_reward=     9.00  ep_steps=9
[InvertedPendulum-v4] run=1 seed= 42 t=    2,077  ep= 338  ep_reward=    14.00  ep_steps=14
[InvertedPendulum-v4] run=1 seed= 42 t=    2,080  ep= 339  ep_reward=     3.00  ep_steps=3
[InvertedPendulum-v4] run=1 seed= 42 t=    2,085  ep= 340  ep_reward=     5.00  ep_steps=5
[InvertedPendulum-v4] run=1 seed= 42 t=    2,089  ep= 341  ep_reward=     4.00  ep_steps=4
[InvertedPendulum-v4] run=1 seed= 42 t=    2,101  ep= 342  ep_reward=    12.00  ep_steps=12
[InvertedPendulum-v4] run=1 seed= 42 t=    2,107  ep= 343  ep_reward=     6.00  ep_steps=6
[InvertedPendulum-v4] run=1 seed= 42 t=    2,120  ep= 344  ep_reward=    13.00  ep_steps=13
[InvertedPendulum-v4] run=1 seed= 42 t=    2,123  ep= 345  ep_reward=     3.00  ep_steps=3
[InvertedPendulum-v4] run=1 seed= 42 t=    2,127  ep= 346  ep_reward=     4.00  ep_steps=4
[InvertedPendulum-v4] run=1 seed= 42 t=    2,130  ep= 347  ep_reward=     3.00  ep_steps=3
[InvertedPendulum-v4] run=1 seed= 42 t=    2,135  ep= 348  ep_reward=     5.00  ep_steps=5
[InvertedPendulum-v4] run=1 seed= 42 t=    2,141  ep= 349  ep_reward=     6.00  ep_steps=6
[InvertedPendulum-v4] run=1 seed= 42 t=    2,146  ep= 350  ep_reward=     5.00  ep_steps=5
[InvertedPendulum-v4] run=1 seed= 42 t=    2,164  ep= 351  ep_reward=    18.00  ep_steps=18
[InvertedPendulum-v4] run=1 seed= 42 t=    2,168  ep= 352  ep_reward=     4.00  ep_steps=4
[InvertedPendulum-v4] run=1 seed= 42 t=    2,173  ep= 353  ep_reward=     5.00  ep_steps=5
[InvertedPendulum-v4] run=1 seed= 42 t=    2,176  ep= 354  ep_reward=     3.00  ep_steps=3
[InvertedPendulum-v4] run=1 seed= 42 t=    2,182  ep= 355  ep_reward=     6.00  ep_steps=6
[InvertedPendulum-v4] run=1 seed= 42 t=    2,210  ep= 356  ep_reward=    28.00  ep_steps=28
[InvertedPendulum-v4] run=1 seed= 42 t=    2,213  ep= 357  ep_reward=     3.00  ep_steps=3
[InvertedPendulum-v4] run=1 seed= 42 t=    2,222  ep= 358  ep_reward=     9.00  ep_steps=9
[InvertedPendulum-v4] run=1 seed= 42 t=    2,229  ep= 359  ep_reward=     7.00  ep_steps=7
[InvertedPendulum-v4] run=1 seed= 42 t=    2,236  ep= 360  ep_reward=     7.00  ep_steps=7
[InvertedPendulum-v4] run=1 seed= 42 t=    2,239  ep= 361  ep_reward=     3.00  ep_steps=3
[InvertedPendulum-v4] run=1 seed= 42 t=    2,243  ep= 362  ep_reward=     4.00  ep_steps=4
[InvertedPendulum-v4] run=1 seed= 42 t=    2,247  ep= 363  ep_reward=     4.00  ep_steps=4
[InvertedPendulum-v4] run=1 seed= 42 t=    2,257  ep= 364  ep_reward=    10.00  ep_steps=10
[InvertedPendulum-v4] run=1 seed= 42 t=    2,269  ep= 365  ep_reward=    12.00  ep_steps=12
[InvertedPendulum-v4] run=1 seed= 42 t=    2,272  ep= 366  ep_reward=     3.00  ep_steps=3
[InvertedPendulum-v4] run=1 seed= 42 t=    2,275  ep= 367  ep_reward=     3.00  ep_steps=3
[InvertedPendulum-v4] run=1 seed= 42 t=    2,278  ep= 368  ep_reward=     3.00  ep_steps=3
[InvertedPendulum-v4] run=1 seed= 42 t=    2,282  ep= 369  ep_reward=     4.00  ep_steps=4
[InvertedPendulum-v4] run=1 seed= 42 t=    2,287  ep= 370  ep_reward=     5.00  ep_steps=5
[InvertedPendulum-v4] run=1 seed= 42 t=    2,294  ep= 371  ep_reward=     7.00  ep_steps=7
[InvertedPendulum-v4] run=1 seed= 42 t=    2,298  ep= 372  ep_reward=     4.00  ep_steps=4
[InvertedPendulum-v4] run=1 seed= 42 t=    2,310  ep= 373  ep_reward=    12.00  ep_steps=12
[InvertedPendulum-v4] run=1 seed= 42 t=    2,317  ep= 374  ep_reward=     7.00  ep_steps=7
[InvertedPendulum-v4] run=1 seed= 42 t=    2,321  ep= 375  ep_reward=     4.00  ep_steps=4
[InvertedPendulum-v4] run=1 seed= 42 t=    2,324  ep= 376  ep_reward=     3.00  ep_steps=3
[InvertedPendulum-v4] run=1 seed= 42 t=    2,332  ep= 377  ep_reward=     8.00  ep_steps=8
[InvertedPendulum-v4] run=1 seed= 42 t=    2,339  ep= 378  ep_reward=     7.00  ep_steps=7
[InvertedPendulum-v4] run=1 seed= 42 t=    2,342  ep= 379  ep_reward=     3.00  ep_steps=3
[InvertedPendulum-v4] run=1 seed= 42 t=    2,355  ep= 380  ep_reward=    13.00  ep_steps=13
[InvertedPendulum-v4] run=1 seed= 42 t=    2,359  ep= 381  ep_reward=     4.00  ep_steps=4
[InvertedPendulum-v4] run=1 seed= 42 t=    2,364  ep= 382  ep_reward=     5.00  ep_steps=5
[InvertedPendulum-v4] run=1 seed= 42 t=    2,376  ep= 383  ep_reward=    12.00  ep_steps=12
[InvertedPendulum-v4] run=1 seed= 42 t=    2,381  ep= 384  ep_reward=     5.00  ep_steps=5
[InvertedPendulum-v4] run=1 seed= 42 t=    2,384  ep= 385  ep_reward=     3.00  ep_steps=3
[InvertedPendulum-v4] run=1 seed= 42 t=    2,392  ep= 386  ep_reward=     8.00  ep_steps=8
[InvertedPendulum-v4] run=1 seed= 42 t=    2,396  ep= 387  ep_reward=     4.00  ep_steps=4
[InvertedPendulum-v4] run=1 seed= 42 t=    2,399  ep= 388  ep_reward=     3.00  ep_steps=3
[InvertedPendulum-v4] run=1 seed= 42 t=    2,404  ep= 389  ep_reward=     5.00  ep_steps=5
[InvertedPendulum-v4] run=1 seed= 42 t=    2,412  ep= 390  ep_reward=     8.00  ep_steps=8
[InvertedPendulum-v4] run=1 seed= 42 t=    2,418  ep= 391  ep_reward=     6.00  ep_steps=6
[InvertedPendulum-v4] run=1 seed= 42 t=    2,422  ep= 392  ep_reward=     4.00  ep_steps=4
[InvertedPendulum-v4] run=1 seed= 42 t=    2,429  ep= 393  ep_reward=     7.00  ep_steps=7
[InvertedPendulum-v4] run=1 seed= 42 t=    2,432  ep= 394  ep_reward=     3.00  ep_steps=3
[InvertedPendulum-v4] run=1 seed= 42 t=    2,438  ep= 395  ep_reward=     6.00  ep_steps=6
[InvertedPendulum-v4] run=1 seed= 42 t=    2,443  ep= 396  ep_reward=     5.00  ep_steps=5
[InvertedPendulum-v4] run=1 seed= 42 t=    2,450  ep= 397  ep_reward=     7.00  ep_steps=7
[InvertedPendulum-v4] run=1 seed= 42 t=    2,454  ep= 398  ep_reward=     4.00  ep_steps=4
[InvertedPendulum-v4] run=1 seed= 42 t=    2,472  ep= 399  ep_reward=    18.00  ep_steps=18
[InvertedPendulum-v4] run=1 seed= 42 t=    2,479  ep= 400  ep_reward=     7.00  ep_steps=7
[InvertedPendulum-v4] run=1 seed= 42 t=    2,488  ep= 401  ep_reward=     9.00  ep_steps=9
[InvertedPendulum-v4] run=1 seed= 42 t=    2,503  ep= 402  ep_reward=    15.00  ep_steps=15
[InvertedPendulum-v4] run=1 seed= 42 t=    2,510  ep= 403  ep_reward=     7.00  ep_steps=7
[InvertedPendulum-v4] run=1 seed= 42 t=    2,515  ep= 404  ep_reward=     5.00  ep_steps=5
[InvertedPendulum-v4] run=1 seed= 42 t=    2,522  ep= 405  ep_reward=     7.00  ep_steps=7
[InvertedPendulum-v4] run=1 seed= 42 t=    2,528  ep= 406  ep_reward=     6.00  ep_steps=6
[InvertedPendulum-v4] run=1 seed= 42 t=    2,532  ep= 407  ep_reward=     4.00  ep_steps=4
[InvertedPendulum-v4] run=1 seed= 42 t=    2,539  ep= 408  ep_reward=     7.00  ep_steps=7
[InvertedPendulum-v4] run=1 seed= 42 t=    2,546  ep= 409  ep_reward=     7.00  ep_steps=7
[InvertedPendulum-v4] run=1 seed= 42 t=    2,557  ep= 410  ep_reward=    11.00  ep_steps=11
[InvertedPendulum-v4] run=1 seed= 42 t=    2,561  ep= 411  ep_reward=     4.00  ep_steps=4
[InvertedPendulum-v4] run=1 seed= 42 t=    2,565  ep= 412  ep_reward=     4.00  ep_steps=4
[InvertedPendulum-v4] run=1 seed= 42 t=    2,568  ep= 413  ep_reward=     3.00  ep_steps=3
[InvertedPendulum-v4] run=1 seed= 42 t=    2,572  ep= 414  ep_reward=     4.00  ep_steps=4
[InvertedPendulum-v4] run=1 seed= 42 t=    2,576  ep= 415  ep_reward=     4.00  ep_steps=4
[InvertedPendulum-v4] run=1 seed= 42 t=    2,580  ep= 416  ep_reward=     4.00  ep_steps=4
[InvertedPendulum-v4] run=1 seed= 42 t=    2,584  ep= 417  ep_reward=     4.00  ep_steps=4
[InvertedPendulum-v4] run=1 seed= 42 t=    2,587  ep= 418  ep_reward=     3.00  ep_steps=3
[InvertedPendulum-v4] run=1 seed= 42 t=    2,591  ep= 419  ep_reward=     4.00  ep_steps=4
[InvertedPendulum-v4] run=1 seed= 42 t=    2,596  ep= 420  ep_reward=     5.00  ep_steps=5
[InvertedPendulum-v4] run=1 seed= 42 t=    2,621  ep= 421  ep_reward=    25.00  ep_steps=25
[InvertedPendulum-v4] run=1 seed= 42 t=    2,625  ep= 422  ep_reward=     4.00  ep_steps=4
[InvertedPendulum-v4] run=1 seed= 42 t=    2,631  ep= 423  ep_reward=     6.00  ep_steps=6
[InvertedPendulum-v4] run=1 seed= 42 t=    2,635  ep= 424  ep_reward=     4.00  ep_steps=4
[InvertedPendulum-v4] run=1 seed= 42 t=    2,641  ep= 425  ep_reward=     6.00  ep_steps=6
[InvertedPendulum-v4] run=1 seed= 42 t=    2,645  ep= 426  ep_reward=     4.00  ep_steps=4
[InvertedPendulum-v4] run=1 seed= 42 t=    2,648  ep= 427  ep_reward=     3.00  ep_steps=3
[InvertedPendulum-v4] run=1 seed= 42 t=    2,651  ep= 428  ep_reward=     3.00  ep_steps=3
[InvertedPendulum-v4] run=1 seed= 42 t=    2,656  ep= 429  ep_reward=     5.00  ep_steps=5
[InvertedPendulum-v4] run=1 seed= 42 t=    2,661  ep= 430  ep_reward=     5.00  ep_steps=5
[InvertedPendulum-v4] run=1 seed= 42 t=    2,666  ep= 431  ep_reward=     5.00  ep_steps=5
[InvertedPendulum-v4] run=1 seed= 42 t=    2,676  ep= 432  ep_reward=    10.00  ep_steps=10
[InvertedPendulum-v4] run=1 seed= 42 t=    2,681  ep= 433  ep_reward=     5.00  ep_steps=5
[InvertedPendulum-v4] run=1 seed= 42 t=    2,693  ep= 434  ep_reward=    12.00  ep_steps=12
[InvertedPendulum-v4] run=1 seed= 42 t=    2,696  ep= 435  ep_reward=     3.00  ep_steps=3
[InvertedPendulum-v4] run=1 seed= 42 t=    2,704  ep= 436  ep_reward=     8.00  ep_steps=8
[InvertedPendulum-v4] run=1 seed= 42 t=    2,709  ep= 437  ep_reward=     5.00  ep_steps=5
[InvertedPendulum-v4] run=1 seed= 42 t=    2,713  ep= 438  ep_reward=     4.00  ep_steps=4
[InvertedPendulum-v4] run=1 seed= 42 t=    2,720  ep= 439  ep_reward=     7.00  ep_steps=7
[InvertedPendulum-v4] run=1 seed= 42 t=    2,736  ep= 440  ep_reward=    16.00  ep_steps=16
[InvertedPendulum-v4] run=1 seed= 42 t=    2,742  ep= 441  ep_reward=     6.00  ep_steps=6
[InvertedPendulum-v4] run=1 seed= 42 t=    2,749  ep= 442  ep_reward=     7.00  ep_steps=7
[InvertedPendulum-v4] run=1 seed= 42 t=    2,752  ep= 443  ep_reward=     3.00  ep_steps=3
[InvertedPendulum-v4] run=1 seed= 42 t=    2,757  ep= 444  ep_reward=     5.00  ep_steps=5
[InvertedPendulum-v4] run=1 seed= 42 t=    2,761  ep= 445  ep_reward=     4.00  ep_steps=4
[InvertedPendulum-v4] run=1 seed= 42 t=    2,772  ep= 446  ep_reward=    11.00  ep_steps=11
[InvertedPendulum-v4] run=1 seed= 42 t=    2,783  ep= 447  ep_reward=    11.00  ep_steps=11
[InvertedPendulum-v4] run=1 seed= 42 t=    2,795  ep= 448  ep_reward=    12.00  ep_steps=12
[InvertedPendulum-v4] run=1 seed= 42 t=    2,801  ep= 449  ep_reward=     6.00  ep_steps=6
[InvertedPendulum-v4] run=1 seed= 42 t=    2,805  ep= 450  ep_reward=     4.00  ep_steps=4
[InvertedPendulum-v4] run=1 seed= 42 t=    2,809  ep= 451  ep_reward=     4.00  ep_steps=4
[InvertedPendulum-v4] run=1 seed= 42 t=    2,812  ep= 452  ep_reward=     3.00  ep_steps=3
[InvertedPendulum-v4] run=1 seed= 42 t=    2,817  ep= 453  ep_reward=     5.00  ep_steps=5
[InvertedPendulum-v4] run=1 seed= 42 t=    2,823  ep= 454  ep_reward=     6.00  ep_steps=6
[InvertedPendulum-v4] run=1 seed= 42 t=    2,826  ep= 455  ep_reward=     3.00  ep_steps=3
[InvertedPendulum-v4] run=1 seed= 42 t=    2,839  ep= 456  ep_reward=    13.00  ep_steps=13
[InvertedPendulum-v4] run=1 seed= 42 t=    2,844  ep= 457  ep_reward=     5.00  ep_steps=5
[InvertedPendulum-v4] run=1 seed= 42 t=    2,848  ep= 458  ep_reward=     4.00  ep_steps=4
[InvertedPendulum-v4] run=1 seed= 42 t=    2,855  ep= 459  ep_reward=     7.00  ep_steps=7
[InvertedPendulum-v4] run=1 seed= 42 t=    2,858  ep= 460  ep_reward=     3.00  ep_steps=3
[InvertedPendulum-v4] run=1 seed= 42 t=    2,867  ep= 461  ep_reward=     9.00  ep_steps=9
[InvertedPendulum-v4] run=1 seed= 42 t=    2,876  ep= 462  ep_reward=     9.00  ep_steps=9
[InvertedPendulum-v4] run=1 seed= 42 t=    2,880  ep= 463  ep_reward=     4.00  ep_steps=4
[InvertedPendulum-v4] run=1 seed= 42 t=    2,883  ep= 464  ep_reward=     3.00  ep_steps=3
[InvertedPendulum-v4] run=1 seed= 42 t=    2,888  ep= 465  ep_reward=     5.00  ep_steps=5
[InvertedPendulum-v4] run=1 seed= 42 t=    2,891  ep= 466  ep_reward=     3.00  ep_steps=3
[InvertedPendulum-v4] run=1 seed= 42 t=    2,894  ep= 467  ep_reward=     3.00  ep_steps=3
[InvertedPendulum-v4] run=1 seed= 42 t=    2,898  ep= 468  ep_reward=     4.00  ep_steps=4
[InvertedPendulum-v4] run=1 seed= 42 t=    2,906  ep= 469  ep_reward=     8.00  ep_steps=8
[InvertedPendulum-v4] run=1 seed= 42 t=    2,910  ep= 470  ep_reward=     4.00  ep_steps=4
[InvertedPendulum-v4] run=1 seed= 42 t=    2,919  ep= 471  ep_reward=     9.00  ep_steps=9
[InvertedPendulum-v4] run=1 seed= 42 t=    2,924  ep= 472  ep_reward=     5.00  ep_steps=5
[InvertedPendulum-v4] run=1 seed= 42 t=    2,929  ep= 473  ep_reward=     5.00  ep_steps=5
[InvertedPendulum-v4] run=1 seed= 42 t=    2,935  ep= 474  ep_reward=     6.00  ep_steps=6
[InvertedPendulum-v4] run=1 seed= 42 t=    2,939  ep= 475  ep_reward=     4.00  ep_steps=4
[InvertedPendulum-v4] run=1 seed= 42 t=    2,945  ep= 476  ep_reward=     6.00  ep_steps=6
[InvertedPendulum-v4] run=1 seed= 42 t=    2,951  ep= 477  ep_reward=     6.00  ep_steps=6
[InvertedPendulum-v4] run=1 seed= 42 t=    2,969  ep= 478  ep_reward=    18.00  ep_steps=18
[InvertedPendulum-v4] run=1 seed= 42 t=    2,973  ep= 479  ep_reward=     4.00  ep_steps=4
[InvertedPendulum-v4] run=1 seed= 42 t=    2,976  ep= 480  ep_reward=     3.00  ep_steps=3
[InvertedPendulum-v4] run=1 seed= 42 t=    2,980  ep= 481  ep_reward=     4.00  ep_steps=4
[InvertedPendulum-v4] run=1 seed= 42 t=    2,985  ep= 482  ep_reward=     5.00  ep_steps=5
[InvertedPendulum-v4] run=1 seed= 42 t=    2,988  ep= 483  ep_reward=     3.00  ep_steps=3
[InvertedPendulum-v4] run=1 seed= 42 t=    2,999  ep= 484  ep_reward=    11.00  ep_steps=11
[InvertedPendulum-v4] run=1 seed= 42 t=    3,006  ep= 485  ep_reward=     7.00  ep_steps=7
[InvertedPendulum-v4] run=1 seed= 42 t=    3,010  ep= 486  ep_reward=     4.00  ep_steps=4
[InvertedPendulum-v4] run=1 seed= 42 t=    3,015  ep= 487  ep_reward=     5.00  ep_steps=5
[InvertedPendulum-v4] run=1 seed= 42 t=    3,024  ep= 488  ep_reward=     9.00  ep_steps=9
[InvertedPendulum-v4] run=1 seed= 42 t=    3,027  ep= 489  ep_reward=     3.00  ep_steps=3
[InvertedPendulum-v4] run=1 seed= 42 t=    3,031  ep= 490  ep_reward=     4.00  ep_steps=4
[InvertedPendulum-v4] run=1 seed= 42 t=    3,034  ep= 491  ep_reward=     3.00  ep_steps=3
[InvertedPendulum-v4] run=1 seed= 42 t=    3,037  ep= 492  ep_reward=     3.00  ep_steps=3
[InvertedPendulum-v4] run=1 seed= 42 t=    3,040  ep= 493  ep_reward=     3.00  ep_steps=3
[InvertedPendulum-v4] run=1 seed= 42 t=    3,045  ep= 494  ep_reward=     5.00  ep_steps=5
[InvertedPendulum-v4] run=1 seed= 42 t=    3,048  ep= 495  ep_reward=     3.00  ep_steps=3
[InvertedPendulum-v4] run=1 seed= 42 t=    3,052  ep= 496  ep_reward=     4.00  ep_steps=4
[InvertedPendulum-v4] run=1 seed= 42 t=    3,056  ep= 497  ep_reward=     4.00  ep_steps=4
[InvertedPendulum-v4] run=1 seed= 42 t=    3,061  ep= 498  ep_reward=     5.00  ep_steps=5
[InvertedPendulum-v4] run=1 seed= 42 t=    3,069  ep= 499  ep_reward=     8.00  ep_steps=8
[InvertedPendulum-v4] run=1 seed= 42 t=    3,076  ep= 500  ep_reward=     7.00  ep_steps=7
[InvertedPendulum-v4] run=1 seed= 42 t=    3,082  ep= 501  ep_reward=     6.00  ep_steps=6
[InvertedPendulum-v4] run=1 seed= 42 t=    3,086  ep= 502  ep_reward=     4.00  ep_steps=4
[InvertedPendulum-v4] run=1 seed= 42 t=    3,094  ep= 503  ep_reward=     8.00  ep_steps=8
[InvertedPendulum-v4] run=1 seed= 42 t=    3,098  ep= 504  ep_reward=     4.00  ep_steps=4
[InvertedPendulum-v4] run=1 seed= 42 t=    3,103  ep= 505  ep_reward=     5.00  ep_steps=5
[InvertedPendulum-v4] run=1 seed= 42 t=    3,107  ep= 506  ep_reward=     4.00  ep_steps=4
[InvertedPendulum-v4] run=1 seed= 42 t=    3,118  ep= 507  ep_reward=    11.00  ep_steps=11
[InvertedPendulum-v4] run=1 seed= 42 t=    3,122  ep= 508  ep_reward=     4.00  ep_steps=4
[InvertedPendulum-v4] run=1 seed= 42 t=    3,126  ep= 509  ep_reward=     4.00  ep_steps=4
[InvertedPendulum-v4] run=1 seed= 42 t=    3,137  ep= 510  ep_reward=    11.00  ep_steps=11
[InvertedPendulum-v4] run=1 seed= 42 t=    3,141  ep= 511  ep_reward=     4.00  ep_steps=4
[InvertedPendulum-v4] run=1 seed= 42 t=    3,149  ep= 512  ep_reward=     8.00  ep_steps=8
[InvertedPendulum-v4] run=1 seed= 42 t=    3,152  ep= 513  ep_reward=     3.00  ep_steps=3
[InvertedPendulum-v4] run=1 seed= 42 t=    3,155  ep= 514  ep_reward=     3.00  ep_steps=3
[InvertedPendulum-v4] run=1 seed= 42 t=    3,158  ep= 515  ep_reward=     3.00  ep_steps=3
[InvertedPendulum-v4] run=1 seed= 42 t=    3,162  ep= 516  ep_reward=     4.00  ep_steps=4
[InvertedPendulum-v4] run=1 seed= 42 t=    3,168  ep= 517  ep_reward=     6.00  ep_steps=6
[InvertedPendulum-v4] run=1 seed= 42 t=    3,175  ep= 518  ep_reward=     7.00  ep_steps=7
[InvertedPendulum-v4] run=1 seed= 42 t=    3,179  ep= 519  ep_reward=     4.00  ep_steps=4
[InvertedPendulum-v4] run=1 seed= 42 t=    3,188  ep= 520  ep_reward=     9.00  ep_steps=9
[InvertedPendulum-v4] run=1 seed= 42 t=    3,191  ep= 521  ep_reward=     3.00  ep_steps=3
[InvertedPendulum-v4] run=1 seed= 42 t=    3,195  ep= 522  ep_reward=     4.00  ep_steps=4
[InvertedPendulum-v4] run=1 seed= 42 t=    3,200  ep= 523  ep_reward=     5.00  ep_steps=5
[InvertedPendulum-v4] run=1 seed= 42 t=    3,203  ep= 524  ep_reward=     3.00  ep_steps=3
[InvertedPendulum-v4] run=1 seed= 42 t=    3,207  ep= 525  ep_reward=     4.00  ep_steps=4
[InvertedPendulum-v4] run=1 seed= 42 t=    3,210  ep= 526  ep_reward=     3.00  ep_steps=3
[InvertedPendulum-v4] run=1 seed= 42 t=    3,225  ep= 527  ep_reward=    15.00  ep_steps=15
[InvertedPendulum-v4] run=1 seed= 42 t=    3,229  ep= 528  ep_reward=     4.00  ep_steps=4
[InvertedPendulum-v4] run=1 seed= 42 t=    3,234  ep= 529  ep_reward=     5.00  ep_steps=5
[InvertedPendulum-v4] run=1 seed= 42 t=    3,238  ep= 530  ep_reward=     4.00  ep_steps=4
[InvertedPendulum-v4] run=1 seed= 42 t=    3,250  ep= 531  ep_reward=    12.00  ep_steps=12
[InvertedPendulum-v4] run=1 seed= 42 t=    3,253  ep= 532  ep_reward=     3.00  ep_steps=3
[InvertedPendulum-v4] run=1 seed= 42 t=    3,258  ep= 533  ep_reward=     5.00  ep_steps=5
[InvertedPendulum-v4] run=1 seed= 42 t=    3,262  ep= 534  ep_reward=     4.00  ep_steps=4
[InvertedPendulum-v4] run=1 seed= 42 t=    3,265  ep= 535  ep_reward=     3.00  ep_steps=3
[InvertedPendulum-v4] run=1 seed= 42 t=    3,270  ep= 536  ep_reward=     5.00  ep_steps=5
[InvertedPendulum-v4] run=1 seed= 42 t=    3,273  ep= 537  ep_reward=     3.00  ep_steps=3
[InvertedPendulum-v4] run=1 seed= 42 t=    3,277  ep= 538  ep_reward=     4.00  ep_steps=4
[InvertedPendulum-v4] run=1 seed= 42 t=    3,282  ep= 539  ep_reward=     5.00  ep_steps=5
[InvertedPendulum-v4] run=1 seed= 42 t=    3,285  ep= 540  ep_reward=     3.00  ep_steps=3
[InvertedPendulum-v4] run=1 seed= 42 t=    3,299  ep= 541  ep_reward=    14.00  ep_steps=14
[InvertedPendulum-v4] run=1 seed= 42 t=    3,304  ep= 542  ep_reward=     5.00  ep_steps=5
[InvertedPendulum-v4] run=1 seed= 42 t=    3,308  ep= 543  ep_reward=     4.00  ep_steps=4
[InvertedPendulum-v4] run=1 seed= 42 t=    3,314  ep= 544  ep_reward=     6.00  ep_steps=6
[InvertedPendulum-v4] run=1 seed= 42 t=    3,318  ep= 545  ep_reward=     4.00  ep_steps=4
[InvertedPendulum-v4] run=1 seed= 42 t=    3,321  ep= 546  ep_reward=     3.00  ep_steps=3
[InvertedPendulum-v4] run=1 seed= 42 t=    3,326  ep= 547  ep_reward=     5.00  ep_steps=5
[InvertedPendulum-v4] run=1 seed= 42 t=    3,337  ep= 548  ep_reward=    11.00  ep_steps=11
[InvertedPendulum-v4] run=1 seed= 42 t=    3,343  ep= 549  ep_reward=     6.00  ep_steps=6
[InvertedPendulum-v4] run=1 seed= 42 t=    3,352  ep= 550  ep_reward=     9.00  ep_steps=9
[InvertedPendulum-v4] run=1 seed= 42 t=    3,355  ep= 551  ep_reward=     3.00  ep_steps=3
[InvertedPendulum-v4] run=1 seed= 42 t=    3,369  ep= 552  ep_reward=    14.00  ep_steps=14
[InvertedPendulum-v4] run=1 seed= 42 t=    3,385  ep= 553  ep_reward=    16.00  ep_steps=16
[InvertedPendulum-v4] run=1 seed= 42 t=    3,389  ep= 554  ep_reward=     4.00  ep_steps=4
[InvertedPendulum-v4] run=1 seed= 42 t=    3,393  ep= 555  ep_reward=     4.00  ep_steps=4
[InvertedPendulum-v4] run=1 seed= 42 t=    3,399  ep= 556  ep_reward=     6.00  ep_steps=6
[InvertedPendulum-v4] run=1 seed= 42 t=    3,406  ep= 557  ep_reward=     7.00  ep_steps=7
[InvertedPendulum-v4] run=1 seed= 42 t=    3,411  ep= 558  ep_reward=     5.00  ep_steps=5
[InvertedPendulum-v4] run=1 seed= 42 t=    3,414  ep= 559  ep_reward=     3.00  ep_steps=3
[InvertedPendulum-v4] run=1 seed= 42 t=    3,419  ep= 560  ep_reward=     5.00  ep_steps=5
[InvertedPendulum-v4] run=1 seed= 42 t=    3,422  ep= 561  ep_reward=     3.00  ep_steps=3
[InvertedPendulum-v4] run=1 seed= 42 t=    3,434  ep= 562  ep_reward=    12.00  ep_steps=12
[InvertedPendulum-v4] run=1 seed= 42 t=    3,438  ep= 563  ep_reward=     4.00  ep_steps=4
[InvertedPendulum-v4] run=1 seed= 42 t=    3,441  ep= 564  ep_reward=     3.00  ep_steps=3
[InvertedPendulum-v4] run=1 seed= 42 t=    3,444  ep= 565  ep_reward=     3.00  ep_steps=3
[InvertedPendulum-v4] run=1 seed= 42 t=    3,448  ep= 566  ep_reward=     4.00  ep_steps=4
[InvertedPendulum-v4] run=1 seed= 42 t=    3,458  ep= 567  ep_reward=    10.00  ep_steps=10
[InvertedPendulum-v4] run=1 seed= 42 t=    3,463  ep= 568  ep_reward=     5.00  ep_steps=5
[InvertedPendulum-v4] run=1 seed= 42 t=    3,471  ep= 569  ep_reward=     8.00  ep_steps=8
[InvertedPendulum-v4] run=1 seed= 42 t=    3,480  ep= 570  ep_reward=     9.00  ep_steps=9
[InvertedPendulum-v4] run=1 seed= 42 t=    3,485  ep= 571  ep_reward=     5.00  ep_steps=5
[InvertedPendulum-v4] run=1 seed= 42 t=    3,489  ep= 572  ep_reward=     4.00  ep_steps=4
[InvertedPendulum-v4] run=1 seed= 42 t=    3,502  ep= 573  ep_reward=    13.00  ep_steps=13
[InvertedPendulum-v4] run=1 seed= 42 t=    3,507  ep= 574  ep_reward=     5.00  ep_steps=5
[InvertedPendulum-v4] run=1 seed= 42 t=    3,511  ep= 575  ep_reward=     4.00  ep_steps=4
[InvertedPendulum-v4] run=1 seed= 42 t=    3,514  ep= 576  ep_reward=     3.00  ep_steps=3
[InvertedPendulum-v4] run=1 seed= 42 t=    3,517  ep= 577  ep_reward=     3.00  ep_steps=3
[InvertedPendulum-v4] run=1 seed= 42 t=    3,526  ep= 578  ep_reward=     9.00  ep_steps=9
[InvertedPendulum-v4] run=1 seed= 42 t=    3,529  ep= 579  ep_reward=     3.00  ep_steps=3
[InvertedPendulum-v4] run=1 seed= 42 t=    3,533  ep= 580  ep_reward=     4.00  ep_steps=4
[InvertedPendulum-v4] run=1 seed= 42 t=    3,541  ep= 581  ep_reward=     8.00  ep_steps=8
[InvertedPendulum-v4] run=1 seed= 42 t=    3,550  ep= 582  ep_reward=     9.00  ep_steps=9
[InvertedPendulum-v4] run=1 seed= 42 t=    3,554  ep= 583  ep_reward=     4.00  ep_steps=4
[InvertedPendulum-v4] run=1 seed= 42 t=    3,560  ep= 584  ep_reward=     6.00  ep_steps=6
[InvertedPendulum-v4] run=1 seed= 42 t=    3,564  ep= 585  ep_reward=     4.00  ep_steps=4
[InvertedPendulum-v4] run=1 seed= 42 t=    3,567  ep= 586  ep_reward=     3.00  ep_steps=3
[InvertedPendulum-v4] run=1 seed= 42 t=    3,587  ep= 587  ep_reward=    20.00  ep_steps=20
[InvertedPendulum-v4] run=1 seed= 42 t=    3,593  ep= 588  ep_reward=     6.00  ep_steps=6
[InvertedPendulum-v4] run=1 seed= 42 t=    3,596  ep= 589  ep_reward=     3.00  ep_steps=3
[InvertedPendulum-v4] run=1 seed= 42 t=    3,599  ep= 590  ep_reward=     3.00  ep_steps=3
[InvertedPendulum-v4] run=1 seed= 42 t=    3,603  ep= 591  ep_reward=     4.00  ep_steps=4
[InvertedPendulum-v4] run=1 seed= 42 t=    3,608  ep= 592  ep_reward=     5.00  ep_steps=5
[InvertedPendulum-v4] run=1 seed= 42 t=    3,612  ep= 593  ep_reward=     4.00  ep_steps=4
[InvertedPendulum-v4] run=1 seed= 42 t=    3,616  ep= 594  ep_reward=     4.00  ep_steps=4
[InvertedPendulum-v4] run=1 seed= 42 t=    3,620  ep= 595  ep_reward=     4.00  ep_steps=4
[InvertedPendulum-v4] run=1 seed= 42 t=    3,627  ep= 596  ep_reward=     7.00  ep_steps=7
[InvertedPendulum-v4] run=1 seed= 42 t=    3,640  ep= 597  ep_reward=    13.00  ep_steps=13
[InvertedPendulum-v4] run=1 seed= 42 t=    3,644  ep= 598  ep_reward=     4.00  ep_steps=4
[InvertedPendulum-v4] run=1 seed= 42 t=    3,648  ep= 599  ep_reward=     4.00  ep_steps=4
[InvertedPendulum-v4] run=1 seed= 42 t=    3,654  ep= 600  ep_reward=     6.00  ep_steps=6
[InvertedPendulum-v4] run=1 seed= 42 t=    3,657  ep= 601  ep_reward=     3.00  ep_steps=3
[InvertedPendulum-v4] run=1 seed= 42 t=    3,673  ep= 602  ep_reward=    16.00  ep_steps=16
[InvertedPendulum-v4] run=1 seed= 42 t=    3,679  ep= 603  ep_reward=     6.00  ep_steps=6
[InvertedPendulum-v4] run=1 seed= 42 t=    3,683  ep= 604  ep_reward=     4.00  ep_steps=4
[InvertedPendulum-v4] run=1 seed= 42 t=    3,687  ep= 605  ep_reward=     4.00  ep_steps=4
[InvertedPendulum-v4] run=1 seed= 42 t=    3,690  ep= 606  ep_reward=     3.00  ep_steps=3
[InvertedPendulum-v4] run=1 seed= 42 t=    3,693  ep= 607  ep_reward=     3.00  ep_steps=3
[InvertedPendulum-v4] run=1 seed= 42 t=    3,700  ep= 608  ep_reward=     7.00  ep_steps=7
[InvertedPendulum-v4] run=1 seed= 42 t=    3,705  ep= 609  ep_reward=     5.00  ep_steps=5
[InvertedPendulum-v4] run=1 seed= 42 t=    3,709  ep= 610  ep_reward=     4.00  ep_steps=4
[InvertedPendulum-v4] run=1 seed= 42 t=    3,712  ep= 611  ep_reward=     3.00  ep_steps=3
[InvertedPendulum-v4] run=1 seed= 42 t=    3,715  ep= 612  ep_reward=     3.00  ep_steps=3
[InvertedPendulum-v4] run=1 seed= 42 t=    3,718  ep= 613  ep_reward=     3.00  ep_steps=3
[InvertedPendulum-v4] run=1 seed= 42 t=    3,722  ep= 614  ep_reward=     4.00  ep_steps=4
[InvertedPendulum-v4] run=1 seed= 42 t=    3,726  ep= 615  ep_reward=     4.00  ep_steps=4
[InvertedPendulum-v4] run=1 seed= 42 t=    3,730  ep= 616  ep_reward=     4.00  ep_steps=4
[InvertedPendulum-v4] run=1 seed= 42 t=    3,733  ep= 617  ep_reward=     3.00  ep_steps=3
[InvertedPendulum-v4] run=1 seed= 42 t=    3,741  ep= 618  ep_reward=     8.00  ep_steps=8
[InvertedPendulum-v4] run=1 seed= 42 t=    3,748  ep= 619  ep_reward=     7.00  ep_steps=7
[InvertedPendulum-v4] run=1 seed= 42 t=    3,752  ep= 620  ep_reward=     4.00  ep_steps=4
[InvertedPendulum-v4] run=1 seed= 42 t=    3,764  ep= 621  ep_reward=    12.00  ep_steps=12
[InvertedPendulum-v4] run=1 seed= 42 t=    3,769  ep= 622  ep_reward=     5.00  ep_steps=5
[InvertedPendulum-v4] run=1 seed= 42 t=    3,772  ep= 623  ep_reward=     3.00  ep_steps=3
[InvertedPendulum-v4] run=1 seed= 42 t=    3,776  ep= 624  ep_reward=     4.00  ep_steps=4
[InvertedPendulum-v4] run=1 seed= 42 t=    3,783  ep= 625  ep_reward=     7.00  ep_steps=7
[InvertedPendulum-v4] run=1 seed= 42 t=    3,795  ep= 626  ep_reward=    12.00  ep_steps=12
[InvertedPendulum-v4] run=1 seed= 42 t=    3,799  ep= 627  ep_reward=     4.00  ep_steps=4
[InvertedPendulum-v4] run=1 seed= 42 t=    3,802  ep= 628  ep_reward=     3.00  ep_steps=3
[InvertedPendulum-v4] run=1 seed= 42 t=    3,805  ep= 629  ep_reward=     3.00  ep_steps=3
[InvertedPendulum-v4] run=1 seed= 42 t=    3,812  ep= 630  ep_reward=     7.00  ep_steps=7
[InvertedPendulum-v4] run=1 seed= 42 t=    3,817  ep= 631  ep_reward=     5.00  ep_steps=5
[InvertedPendulum-v4] run=1 seed= 42 t=    3,823  ep= 632  ep_reward=     6.00  ep_steps=6
[InvertedPendulum-v4] run=1 seed= 42 t=    3,827  ep= 633  ep_reward=     4.00  ep_steps=4
[InvertedPendulum-v4] run=1 seed= 42 t=    3,832  ep= 634  ep_reward=     5.00  ep_steps=5
[InvertedPendulum-v4] run=1 seed= 42 t=    3,838  ep= 635  ep_reward=     6.00  ep_steps=6
[InvertedPendulum-v4] run=1 seed= 42 t=    3,843  ep= 636  ep_reward=     5.00  ep_steps=5
[InvertedPendulum-v4] run=1 seed= 42 t=    3,847  ep= 637  ep_reward=     4.00  ep_steps=4
[InvertedPendulum-v4] run=1 seed= 42 t=    3,853  ep= 638  ep_reward=     6.00  ep_steps=6
[InvertedPendulum-v4] run=1 seed= 42 t=    3,862  ep= 639  ep_reward=     9.00  ep_steps=9
[InvertedPendulum-v4] run=1 seed= 42 t=    3,867  ep= 640  ep_reward=     5.00  ep_steps=5
[InvertedPendulum-v4] run=1 seed= 42 t=    3,872  ep= 641  ep_reward=     5.00  ep_steps=5
[InvertedPendulum-v4] run=1 seed= 42 t=    3,875  ep= 642  ep_reward=     3.00  ep_steps=3
[InvertedPendulum-v4] run=1 seed= 42 t=    3,879  ep= 643  ep_reward=     4.00  ep_steps=4
[InvertedPendulum-v4] run=1 seed= 42 t=    3,884  ep= 644  ep_reward=     5.00  ep_steps=5
[InvertedPendulum-v4] run=1 seed= 42 t=    3,888  ep= 645  ep_reward=     4.00  ep_steps=4
[InvertedPendulum-v4] run=1 seed= 42 t=    3,896  ep= 646  ep_reward=     8.00  ep_steps=8
[InvertedPendulum-v4] run=1 seed= 42 t=    3,900  ep= 647  ep_reward=     4.00  ep_steps=4
[InvertedPendulum-v4] run=1 seed= 42 t=    3,909  ep= 648  ep_reward=     9.00  ep_steps=9
[InvertedPendulum-v4] run=1 seed= 42 t=    3,913  ep= 649  ep_reward=     4.00  ep_steps=4
[InvertedPendulum-v4] run=1 seed= 42 t=    3,918  ep= 650  ep_reward=     5.00  ep_steps=5
[InvertedPendulum-v4] run=1 seed= 42 t=    3,927  ep= 651  ep_reward=     9.00  ep_steps=9
[InvertedPendulum-v4] run=1 seed= 42 t=    3,932  ep= 652  ep_reward=     5.00  ep_steps=5
[InvertedPendulum-v4] run=1 seed= 42 t=    3,936  ep= 653  ep_reward=     4.00  ep_steps=4
[InvertedPendulum-v4] run=1 seed= 42 t=    3,942  ep= 654  ep_reward=     6.00  ep_steps=6
[InvertedPendulum-v4] run=1 seed= 42 t=    3,946  ep= 655  ep_reward=     4.00  ep_steps=4
[InvertedPendulum-v4] run=1 seed= 42 t=    3,949  ep= 656  ep_reward=     3.00  ep_steps=3
[InvertedPendulum-v4] run=1 seed= 42 t=    3,955  ep= 657  ep_reward=     6.00  ep_steps=6
[InvertedPendulum-v4] run=1 seed= 42 t=    3,958  ep= 658  ep_reward=     3.00  ep_steps=3
[InvertedPendulum-v4] run=1 seed= 42 t=    3,961  ep= 659  ep_reward=     3.00  ep_steps=3
[InvertedPendulum-v4] run=1 seed= 42 t=    3,965  ep= 660  ep_reward=     4.00  ep_steps=4
[InvertedPendulum-v4] run=1 seed= 42 t=    3,968  ep= 661  ep_reward=     3.00  ep_steps=3
[InvertedPendulum-v4] run=1 seed= 42 t=    3,974  ep= 662  ep_reward=     6.00  ep_steps=6
[InvertedPendulum-v4] run=1 seed= 42 t=    3,977  ep= 663  ep_reward=     3.00  ep_steps=3
[InvertedPendulum-v4] run=1 seed= 42 t=    3,981  ep= 664  ep_reward=     4.00  ep_steps=4
[InvertedPendulum-v4] run=1 seed= 42 t=    3,987  ep= 665  ep_reward=     6.00  ep_steps=6
[InvertedPendulum-v4] run=1 seed= 42 t=    3,991  ep= 666  ep_reward=     4.00  ep_steps=4
[InvertedPendulum-v4] run=1 seed= 42 t=    3,995  ep= 667  ep_reward=     4.00  ep_steps=4
[InvertedPendulum-v4] run=1 seed= 42 t=    3,998  ep= 668  ep_reward=     3.00  ep_steps=3
[InvertedPendulum-v4] run=1 seed= 42 t=    4,003  ep= 669  ep_reward=     5.00  ep_steps=5
[InvertedPendulum-v4] run=1 seed= 42 t=    4,007  ep= 670  ep_reward=     4.00  ep_steps=4
[InvertedPendulum-v4] run=1 seed= 42 t=    4,010  ep= 671  ep_reward=     3.00  ep_steps=3
[InvertedPendulum-v4] run=1 seed= 42 t=    4,014  ep= 672  ep_reward=     4.00  ep_steps=4
[InvertedPendulum-v4] run=1 seed= 42 t=    4,021  ep= 673  ep_reward=     7.00  ep_steps=7
[InvertedPendulum-v4] run=1 seed= 42 t=    4,029  ep= 674  ep_reward=     8.00  ep_steps=8
[InvertedPendulum-v4] run=1 seed= 42 t=    4,033  ep= 675  ep_reward=     4.00  ep_steps=4
[InvertedPendulum-v4] run=1 seed= 42 t=    4,038  ep= 676  ep_reward=     5.00  ep_steps=5
[InvertedPendulum-v4] run=1 seed= 42 t=    4,045  ep= 677  ep_reward=     7.00  ep_steps=7
[InvertedPendulum-v4] run=1 seed= 42 t=    4,048  ep= 678  ep_reward=     3.00  ep_steps=3
[InvertedPendulum-v4] run=1 seed= 42 t=    4,053  ep= 679  ep_reward=     5.00  ep_steps=5
[InvertedPendulum-v4] run=1 seed= 42 t=    4,058  ep= 680  ep_reward=     5.00  ep_steps=5
[InvertedPendulum-v4] run=1 seed= 42 t=    4,062  ep= 681  ep_reward=     4.00  ep_steps=4
[InvertedPendulum-v4] run=1 seed= 42 t=    4,066  ep= 682  ep_reward=     4.00  ep_steps=4
[InvertedPendulum-v4] run=1 seed= 42 t=    4,076  ep= 683  ep_reward=    10.00  ep_steps=10
[InvertedPendulum-v4] run=1 seed= 42 t=    4,085  ep= 684  ep_reward=     9.00  ep_steps=9
[InvertedPendulum-v4] run=1 seed= 42 t=    4,088  ep= 685  ep_reward=     3.00  ep_steps=3
[InvertedPendulum-v4] run=1 seed= 42 t=    4,091  ep= 686  ep_reward=     3.00  ep_steps=3
[InvertedPendulum-v4] run=1 seed= 42 t=    4,098  ep= 687  ep_reward=     7.00  ep_steps=7
[InvertedPendulum-v4] run=1 seed= 42 t=    4,102  ep= 688  ep_reward=     4.00  ep_steps=4
[InvertedPendulum-v4] run=1 seed= 42 t=    4,110  ep= 689  ep_reward=     8.00  ep_steps=8
[InvertedPendulum-v4] run=1 seed= 42 t=    4,116  ep= 690  ep_reward=     6.00  ep_steps=6
[InvertedPendulum-v4] run=1 seed= 42 t=    4,121  ep= 691  ep_reward=     5.00  ep_steps=5
[InvertedPendulum-v4] run=1 seed= 42 t=    4,124  ep= 692  ep_reward=     3.00  ep_steps=3
[InvertedPendulum-v4] run=1 seed= 42 t=    4,129  ep= 693  ep_reward=     5.00  ep_steps=5
[InvertedPendulum-v4] run=1 seed= 42 t=    4,132  ep= 694  ep_reward=     3.00  ep_steps=3
[InvertedPendulum-v4] run=1 seed= 42 t=    4,138  ep= 695  ep_reward=     6.00  ep_steps=6
[InvertedPendulum-v4] run=1 seed= 42 t=    4,142  ep= 696  ep_reward=     4.00  ep_steps=4
[InvertedPendulum-v4] run=1 seed= 42 t=    4,145  ep= 697  ep_reward=     3.00  ep_steps=3
[InvertedPendulum-v4] run=1 seed= 42 t=    4,148  ep= 698  ep_reward=     3.00  ep_steps=3
[InvertedPendulum-v4] run=1 seed= 42 t=    4,153  ep= 699  ep_reward=     5.00  ep_steps=5
[InvertedPendulum-v4] run=1 seed= 42 t=    4,159  ep= 700  ep_reward=     6.00  ep_steps=6
[InvertedPendulum-v4] run=1 seed= 42 t=    4,163  ep= 701  ep_reward=     4.00  ep_steps=4
[InvertedPendulum-v4] run=1 seed= 42 t=    4,168  ep= 702  ep_reward=     5.00  ep_steps=5
[InvertedPendulum-v4] run=1 seed= 42 t=    4,173  ep= 703  ep_reward=     5.00  ep_steps=5
[InvertedPendulum-v4] run=1 seed= 42 t=    4,179  ep= 704  ep_reward=     6.00  ep_steps=6
[InvertedPendulum-v4] run=1 seed= 42 t=    4,182  ep= 705  ep_reward=     3.00  ep_steps=3
[InvertedPendulum-v4] run=1 seed= 42 t=    4,186  ep= 706  ep_reward=     4.00  ep_steps=4
[InvertedPendulum-v4] run=1 seed= 42 t=    4,189  ep= 707  ep_reward=     3.00  ep_steps=3
[InvertedPendulum-v4] run=1 seed= 42 t=    4,197  ep= 708  ep_reward=     8.00  ep_steps=8
[InvertedPendulum-v4] run=1 seed= 42 t=    4,203  ep= 709  ep_reward=     6.00  ep_steps=6
[InvertedPendulum-v4] run=1 seed= 42 t=    4,207  ep= 710  ep_reward=     4.00  ep_steps=4
[InvertedPendulum-v4] run=1 seed= 42 t=    4,210  ep= 711  ep_reward=     3.00  ep_steps=3
[InvertedPendulum-v4] run=1 seed= 42 t=    4,217  ep= 712  ep_reward=     7.00  ep_steps=7
[InvertedPendulum-v4] run=1 seed= 42 t=    4,223  ep= 713  ep_reward=     6.00  ep_steps=6
[InvertedPendulum-v4] run=1 seed= 42 t=    4,227  ep= 714  ep_reward=     4.00  ep_steps=4
[InvertedPendulum-v4] run=1 seed= 42 t=    4,232  ep= 715  ep_reward=     5.00  ep_steps=5
[InvertedPendulum-v4] run=1 seed= 42 t=    4,241  ep= 716  ep_reward=     9.00  ep_steps=9
[InvertedPendulum-v4] run=1 seed= 42 t=    4,245  ep= 717  ep_reward=     4.00  ep_steps=4
[InvertedPendulum-v4] run=1 seed= 42 t=    4,250  ep= 718  ep_reward=     5.00  ep_steps=5
[InvertedPendulum-v4] run=1 seed= 42 t=    4,254  ep= 719  ep_reward=     4.00  ep_steps=4
[InvertedPendulum-v4] run=1 seed= 42 t=    4,261  ep= 720  ep_reward=     7.00  ep_steps=7
[InvertedPendulum-v4] run=1 seed= 42 t=    4,265  ep= 721  ep_reward=     4.00  ep_steps=4
[InvertedPendulum-v4] run=1 seed= 42 t=    4,270  ep= 722  ep_reward=     5.00  ep_steps=5
[InvertedPendulum-v4] run=1 seed= 42 t=    4,273  ep= 723  ep_reward=     3.00  ep_steps=3
[InvertedPendulum-v4] run=1 seed= 42 t=    4,281  ep= 724  ep_reward=     8.00  ep_steps=8
[InvertedPendulum-v4] run=1 seed= 42 t=    4,292  ep= 725  ep_reward=    11.00  ep_steps=11
[InvertedPendulum-v4] run=1 seed= 42 t=    4,297  ep= 726  ep_reward=     5.00  ep_steps=5
[InvertedPendulum-v4] run=1 seed= 42 t=    4,303  ep= 727  ep_reward=     6.00  ep_steps=6
[InvertedPendulum-v4] run=1 seed= 42 t=    4,306  ep= 728  ep_reward=     3.00  ep_steps=3
[InvertedPendulum-v4] run=1 seed= 42 t=    4,312  ep= 729  ep_reward=     6.00  ep_steps=6
[InvertedPendulum-v4] run=1 seed= 42 t=    4,322  ep= 730  ep_reward=    10.00  ep_steps=10
[InvertedPendulum-v4] run=1 seed= 42 t=    4,327  ep= 731  ep_reward=     5.00  ep_steps=5
[InvertedPendulum-v4] run=1 seed= 42 t=    4,330  ep= 732  ep_reward=     3.00  ep_steps=3
[InvertedPendulum-v4] run=1 seed= 42 t=    4,335  ep= 733  ep_reward=     5.00  ep_steps=5
[InvertedPendulum-v4] run=1 seed= 42 t=    4,338  ep= 734  ep_reward=     3.00  ep_steps=3
[InvertedPendulum-v4] run=1 seed= 42 t=    4,345  ep= 735  ep_reward=     7.00  ep_steps=7
[InvertedPendulum-v4] run=1 seed= 42 t=    4,348  ep= 736  ep_reward=     3.00  ep_steps=3
[InvertedPendulum-v4] run=1 seed= 42 t=    4,356  ep= 737  ep_reward=     8.00  ep_steps=8
[InvertedPendulum-v4] run=1 seed= 42 t=    4,360  ep= 738  ep_reward=     4.00  ep_steps=4
[InvertedPendulum-v4] run=1 seed= 42 t=    4,375  ep= 739  ep_reward=    15.00  ep_steps=15
[InvertedPendulum-v4] run=1 seed= 42 t=    4,381  ep= 740  ep_reward=     6.00  ep_steps=6
[InvertedPendulum-v4] run=1 seed= 42 t=    4,385  ep= 741  ep_reward=     4.00  ep_steps=4
[InvertedPendulum-v4] run=1 seed= 42 t=    4,393  ep= 742  ep_reward=     8.00  ep_steps=8
[InvertedPendulum-v4] run=1 seed= 42 t=    4,405  ep= 743  ep_reward=    12.00  ep_steps=12
[InvertedPendulum-v4] run=1 seed= 42 t=    4,409  ep= 744  ep_reward=     4.00  ep_steps=4
[InvertedPendulum-v4] run=1 seed= 42 t=    4,412  ep= 745  ep_reward=     3.00  ep_steps=3
[InvertedPendulum-v4] run=1 seed= 42 t=    4,419  ep= 746  ep_reward=     7.00  ep_steps=7
[InvertedPendulum-v4] run=1 seed= 42 t=    4,424  ep= 747  ep_reward=     5.00  ep_steps=5
[InvertedPendulum-v4] run=1 seed= 42 t=    4,429  ep= 748  ep_reward=     5.00  ep_steps=5
[InvertedPendulum-v4] run=1 seed= 42 t=    4,432  ep= 749  ep_reward=     3.00  ep_steps=3
[InvertedPendulum-v4] run=1 seed= 42 t=    4,437  ep= 750  ep_reward=     5.00  ep_steps=5
[InvertedPendulum-v4] run=1 seed= 42 t=    4,441  ep= 751  ep_reward=     4.00  ep_steps=4
[InvertedPendulum-v4] run=1 seed= 42 t=    4,449  ep= 752  ep_reward=     8.00  ep_steps=8
[InvertedPendulum-v4] run=1 seed= 42 t=    4,456  ep= 753  ep_reward=     7.00  ep_steps=7
[InvertedPendulum-v4] run=1 seed= 42 t=    4,460  ep= 754  ep_reward=     4.00  ep_steps=4
[InvertedPendulum-v4] run=1 seed= 42 t=    4,467  ep= 755  ep_reward=     7.00  ep_steps=7
[InvertedPendulum-v4] run=1 seed= 42 t=    4,471  ep= 756  ep_reward=     4.00  ep_steps=4
[InvertedPendulum-v4] run=1 seed= 42 t=    4,476  ep= 757  ep_reward=     5.00  ep_steps=5
[InvertedPendulum-v4] run=1 seed= 42 t=    4,482  ep= 758  ep_reward=     6.00  ep_steps=6
[InvertedPendulum-v4] run=1 seed= 42 t=    4,487  ep= 759  ep_reward=     5.00  ep_steps=5
[InvertedPendulum-v4] run=1 seed= 42 t=    4,490  ep= 760  ep_reward=     3.00  ep_steps=3
[InvertedPendulum-v4] run=1 seed= 42 t=    4,494  ep= 761  ep_reward=     4.00  ep_steps=4
[InvertedPendulum-v4] run=1 seed= 42 t=    4,498  ep= 762  ep_reward=     4.00  ep_steps=4
[InvertedPendulum-v4] run=1 seed= 42 t=    4,502  ep= 763  ep_reward=     4.00  ep_steps=4
[InvertedPendulum-v4] run=1 seed= 42 t=    4,508  ep= 764  ep_reward=     6.00  ep_steps=6
[InvertedPendulum-v4] run=1 seed= 42 t=    4,514  ep= 765  ep_reward=     6.00  ep_steps=6
[InvertedPendulum-v4] run=1 seed= 42 t=    4,517  ep= 766  ep_reward=     3.00  ep_steps=3
[InvertedPendulum-v4] run=1 seed= 42 t=    4,522  ep= 767  ep_reward=     5.00  ep_steps=5
[InvertedPendulum-v4] run=1 seed= 42 t=    4,525  ep= 768  ep_reward=     3.00  ep_steps=3
[InvertedPendulum-v4] run=1 seed= 42 t=    4,531  ep= 769  ep_reward=     6.00  ep_steps=6
[InvertedPendulum-v4] run=1 seed= 42 t=    4,539  ep= 770  ep_reward=     8.00  ep_steps=8
[InvertedPendulum-v4] run=1 seed= 42 t=    4,542  ep= 771  ep_reward=     3.00  ep_steps=3
[InvertedPendulum-v4] run=1 seed= 42 t=    4,545  ep= 772  ep_reward=     3.00  ep_steps=3
[InvertedPendulum-v4] run=1 seed= 42 t=    4,554  ep= 773  ep_reward=     9.00  ep_steps=9
[InvertedPendulum-v4] run=1 seed= 42 t=    4,562  ep= 774  ep_reward=     8.00  ep_steps=8
[InvertedPendulum-v4] run=1 seed= 42 t=    4,571  ep= 775  ep_reward=     9.00  ep_steps=9
[InvertedPendulum-v4] run=1 seed= 42 t=    4,584  ep= 776  ep_reward=    13.00  ep_steps=13
[InvertedPendulum-v4] run=1 seed= 42 t=    4,588  ep= 777  ep_reward=     4.00  ep_steps=4
[InvertedPendulum-v4] run=1 seed= 42 t=    4,593  ep= 778  ep_reward=     5.00  ep_steps=5
[InvertedPendulum-v4] run=1 seed= 42 t=    4,598  ep= 779  ep_reward=     5.00  ep_steps=5
[InvertedPendulum-v4] run=1 seed= 42 t=    4,605  ep= 780  ep_reward=     7.00  ep_steps=7
[InvertedPendulum-v4] run=1 seed= 42 t=    4,619  ep= 781  ep_reward=    14.00  ep_steps=14
[InvertedPendulum-v4] run=1 seed= 42 t=    4,626  ep= 782  ep_reward=     7.00  ep_steps=7
[InvertedPendulum-v4] run=1 seed= 42 t=    4,633  ep= 783  ep_reward=     7.00  ep_steps=7
[InvertedPendulum-v4] run=1 seed= 42 t=    4,637  ep= 784  ep_reward=     4.00  ep_steps=4
[InvertedPendulum-v4] run=1 seed= 42 t=    4,642  ep= 785  ep_reward=     5.00  ep_steps=5
[InvertedPendulum-v4] run=1 seed= 42 t=    4,646  ep= 786  ep_reward=     4.00  ep_steps=4
[InvertedPendulum-v4] run=1 seed= 42 t=    4,653  ep= 787  ep_reward=     7.00  ep_steps=7
[InvertedPendulum-v4] run=1 seed= 42 t=    4,660  ep= 788  ep_reward=     7.00  ep_steps=7
[InvertedPendulum-v4] run=1 seed= 42 t=    4,663  ep= 789  ep_reward=     3.00  ep_steps=3
[InvertedPendulum-v4] run=1 seed= 42 t=    4,667  ep= 790  ep_reward=     4.00  ep_steps=4
[InvertedPendulum-v4] run=1 seed= 42 t=    4,673  ep= 791  ep_reward=     6.00  ep_steps=6
[InvertedPendulum-v4] run=1 seed= 42 t=    4,677  ep= 792  ep_reward=     4.00  ep_steps=4
[InvertedPendulum-v4] run=1 seed= 42 t=    4,680  ep= 793  ep_reward=     3.00  ep_steps=3
[InvertedPendulum-v4] run=1 seed= 42 t=    4,685  ep= 794  ep_reward=     5.00  ep_steps=5
[InvertedPendulum-v4] run=1 seed= 42 t=    4,703  ep= 795  ep_reward=    18.00  ep_steps=18
[InvertedPendulum-v4] run=1 seed= 42 t=    4,707  ep= 796  ep_reward=     4.00  ep_steps=4
[InvertedPendulum-v4] run=1 seed= 42 t=    4,712  ep= 797  ep_reward=     5.00  ep_steps=5
[InvertedPendulum-v4] run=1 seed= 42 t=    4,716  ep= 798  ep_reward=     4.00  ep_steps=4
[InvertedPendulum-v4] run=1 seed= 42 t=    4,722  ep= 799  ep_reward=     6.00  ep_steps=6
[InvertedPendulum-v4] run=1 seed= 42 t=    4,726  ep= 800  ep_reward=     4.00  ep_steps=4
[InvertedPendulum-v4] run=1 seed= 42 t=    4,735  ep= 801  ep_reward=     9.00  ep_steps=9
[InvertedPendulum-v4] run=1 seed= 42 t=    4,743  ep= 802  ep_reward=     8.00  ep_steps=8
[InvertedPendulum-v4] run=1 seed= 42 t=    4,746  ep= 803  ep_reward=     3.00  ep_steps=3
[InvertedPendulum-v4] run=1 seed= 42 t=    4,763  ep= 804  ep_reward=    17.00  ep_steps=17
[InvertedPendulum-v4] run=1 seed= 42 t=    4,773  ep= 805  ep_reward=    10.00  ep_steps=10
[InvertedPendulum-v4] run=1 seed= 42 t=    4,776  ep= 806  ep_reward=     3.00  ep_steps=3
[InvertedPendulum-v4] run=1 seed= 42 t=    4,780  ep= 807  ep_reward=     4.00  ep_steps=4
[InvertedPendulum-v4] run=1 seed= 42 t=    4,784  ep= 808  ep_reward=     4.00  ep_steps=4
[InvertedPendulum-v4] run=1 seed= 42 t=    4,787  ep= 809  ep_reward=     3.00  ep_steps=3
[InvertedPendulum-v4] run=1 seed= 42 t=    4,796  ep= 810  ep_reward=     9.00  ep_steps=9
[InvertedPendulum-v4] run=1 seed= 42 t=    4,804  ep= 811  ep_reward=     8.00  ep_steps=8
[InvertedPendulum-v4] run=1 seed= 42 t=    4,808  ep= 812  ep_reward=     4.00  ep_steps=4
[InvertedPendulum-v4] run=1 seed= 42 t=    4,815  ep= 813  ep_reward=     7.00  ep_steps=7
[InvertedPendulum-v4] run=1 seed= 42 t=    4,818  ep= 814  ep_reward=     3.00  ep_steps=3
[InvertedPendulum-v4] run=1 seed= 42 t=    4,825  ep= 815  ep_reward=     7.00  ep_steps=7
[InvertedPendulum-v4] run=1 seed= 42 t=    4,829  ep= 816  ep_reward=     4.00  ep_steps=4
[InvertedPendulum-v4] run=1 seed= 42 t=    4,833  ep= 817  ep_reward=     4.00  ep_steps=4
[InvertedPendulum-v4] run=1 seed= 42 t=    4,841  ep= 818  ep_reward=     8.00  ep_steps=8
[InvertedPendulum-v4] run=1 seed= 42 t=    4,846  ep= 819  ep_reward=     5.00  ep_steps=5
[InvertedPendulum-v4] run=1 seed= 42 t=    4,850  ep= 820  ep_reward=     4.00  ep_steps=4
[InvertedPendulum-v4] run=1 seed= 42 t=    4,859  ep= 821  ep_reward=     9.00  ep_steps=9
[InvertedPendulum-v4] run=1 seed= 42 t=    4,870  ep= 822  ep_reward=    11.00  ep_steps=11
[InvertedPendulum-v4] run=1 seed= 42 t=    4,879  ep= 823  ep_reward=     9.00  ep_steps=9
[InvertedPendulum-v4] run=1 seed= 42 t=    4,883  ep= 824  ep_reward=     4.00  ep_steps=4
[InvertedPendulum-v4] run=1 seed= 42 t=    4,889  ep= 825  ep_reward=     6.00  ep_steps=6
[InvertedPendulum-v4] run=1 seed= 42 t=    4,902  ep= 826  ep_reward=    13.00  ep_steps=13
[InvertedPendulum-v4] run=1 seed= 42 t=    4,908  ep= 827  ep_reward=     6.00  ep_steps=6
[InvertedPendulum-v4] run=1 seed= 42 t=    4,913  ep= 828  ep_reward=     5.00  ep_steps=5
[InvertedPendulum-v4] run=1 seed= 42 t=    4,917  ep= 829  ep_reward=     4.00  ep_steps=4
[InvertedPendulum-v4] run=1 seed= 42 t=    4,921  ep= 830  ep_reward=     4.00  ep_steps=4
[InvertedPendulum-v4] run=1 seed= 42 t=    4,925  ep= 831  ep_reward=     4.00  ep_steps=4
[InvertedPendulum-v4] run=1 seed= 42 t=    4,929  ep= 832  ep_reward=     4.00  ep_steps=4
[InvertedPendulum-v4] run=1 seed= 42 t=    4,939  ep= 833  ep_reward=    10.00  ep_steps=10
[InvertedPendulum-v4] run=1 seed= 42 t=    4,949  ep= 834  ep_reward=    10.00  ep_steps=10
[InvertedPendulum-v4] run=1 seed= 42 t=    4,965  ep= 835  ep_reward=    16.00  ep_steps=16
[InvertedPendulum-v4] run=1 seed= 42 t=    4,968  ep= 836  ep_reward=     3.00  ep_steps=3
[InvertedPendulum-v4] run=1 seed= 42 t=    4,972  ep= 837  ep_reward=     4.00  ep_steps=4
[InvertedPendulum-v4] run=1 seed= 42 t=    4,981  ep= 838  ep_reward=     9.00  ep_steps=9
[InvertedPendulum-v4] run=1 seed= 42 t=    4,984  ep= 839  ep_reward=     3.00  ep_steps=3
[InvertedPendulum-v4] run=1 seed= 42 t=    4,989  ep= 840  ep_reward=     5.00  ep_steps=5
[InvertedPendulum-v4] run=1 seed= 42 t=    4,992  ep= 841  ep_reward=     3.00  ep_steps=3
[InvertedPendulum-v4] run=1 seed= 42 t=    5,000  ep= 842  ep_reward=     8.00  ep_steps=8
[InvertedPendulum-v4] run=1 seed= 42 t=    5,011  ep= 843  ep_reward=    11.00  ep_steps=11
[InvertedPendulum-v4] run=1 seed= 42 t=    5,015  ep= 844  ep_reward=     4.00  ep_steps=4
[InvertedPendulum-v4] run=1 seed= 42 t=    5,019  ep= 845  ep_reward=     4.00  ep_steps=4
[InvertedPendulum-v4] run=1 seed= 42 t=    5,022  ep= 846  ep_reward=     3.00  ep_steps=3
[InvertedPendulum-v4] run=1 seed= 42 t=    5,025  ep= 847  ep_reward=     3.00  ep_steps=3
[InvertedPendulum-v4] run=1 seed= 42 t=    5,028  ep= 848  ep_reward=     3.00  ep_steps=3
[InvertedPendulum-v4] run=1 seed= 42 t=    5,031  ep= 849  ep_reward=     3.00  ep_steps=3
[InvertedPendulum-v4] run=1 seed= 42 t=    5,034  ep= 850  ep_reward=     3.00  ep_steps=3
[InvertedPendulum-v4] run=1 seed= 42 t=    5,037  ep= 851  ep_reward=     3.00  ep_steps=3
[InvertedPendulum-v4] run=1 seed= 42 t=    5,040  ep= 852  ep_reward=     3.00  ep_steps=3
[InvertedPendulum-v4] run=1 seed= 42 t=    5,043  ep= 853  ep_reward=     3.00  ep_steps=3
[InvertedPendulum-v4] run=1 seed= 42 t=    5,046  ep= 854  ep_reward=     3.00  ep_steps=3
[InvertedPendulum-v4] run=1 seed= 42 t=    5,049  ep= 855  ep_reward=     3.00  ep_steps=3
[InvertedPendulum-v4] run=1 seed= 42 t=    5,052  ep= 856  ep_reward=     3.00  ep_steps=3
[InvertedPendulum-v4] run=1 seed= 42 t=    5,055  ep= 857  ep_reward=     3.00  ep_steps=3
[InvertedPendulum-v4] run=1 seed= 42 t=    5,058  ep= 858  ep_reward=     3.00  ep_steps=3
[InvertedPendulum-v4] run=1 seed= 42 t=    5,061  ep= 859  ep_reward=     3.00  ep_steps=3
[InvertedPendulum-v4] run=1 seed= 42 t=    5,064  ep= 860  ep_reward=     3.00  ep_steps=3
[InvertedPendulum-v4] run=1 seed= 42 t=    5,067  ep= 861  ep_reward=     3.00  ep_steps=3
[InvertedPendulum-v4] run=1 seed= 42 t=    5,070  ep= 862  ep_reward=     3.00  ep_steps=3
[InvertedPendulum-v4] run=1 seed= 42 t=    5,073  ep= 863  ep_reward=     3.00  ep_steps=3
[InvertedPendulum-v4] run=1 seed= 42 t=    5,076  ep= 864  ep_reward=     3.00  ep_steps=3
[InvertedPendulum-v4] run=1 seed= 42 t=    5,079  ep= 865  ep_reward=     3.00  ep_steps=3
[InvertedPendulum-v4] run=1 seed= 42 t=    5,082  ep= 866  ep_reward=     3.00  ep_steps=3
[InvertedPendulum-v4] run=1 seed= 42 t=    5,085  ep= 867  ep_reward=     3.00  ep_steps=3
[InvertedPendulum-v4] run=1 seed= 42 t=    5,088  ep= 868  ep_reward=     3.00  ep_steps=3
[InvertedPendulum-v4] run=1 seed= 42 t=    5,091  ep= 869  ep_reward=     3.00  ep_steps=3
[InvertedPendulum-v4] run=1 seed= 42 t=    5,094  ep= 870  ep_reward=     3.00  ep_steps=3
[InvertedPendulum-v4] run=1 seed= 42 t=    5,097  ep= 871  ep_reward=     3.00  ep_steps=3
[InvertedPendulum-v4] run=1 seed= 42 t=    5,100  ep= 872  ep_reward=     3.00  ep_steps=3
[InvertedPendulum-v4] run=1 seed= 42 t=    5,103  ep= 873  ep_reward=     3.00  ep_steps=3
[InvertedPendulum-v4] run=1 seed= 42 t=    5,106  ep= 874  ep_reward=     3.00  ep_steps=3
[InvertedPendulum-v4] run=1 seed= 42 t=    5,109  ep= 875  ep_reward=     3.00  ep_steps=3
[InvertedPendulum-v4] run=1 seed= 42 t=    5,112  ep= 876  ep_reward=     3.00  ep_steps=3
[InvertedPendulum-v4] run=1 seed= 42 t=    5,115  ep= 877  ep_reward=     3.00  ep_steps=3
[InvertedPendulum-v4] run=1 seed= 42 t=    5,118  ep= 878  ep_reward=     3.00  ep_steps=3
[InvertedPendulum-v4] run=1 seed= 42 t=    5,121  ep= 879  ep_reward=     3.00  ep_steps=3
[InvertedPendulum-v4] run=1 seed= 42 t=    5,124  ep= 880  ep_reward=     3.00  ep_steps=3
[InvertedPendulum-v4] run=1 seed= 42 t=    5,127  ep= 881  ep_reward=     3.00  ep_steps=3
[InvertedPendulum-v4] run=1 seed= 42 t=    5,130  ep= 882  ep_reward=     3.00  ep_steps=3
[InvertedPendulum-v4] run=1 seed= 42 t=    5,133  ep= 883  ep_reward=     3.00  ep_steps=3
[InvertedPendulum-v4] run=1 seed= 42 t=    5,136  ep= 884  ep_reward=     3.00  ep_steps=3
[InvertedPendulum-v4] run=1 seed= 42 t=    5,139  ep= 885  ep_reward=     3.00  ep_steps=3
[InvertedPendulum-v4] run=1 seed= 42 t=    5,142  ep= 886  ep_reward=     3.00  ep_steps=3
[InvertedPendulum-v4] run=1 seed= 42 t=    5,145  ep= 887  ep_reward=     3.00  ep_steps=3
[InvertedPendulum-v4] run=1 seed= 42 t=    5,148  ep= 888  ep_reward=     3.00  ep_steps=3
[InvertedPendulum-v4] run=1 seed= 42 t=    5,151  ep= 889  ep_reward=     3.00  ep_steps=3
[InvertedPendulum-v4] run=1 seed= 42 t=    5,154  ep= 890  ep_reward=     3.00  ep_steps=3
[InvertedPendulum-v4] run=1 seed= 42 t=    5,157  ep= 891  ep_reward=     3.00  ep_steps=3
[InvertedPendulum-v4] run=1 seed= 42 t=    5,160  ep= 892  ep_reward=     3.00  ep_steps=3
[InvertedPendulum-v4] run=1 seed= 42 t=    5,163  ep= 893  ep_reward=     3.00  ep_steps=3
[InvertedPendulum-v4] run=1 seed= 42 t=    5,166  ep= 894  ep_reward=     3.00  ep_steps=3
[InvertedPendulum-v4] run=1 seed= 42 t=    5,169  ep= 895  ep_reward=     3.00  ep_steps=3
[InvertedPendulum-v4] run=1 seed= 42 t=    5,172  ep= 896  ep_reward=     3.00  ep_steps=3
[InvertedPendulum-v4] run=1 seed= 42 t=    5,175  ep= 897  ep_reward=     3.00  ep_steps=3
[InvertedPendulum-v4] run=1 seed= 42 t=    5,178  ep= 898  ep_reward=     3.00  ep_steps=3
[InvertedPendulum-v4] run=1 seed= 42 t=    5,181  ep= 899  ep_reward=     3.00  ep_steps=3
[InvertedPendulum-v4] run=1 seed= 42 t=    5,184  ep= 900  ep_reward=     3.00  ep_steps=3
[InvertedPendulum-v4] run=1 seed= 42 t=    5,187  ep= 901  ep_reward=     3.00  ep_steps=3
[InvertedPendulum-v4] run=1 seed= 42 t=    5,190  ep= 902  ep_reward=     3.00  ep_steps=3
[InvertedPendulum-v4] run=1 seed= 42 t=    5,193  ep= 903  ep_reward=     3.00  ep_steps=3
[InvertedPendulum-v4] run=1 seed= 42 t=    5,196  ep= 904  ep_reward=     3.00  ep_steps=3
[InvertedPendulum-v4] run=1 seed= 42 t=    5,199  ep= 905  ep_reward=     3.00  ep_steps=3
[InvertedPendulum-v4] run=1 seed= 42 t=    5,202  ep= 906  ep_reward=     3.00  ep_steps=3
[InvertedPendulum-v4] run=1 seed= 42 t=    5,205  ep= 907  ep_reward=     3.00  ep_steps=3
[InvertedPendulum-v4] run=1 seed= 42 t=    5,208  ep= 908  ep_reward=     3.00  ep_steps=3
[InvertedPendulum-v4] run=1 seed= 42 t=    5,211  ep= 909  ep_reward=     3.00  ep_steps=3
[InvertedPendulum-v4] run=1 seed= 42 t=    5,214  ep= 910  ep_reward=     3.00  ep_steps=3
[InvertedPendulum-v4] run=1 seed= 42 t=    5,217  ep= 911  ep_reward=     3.00  ep_steps=3
[InvertedPendulum-v4] run=1 seed= 42 t=    5,220  ep= 912  ep_reward=     3.00  ep_steps=3
[InvertedPendulum-v4] run=1 seed= 42 t=    5,223  ep= 913  ep_reward=     3.00  ep_steps=3
[InvertedPendulum-v4] run=1 seed= 42 t=    5,226  ep= 914  ep_reward=     3.00  ep_steps=3
[InvertedPendulum-v4] run=1 seed= 42 t=    5,229  ep= 915  ep_reward=     3.00  ep_steps=3
[InvertedPendulum-v4] run=1 seed= 42 t=    5,232  ep= 916  ep_reward=     3.00  ep_steps=3
[InvertedPendulum-v4] run=1 seed= 42 t=    5,235  ep= 917  ep_reward=     3.00  ep_steps=3
[InvertedPendulum-v4] run=1 seed= 42 t=    5,238  ep= 918  ep_reward=     3.00  ep_steps=3
[InvertedPendulum-v4] run=1 seed= 42 t=    5,241  ep= 919  ep_reward=     3.00  ep_steps=3
[InvertedPendulum-v4] run=1 seed= 42 t=    5,244  ep= 920  ep_reward=     3.00  ep_steps=3
[InvertedPendulum-v4] run=1 seed= 42 t=    5,247  ep= 921  ep_reward=     3.00  ep_steps=3
[InvertedPendulum-v4] run=1 seed= 42 t=    5,250  ep= 922  ep_reward=     3.00  ep_steps=3
[InvertedPendulum-v4] run=1 seed= 42 t=    5,253  ep= 923  ep_reward=     3.00  ep_steps=3
[InvertedPendulum-v4] run=1 seed= 42 t=    5,256  ep= 924  ep_reward=     3.00  ep_steps=3
[InvertedPendulum-v4] run=1 seed= 42 t=    5,259  ep= 925  ep_reward=     3.00  ep_steps=3
[InvertedPendulum-v4] run=1 seed= 42 t=    5,262  ep= 926  ep_reward=     3.00  ep_steps=3
[InvertedPendulum-v4] run=1 seed= 42 t=    5,265  ep= 927  ep_reward=     3.00  ep_steps=3
[InvertedPendulum-v4] run=1 seed= 42 t=    5,268  ep= 928  ep_reward=     3.00  ep_steps=3
[InvertedPendulum-v4] run=1 seed= 42 t=    5,271  ep= 929  ep_reward=     3.00  ep_steps=3
[InvertedPendulum-v4] run=1 seed= 42 t=    5,274  ep= 930  ep_reward=     3.00  ep_steps=3
[InvertedPendulum-v4] run=1 seed= 42 t=    5,277  ep= 931  ep_reward=     3.00  ep_steps=3
[InvertedPendulum-v4] run=1 seed= 42 t=    5,280  ep= 932  ep_reward=     3.00  ep_steps=3
[InvertedPendulum-v4] run=1 seed= 42 t=    5,283  ep= 933  ep_reward=     3.00  ep_steps=3
[InvertedPendulum-v4] run=1 seed= 42 t=    5,286  ep= 934  ep_reward=     3.00  ep_steps=3
[InvertedPendulum-v4] run=1 seed= 42 t=    5,289  ep= 935  ep_reward=     3.00  ep_steps=3
[InvertedPendulum-v4] run=1 seed= 42 t=    5,292  ep= 936  ep_reward=     3.00  ep_steps=3
[InvertedPendulum-v4] run=1 seed= 42 t=    5,295  ep= 937  ep_reward=     3.00  ep_steps=3
[InvertedPendulum-v4] run=1 seed= 42 t=    5,298  ep= 938  ep_reward=     3.00  ep_steps=3
[InvertedPendulum-v4] run=1 seed= 42 t=    5,301  ep= 939  ep_reward=     3.00  ep_steps=3
[InvertedPendulum-v4] run=1 seed= 42 t=    5,304  ep= 940  ep_reward=     3.00  ep_steps=3
[InvertedPendulum-v4] run=1 seed= 42 t=    5,307  ep= 941  ep_reward=     3.00  ep_steps=3
[InvertedPendulum-v4] run=1 seed= 42 t=    5,310  ep= 942  ep_reward=     3.00  ep_steps=3
[InvertedPendulum-v4] run=1 seed= 42 t=    5,313  ep= 943  ep_reward=     3.00  ep_steps=3
[InvertedPendulum-v4] run=1 seed= 42 t=    5,316  ep= 944  ep_reward=     3.00  ep_steps=3
[InvertedPendulum-v4] run=1 seed= 42 t=    5,319  ep= 945  ep_reward=     3.00  ep_steps=3
[InvertedPendulum-v4] run=1 seed= 42 t=    5,322  ep= 946  ep_reward=     3.00  ep_steps=3
[InvertedPendulum-v4] run=1 seed= 42 t=    5,325  ep= 947  ep_reward=     3.00  ep_steps=3
[InvertedPendulum-v4] run=1 seed= 42 t=    5,328  ep= 948  ep_reward=     3.00  ep_steps=3
[InvertedPendulum-v4] run=1 seed= 42 t=    5,331  ep= 949  ep_reward=     3.00  ep_steps=3
[InvertedPendulum-v4] run=1 seed= 42 t=    5,334  ep= 950  ep_reward=     3.00  ep_steps=3
[InvertedPendulum-v4] run=1 seed= 42 t=    5,337  ep= 951  ep_reward=     3.00  ep_steps=3
[InvertedPendulum-v4] run=1 seed= 42 t=    5,340  ep= 952  ep_reward=     3.00  ep_steps=3
[InvertedPendulum-v4] run=1 seed= 42 t=    5,343  ep= 953  ep_reward=     3.00  ep_steps=3
[InvertedPendulum-v4] run=1 seed= 42 t=    5,346  ep= 954  ep_reward=     3.00  ep_steps=3
[InvertedPendulum-v4] run=1 seed= 42 t=    5,349  ep= 955  ep_reward=     3.00  ep_steps=3
[InvertedPendulum-v4] run=1 seed= 42 t=    5,352  ep= 956  ep_reward=     3.00  ep_steps=3
[InvertedPendulum-v4] run=1 seed= 42 t=    5,355  ep= 957  ep_reward=     3.00  ep_steps=3
[InvertedPendulum-v4] run=1 seed= 42 t=    5,358  ep= 958  ep_reward=     3.00  ep_steps=3
[InvertedPendulum-v4] run=1 seed= 42 t=    5,361  ep= 959  ep_reward=     3.00  ep_steps=3
[InvertedPendulum-v4] run=1 seed= 42 t=    5,364  ep= 960  ep_reward=     3.00  ep_steps=3
[InvertedPendulum-v4] run=1 seed= 42 t=    5,367  ep= 961  ep_reward=     3.00  ep_steps=3
[InvertedPendulum-v4] run=1 seed= 42 t=    5,370  ep= 962  ep_reward=     3.00  ep_steps=3
[InvertedPendulum-v4] run=1 seed= 42 t=    5,373  ep= 963  ep_reward=     3.00  ep_steps=3
[InvertedPendulum-v4] run=1 seed= 42 t=    5,376  ep= 964  ep_reward=     3.00  ep_steps=3
[InvertedPendulum-v4] run=1 seed= 42 t=    5,379  ep= 965  ep_reward=     3.00  ep_steps=3
[InvertedPendulum-v4] run=1 seed= 42 t=    5,382  ep= 966  ep_reward=     3.00  ep_steps=3
[InvertedPendulum-v4] run=1 seed= 42 t=    5,385  ep= 967  ep_reward=     3.00  ep_steps=3
[InvertedPendulum-v4] run=1 seed= 42 t=    5,388  ep= 968  ep_reward=     3.00  ep_steps=3
[InvertedPendulum-v4] run=1 seed= 42 t=    5,391  ep= 969  ep_reward=     3.00  ep_steps=3
[InvertedPendulum-v4] run=1 seed= 42 t=    5,394  ep= 970  ep_reward=     3.00  ep_steps=3
[InvertedPendulum-v4] run=1 seed= 42 t=    5,397  ep= 971  ep_reward=     3.00  ep_steps=3
[InvertedPendulum-v4] run=1 seed= 42 t=    5,400  ep= 972  ep_reward=     3.00  ep_steps=3
[InvertedPendulum-v4] run=1 seed= 42 t=    5,403  ep= 973  ep_reward=     3.00  ep_steps=3
[InvertedPendulum-v4] run=1 seed= 42 t=    5,406  ep= 974  ep_reward=     3.00  ep_steps=3
[InvertedPendulum-v4] run=1 seed= 42 t=    5,409  ep= 975  ep_reward=     3.00  ep_steps=3
[InvertedPendulum-v4] run=1 seed= 42 t=    5,412  ep= 976  ep_reward=     3.00  ep_steps=3
[InvertedPendulum-v4] run=1 seed= 42 t=    5,415  ep= 977  ep_reward=     3.00  ep_steps=3
[InvertedPendulum-v4] run=1 seed= 42 t=    5,418  ep= 978  ep_reward=     3.00  ep_steps=3
[InvertedPendulum-v4] run=1 seed= 42 t=    5,421  ep= 979  ep_reward=     3.00  ep_steps=3
[InvertedPendulum-v4] run=1 seed= 42 t=    5,424  ep= 980  ep_reward=     3.00  ep_steps=3
[InvertedPendulum-v4] run=1 seed= 42 t=    5,427  ep= 981  ep_reward=     3.00  ep_steps=3
[InvertedPendulum-v4] run=1 seed= 42 t=    5,430  ep= 982  ep_reward=     3.00  ep_steps=3
[InvertedPendulum-v4] run=1 seed= 42 t=    5,433  ep= 983  ep_reward=     3.00  ep_steps=3
[InvertedPendulum-v4] run=1 seed= 42 t=    5,436  ep= 984  ep_reward=     3.00  ep_steps=3
[InvertedPendulum-v4] run=1 seed= 42 t=    5,439  ep= 985  ep_reward=     3.00  ep_steps=3
[InvertedPendulum-v4] run=1 seed= 42 t=    5,442  ep= 986  ep_reward=     3.00  ep_steps=3
[InvertedPendulum-v4] run=1 seed= 42 t=    5,445  ep= 987  ep_reward=     3.00  ep_steps=3
[InvertedPendulum-v4] run=1 seed= 42 t=    5,448  ep= 988  ep_reward=     3.00  ep_steps=3
[InvertedPendulum-v4] run=1 seed= 42 t=    5,451  ep= 989  ep_reward=     3.00  ep_steps=3
[InvertedPendulum-v4] run=1 seed= 42 t=    5,454  ep= 990  ep_reward=     3.00  ep_steps=3
[InvertedPendulum-v4] run=1 seed= 42 t=    5,457  ep= 991  ep_reward=     3.00  ep_steps=3
[InvertedPendulum-v4] run=1 seed= 42 t=    5,460  ep= 992  ep_reward=     3.00  ep_steps=3
[InvertedPendulum-v4] run=1 seed= 42 t=    5,463  ep= 993  ep_reward=     3.00  ep_steps=3
[InvertedPendulum-v4] run=1 seed= 42 t=    5,466  ep= 994  ep_reward=     3.00  ep_steps=3
[InvertedPendulum-v4] run=1 seed= 42 t=    5,469  ep= 995  ep_reward=     3.00  ep_steps=3
[InvertedPendulum-v4] run=1 seed= 42 t=    5,472  ep= 996  ep_reward=     3.00  ep_steps=3
[InvertedPendulum-v4] run=1 seed= 42 t=    5,475  ep= 997  ep_reward=     3.00  ep_steps=3
[InvertedPendulum-v4] run=1 seed= 42 t=    5,478  ep= 998  ep_reward=     3.00  ep_steps=3
[InvertedPendulum-v4] run=1 seed= 42 t=    5,481  ep= 999  ep_reward=     3.00  ep_steps=3
[InvertedPendulum-v4] run=1 seed= 42 t=    5,484  ep=1000  ep_reward=     3.00  ep_steps=3
[InvertedPendulum-v4] run=1 seed= 42 t=    5,487  ep=1001  ep_reward=     3.00  ep_steps=3
[InvertedPendulum-v4] run=1 seed= 42 t=    5,490  ep=1002  ep_reward=     3.00  ep_steps=3
[InvertedPendulum-v4] run=1 seed= 42 t=    5,493  ep=1003  ep_reward=     3.00  ep_steps=3
[InvertedPendulum-v4] run=1 seed= 42 t=    5,496  ep=1004  ep_reward=     3.00  ep_steps=3
[InvertedPendulum-v4] run=1 seed= 42 t=    5,499  ep=1005  ep_reward=     3.00  ep_steps=3
[InvertedPendulum-v4] run=1 seed= 42 t=    5,502  ep=1006  ep_reward=     3.00  ep_steps=3
[InvertedPendulum-v4] run=1 seed= 42 t=    5,505  ep=1007  ep_reward=     3.00  ep_steps=3
[InvertedPendulum-v4] run=1 seed= 42 t=    5,508  ep=1008  ep_reward=     3.00  ep_steps=3
[InvertedPendulum-v4] run=1 seed= 42 t=    5,511  ep=1009  ep_reward=     3.00  ep_steps=3
[InvertedPendulum-v4] run=1 seed= 42 t=    5,514  ep=1010  ep_reward=     3.00  ep_steps=3
[InvertedPendulum-v4] run=1 seed= 42 t=    5,517  ep=1011  ep_reward=     3.00  ep_steps=3
[InvertedPendulum-v4] run=1 seed= 42 t=    5,520  ep=1012  ep_reward=     3.00  ep_steps=3
[InvertedPendulum-v4] run=1 seed= 42 t=    5,523  ep=1013  ep_reward=     3.00  ep_steps=3
[InvertedPendulum-v4] run=1 seed= 42 t=    5,526  ep=1014  ep_reward=     3.00  ep_steps=3
[InvertedPendulum-v4] run=1 seed= 42 t=    5,529  ep=1015  ep_reward=     3.00  ep_steps=3
[InvertedPendulum-v4] run=1 seed= 42 t=    5,532  ep=1016  ep_reward=     3.00  ep_steps=3
[InvertedPendulum-v4] run=1 seed= 42 t=    5,535  ep=1017  ep_reward=     3.00  ep_steps=3
[InvertedPendulum-v4] run=1 seed= 42 t=    5,538  ep=1018  ep_reward=     3.00  ep_steps=3
[InvertedPendulum-v4] run=1 seed= 42 t=    5,541  ep=1019  ep_reward=     3.00  ep_steps=3
[InvertedPendulum-v4] run=1 seed= 42 t=    5,544  ep=1020  ep_reward=     3.00  ep_steps=3
[InvertedPendulum-v4] run=1 seed= 42 t=    5,547  ep=1021  ep_reward=     3.00  ep_steps=3
[InvertedPendulum-v4] run=1 seed= 42 t=    5,550  ep=1022  ep_reward=     3.00  ep_steps=3
[InvertedPendulum-v4] run=1 seed= 42 t=    5,553  ep=1023  ep_reward=     3.00  ep_steps=3
[InvertedPendulum-v4] run=1 seed= 42 t=    5,556  ep=1024  ep_reward=     3.00  ep_steps=3
[InvertedPendulum-v4] run=1 seed= 42 t=    5,559  ep=1025  ep_reward=     3.00  ep_steps=3
[InvertedPendulum-v4] run=1 seed= 42 t=    5,562  ep=1026  ep_reward=     3.00  ep_steps=3
[InvertedPendulum-v4] run=1 seed= 42 t=    5,565  ep=1027  ep_reward=     3.00  ep_steps=3
[InvertedPendulum-v4] run=1 seed= 42 t=    5,568  ep=1028  ep_reward=     3.00  ep_steps=3
[InvertedPendulum-v4] run=1 seed= 42 t=    5,571  ep=1029  ep_reward=     3.00  ep_steps=3
[InvertedPendulum-v4] run=1 seed= 42 t=    5,574  ep=1030  ep_reward=     3.00  ep_steps=3
[InvertedPendulum-v4] run=1 seed= 42 t=    5,577  ep=1031  ep_reward=     3.00  ep_steps=3
[InvertedPendulum-v4] run=1 seed= 42 t=    5,580  ep=1032  ep_reward=     3.00  ep_steps=3
[InvertedPendulum-v4] run=1 seed= 42 t=    5,583  ep=1033  ep_reward=     3.00  ep_steps=3
[InvertedPendulum-v4] run=1 seed= 42 t=    5,586  ep=1034  ep_reward=     3.00  ep_steps=3
[InvertedPendulum-v4] run=1 seed= 42 t=    5,589  ep=1035  ep_reward=     3.00  ep_steps=3
[InvertedPendulum-v4] run=1 seed= 42 t=    5,592  ep=1036  ep_reward=     3.00  ep_steps=3
[InvertedPendulum-v4] run=1 seed= 42 t=    5,595  ep=1037  ep_reward=     3.00  ep_steps=3
[InvertedPendulum-v4] run=1 seed= 42 t=    5,598  ep=1038  ep_reward=     3.00  ep_steps=3
[InvertedPendulum-v4] run=1 seed= 42 t=    5,601  ep=1039  ep_reward=     3.00  ep_steps=3
[InvertedPendulum-v4] run=1 seed= 42 t=    5,604  ep=1040  ep_reward=     3.00  ep_steps=3
[InvertedPendulum-v4] run=1 seed= 42 t=    5,607  ep=1041  ep_reward=     3.00  ep_steps=3
[InvertedPendulum-v4] run=1 seed= 42 t=    5,610  ep=1042  ep_reward=     3.00  ep_steps=3
[InvertedPendulum-v4] run=1 seed= 42 t=    5,613  ep=1043  ep_reward=     3.00  ep_steps=3
[InvertedPendulum-v4] run=1 seed= 42 t=    5,616  ep=1044  ep_reward=     3.00  ep_steps=3
[InvertedPendulum-v4] run=1 seed= 42 t=    5,619  ep=1045  ep_reward=     3.00  ep_steps=3
[InvertedPendulum-v4] run=1 seed= 42 t=    5,622  ep=1046  ep_reward=     3.00  ep_steps=3
[InvertedPendulum-v4] run=1 seed= 42 t=    5,625  ep=1047  ep_reward=     3.00  ep_steps=3
[InvertedPendulum-v4] run=1 seed= 42 t=    5,628  ep=1048  ep_reward=     3.00  ep_steps=3
[InvertedPendulum-v4] run=1 seed= 42 t=    5,631  ep=1049  ep_reward=     3.00  ep_steps=3
[InvertedPendulum-v4] run=1 seed= 42 t=    5,634  ep=1050  ep_reward=     3.00  ep_steps=3
[InvertedPendulum-v4] run=1 seed= 42 t=    5,637  ep=1051  ep_reward=     3.00  ep_steps=3
[InvertedPendulum-v4] run=1 seed= 42 t=    5,640  ep=1052  ep_reward=     3.00  ep_steps=3
[InvertedPendulum-v4] run=1 seed= 42 t=    5,643  ep=1053  ep_reward=     3.00  ep_steps=3
[InvertedPendulum-v4] run=1 seed= 42 t=    5,646  ep=1054  ep_reward=     3.00  ep_steps=3
[InvertedPendulum-v4] run=1 seed= 42 t=    5,649  ep=1055  ep_reward=     3.00  ep_steps=3
[InvertedPendulum-v4] run=1 seed= 42 t=    5,652  ep=1056  ep_reward=     3.00  ep_steps=3
[InvertedPendulum-v4] run=1 seed= 42 t=    5,655  ep=1057  ep_reward=     3.00  ep_steps=3
[InvertedPendulum-v4] run=1 seed= 42 t=    5,658  ep=1058  ep_reward=     3.00  ep_steps=3
[InvertedPendulum-v4] run=1 seed= 42 t=    5,661  ep=1059  ep_reward=     3.00  ep_steps=3
[InvertedPendulum-v4] run=1 seed= 42 t=    5,664  ep=1060  ep_reward=     3.00  ep_steps=3
[InvertedPendulum-v4] run=1 seed= 42 t=    5,667  ep=1061  ep_reward=     3.00  ep_steps=3
[InvertedPendulum-v4] run=1 seed= 42 t=    5,670  ep=1062  ep_reward=     3.00  ep_steps=3
[InvertedPendulum-v4] run=1 seed= 42 t=    5,673  ep=1063  ep_reward=     3.00  ep_steps=3
[InvertedPendulum-v4] run=1 seed= 42 t=    5,676  ep=1064  ep_reward=     3.00  ep_steps=3
[InvertedPendulum-v4] run=1 seed= 42 t=    5,679  ep=1065  ep_reward=     3.00  ep_steps=3
[InvertedPendulum-v4] run=1 seed= 42 t=    5,682  ep=1066  ep_reward=     3.00  ep_steps=3
[InvertedPendulum-v4] run=1 seed= 42 t=    5,685  ep=1067  ep_reward=     3.00  ep_steps=3
[InvertedPendulum-v4] run=1 seed= 42 t=    5,688  ep=1068  ep_reward=     3.00  ep_steps=3
[InvertedPendulum-v4] run=1 seed= 42 t=    5,691  ep=1069  ep_reward=     3.00  ep_steps=3
[InvertedPendulum-v4] run=1 seed= 42 t=    5,694  ep=1070  ep_reward=     3.00  ep_steps=3
[InvertedPendulum-v4] run=1 seed= 42 t=    5,697  ep=1071  ep_reward=     3.00  ep_steps=3
[InvertedPendulum-v4] run=1 seed= 42 t=    5,700  ep=1072  ep_reward=     3.00  ep_steps=3
[InvertedPendulum-v4] run=1 seed= 42 t=    5,703  ep=1073  ep_reward=     3.00  ep_steps=3
[InvertedPendulum-v4] run=1 seed= 42 t=    5,706  ep=1074  ep_reward=     3.00  ep_steps=3
[InvertedPendulum-v4] run=1 seed= 42 t=    5,709  ep=1075  ep_reward=     3.00  ep_steps=3
[InvertedPendulum-v4] run=1 seed= 42 t=    5,712  ep=1076  ep_reward=     3.00  ep_steps=3
[InvertedPendulum-v4] run=1 seed= 42 t=    5,715  ep=1077  ep_reward=     3.00  ep_steps=3
[InvertedPendulum-v4] run=1 seed= 42 t=    5,718  ep=1078  ep_reward=     3.00  ep_steps=3
[InvertedPendulum-v4] run=1 seed= 42 t=    5,721  ep=1079  ep_reward=     3.00  ep_steps=3
[InvertedPendulum-v4] run=1 seed= 42 t=    5,724  ep=1080  ep_reward=     3.00  ep_steps=3
[InvertedPendulum-v4] run=1 seed= 42 t=    5,727  ep=1081  ep_reward=     3.00  ep_steps=3
[InvertedPendulum-v4] run=1 seed= 42 t=    5,730  ep=1082  ep_reward=     3.00  ep_steps=3
[InvertedPendulum-v4] run=1 seed= 42 t=    5,733  ep=1083  ep_reward=     3.00  ep_steps=3
[InvertedPendulum-v4] run=1 seed= 42 t=    5,736  ep=1084  ep_reward=     3.00  ep_steps=3
[InvertedPendulum-v4] run=1 seed= 42 t=    5,739  ep=1085  ep_reward=     3.00  ep_steps=3
[InvertedPendulum-v4] run=1 seed= 42 t=    5,742  ep=1086  ep_reward=     3.00  ep_steps=3
[InvertedPendulum-v4] run=1 seed= 42 t=    5,745  ep=1087  ep_reward=     3.00  ep_steps=3
[InvertedPendulum-v4] run=1 seed= 42 t=    5,748  ep=1088  ep_reward=     3.00  ep_steps=3
[InvertedPendulum-v4] run=1 seed= 42 t=    5,751  ep=1089  ep_reward=     3.00  ep_steps=3
[InvertedPendulum-v4] run=1 seed= 42 t=    5,754  ep=1090  ep_reward=     3.00  ep_steps=3
[InvertedPendulum-v4] run=1 seed= 42 t=    5,757  ep=1091  ep_reward=     3.00  ep_steps=3
[InvertedPendulum-v4] run=1 seed= 42 t=    5,760  ep=1092  ep_reward=     3.00  ep_steps=3
[InvertedPendulum-v4] run=1 seed= 42 t=    5,763  ep=1093  ep_reward=     3.00  ep_steps=3
[InvertedPendulum-v4] run=1 seed= 42 t=    5,766  ep=1094  ep_reward=     3.00  ep_steps=3
[InvertedPendulum-v4] run=1 seed= 42 t=    5,769  ep=1095  ep_reward=     3.00  ep_steps=3
[InvertedPendulum-v4] run=1 seed= 42 t=    5,772  ep=1096  ep_reward=     3.00  ep_steps=3
[InvertedPendulum-v4] run=1 seed= 42 t=    5,775  ep=1097  ep_reward=     3.00  ep_steps=3
[InvertedPendulum-v4] run=1 seed= 42 t=    5,778  ep=1098  ep_reward=     3.00  ep_steps=3
[InvertedPendulum-v4] run=1 seed= 42 t=    5,781  ep=1099  ep_reward=     3.00  ep_steps=3
[InvertedPendulum-v4] run=1 seed= 42 t=    5,784  ep=1100  ep_reward=     3.00  ep_steps=3
[InvertedPendulum-v4] run=1 seed= 42 t=    5,787  ep=1101  ep_reward=     3.00  ep_steps=3
[InvertedPendulum-v4] run=1 seed= 42 t=    5,790  ep=1102  ep_reward=     3.00  ep_steps=3
[InvertedPendulum-v4] run=1 seed= 42 t=    5,793  ep=1103  ep_reward=     3.00  ep_steps=3
[InvertedPendulum-v4] run=1 seed= 42 t=    5,796  ep=1104  ep_reward=     3.00  ep_steps=3
[InvertedPendulum-v4] run=1 seed= 42 t=    5,799  ep=1105  ep_reward=     3.00  ep_steps=3
[InvertedPendulum-v4] run=1 seed= 42 t=    5,802  ep=1106  ep_reward=     3.00  ep_steps=3
[InvertedPendulum-v4] run=1 seed= 42 t=    5,805  ep=1107  ep_reward=     3.00  ep_steps=3
[InvertedPendulum-v4] run=1 seed= 42 t=    5,808  ep=1108  ep_reward=     3.00  ep_steps=3
[InvertedPendulum-v4] run=1 seed= 42 t=    5,811  ep=1109  ep_reward=     3.00  ep_steps=3
[InvertedPendulum-v4] run=1 seed= 42 t=    5,814  ep=1110  ep_reward=     3.00  ep_steps=3
[InvertedPendulum-v4] run=1 seed= 42 t=    5,817  ep=1111  ep_reward=     3.00  ep_steps=3
[InvertedPendulum-v4] run=1 seed= 42 t=    5,820  ep=1112  ep_reward=     3.00  ep_steps=3
[InvertedPendulum-v4] run=1 seed= 42 t=    5,823  ep=1113  ep_reward=     3.00  ep_steps=3
[InvertedPendulum-v4] run=1 seed= 42 t=    5,826  ep=1114  ep_reward=     3.00  ep_steps=3
[InvertedPendulum-v4] run=1 seed= 42 t=    5,829  ep=1115  ep_reward=     3.00  ep_steps=3
[InvertedPendulum-v4] run=1 seed= 42 t=    5,832  ep=1116  ep_reward=     3.00  ep_steps=3
[InvertedPendulum-v4] run=1 seed= 42 t=    5,835  ep=1117  ep_reward=     3.00  ep_steps=3
[InvertedPendulum-v4] run=1 seed= 42 t=    5,838  ep=1118  ep_reward=     3.00  ep_steps=3
[InvertedPendulum-v4] run=1 seed= 42 t=    5,841  ep=1119  ep_reward=     3.00  ep_steps=3
[InvertedPendulum-v4] run=1 seed= 42 t=    5,844  ep=1120  ep_reward=     3.00  ep_steps=3
[InvertedPendulum-v4] run=1 seed= 42 t=    5,847  ep=1121  ep_reward=     3.00  ep_steps=3
[InvertedPendulum-v4] run=1 seed= 42 t=    5,850  ep=1122  ep_reward=     3.00  ep_steps=3
[InvertedPendulum-v4] run=1 seed= 42 t=    5,853  ep=1123  ep_reward=     3.00  ep_steps=3
[InvertedPendulum-v4] run=1 seed= 42 t=    5,856  ep=1124  ep_reward=     3.00  ep_steps=3
[InvertedPendulum-v4] run=1 seed= 42 t=    5,859  ep=1125  ep_reward=     3.00  ep_steps=3
[InvertedPendulum-v4] run=1 seed= 42 t=    5,862  ep=1126  ep_reward=     3.00  ep_steps=3
[InvertedPendulum-v4] run=1 seed= 42 t=    5,865  ep=1127  ep_reward=     3.00  ep_steps=3
[InvertedPendulum-v4] run=1 seed= 42 t=    5,868  ep=1128  ep_reward=     3.00  ep_steps=3
[InvertedPendulum-v4] run=1 seed= 42 t=    5,871  ep=1129  ep_reward=     3.00  ep_steps=3
[InvertedPendulum-v4] run=1 seed= 42 t=    5,874  ep=1130  ep_reward=     3.00  ep_steps=3
[InvertedPendulum-v4] run=1 seed= 42 t=    5,877  ep=1131  ep_reward=     3.00  ep_steps=3
[InvertedPendulum-v4] run=1 seed= 42 t=    5,880  ep=1132  ep_reward=     3.00  ep_steps=3
[InvertedPendulum-v4] run=1 seed= 42 t=    5,883  ep=1133  ep_reward=     3.00  ep_steps=3
[InvertedPendulum-v4] run=1 seed= 42 t=    5,886  ep=1134  ep_reward=     3.00  ep_steps=3
[InvertedPendulum-v4] run=1 seed= 42 t=    5,889  ep=1135  ep_reward=     3.00  ep_steps=3
[InvertedPendulum-v4] run=1 seed= 42 t=    5,892  ep=1136  ep_reward=     3.00  ep_steps=3
[InvertedPendulum-v4] run=1 seed= 42 t=    5,895  ep=1137  ep_reward=     3.00  ep_steps=3
[InvertedPendulum-v4] run=1 seed= 42 t=    5,898  ep=1138  ep_reward=     3.00  ep_steps=3
[InvertedPendulum-v4] run=1 seed= 42 t=    5,901  ep=1139  ep_reward=     3.00  ep_steps=3
[InvertedPendulum-v4] run=1 seed= 42 t=    5,904  ep=1140  ep_reward=     3.00  ep_steps=3
[InvertedPendulum-v4] run=1 seed= 42 t=    5,907  ep=1141  ep_reward=     3.00  ep_steps=3
[InvertedPendulum-v4] run=1 seed= 42 t=    5,910  ep=1142  ep_reward=     3.00  ep_steps=3
[InvertedPendulum-v4] run=1 seed= 42 t=    5,913  ep=1143  ep_reward=     3.00  ep_steps=3
[InvertedPendulum-v4] run=1 seed= 42 t=    5,916  ep=1144  ep_reward=     3.00  ep_steps=3
[InvertedPendulum-v4] run=1 seed= 42 t=    5,919  ep=1145  ep_reward=     3.00  ep_steps=3
[InvertedPendulum-v4] run=1 seed= 42 t=    5,922  ep=1146  ep_reward=     3.00  ep_steps=3
[InvertedPendulum-v4] run=1 seed= 42 t=    5,925  ep=1147  ep_reward=     3.00  ep_steps=3
[InvertedPendulum-v4] run=1 seed= 42 t=    5,929  ep=1148  ep_reward=     4.00  ep_steps=4
[InvertedPendulum-v4] run=1 seed= 42 t=    5,933  ep=1149  ep_reward=     4.00  ep_steps=4
[InvertedPendulum-v4] run=1 seed= 42 t=    5,937  ep=1150  ep_reward=     4.00  ep_steps=4
[InvertedPendulum-v4] run=1 seed= 42 t=    5,943  ep=1151  ep_reward=     6.00  ep_steps=6
[InvertedPendulum-v4] run=1 seed= 42 t=    5,972  ep=1152  ep_reward=    29.00  ep_steps=29
[InvertedPendulum-v4] run=1 seed= 42 t=    5,982  ep=1153  ep_reward=    10.00  ep_steps=10
[InvertedPendulum-v4] run=1 seed= 42 t=    5,990  ep=1154  ep_reward=     8.00  ep_steps=8
[InvertedPendulum-v4] run=1 seed= 42 t=    5,999  ep=1155  ep_reward=     9.00  ep_steps=9
[InvertedPendulum-v4] run=1 seed= 42 t=    6,009  ep=1156  ep_reward=    10.00  ep_steps=10
[InvertedPendulum-v4] run=1 seed= 42 t=    6,019  ep=1157  ep_reward=    10.00  ep_steps=10
[InvertedPendulum-v4] run=1 seed= 42 t=    6,031  ep=1158  ep_reward=    12.00  ep_steps=12
[InvertedPendulum-v4] run=1 seed= 42 t=    6,043  ep=1159  ep_reward=    12.00  ep_steps=12
[InvertedPendulum-v4] run=1 seed= 42 t=    6,052  ep=1160  ep_reward=     9.00  ep_steps=9
[InvertedPendulum-v4] run=1 seed= 42 t=    6,061  ep=1161  ep_reward=     9.00  ep_steps=9
[InvertedPendulum-v4] run=1 seed= 42 t=    6,073  ep=1162  ep_reward=    12.00  ep_steps=12
[InvertedPendulum-v4] run=1 seed= 42 t=    6,083  ep=1163  ep_reward=    10.00  ep_steps=10
[InvertedPendulum-v4] run=1 seed= 42 t=    6,093  ep=1164  ep_reward=    10.00  ep_steps=10
[InvertedPendulum-v4] run=1 seed= 42 t=    6,105  ep=1165  ep_reward=    12.00  ep_steps=12
[InvertedPendulum-v4] run=1 seed= 42 t=    6,114  ep=1166  ep_reward=     9.00  ep_steps=9
[InvertedPendulum-v4] run=1 seed= 42 t=    6,121  ep=1167  ep_reward=     7.00  ep_steps=7
[InvertedPendulum-v4] run=1 seed= 42 t=    6,131  ep=1168  ep_reward=    10.00  ep_steps=10
[InvertedPendulum-v4] run=1 seed= 42 t=    6,140  ep=1169  ep_reward=     9.00  ep_steps=9
[InvertedPendulum-v4] run=1 seed= 42 t=    6,150  ep=1170  ep_reward=    10.00  ep_steps=10
[InvertedPendulum-v4] run=1 seed= 42 t=    6,160  ep=1171  ep_reward=    10.00  ep_steps=10
[InvertedPendulum-v4] run=1 seed= 42 t=    6,173  ep=1172  ep_reward=    13.00  ep_steps=13
[InvertedPendulum-v4] run=1 seed= 42 t=    6,184  ep=1173  ep_reward=    11.00  ep_steps=11
[InvertedPendulum-v4] run=1 seed= 42 t=    6,199  ep=1174  ep_reward=    15.00  ep_steps=15
[InvertedPendulum-v4] run=1 seed= 42 t=    6,210  ep=1175  ep_reward=    11.00  ep_steps=11
[InvertedPendulum-v4] run=1 seed= 42 t=    6,245  ep=1176  ep_reward=    35.00  ep_steps=35
[InvertedPendulum-v4] run=1 seed= 42 t=    6,286  ep=1177  ep_reward=    41.00  ep_steps=41
[InvertedPendulum-v4] run=1 seed= 42 t=    6,324  ep=1178  ep_reward=    38.00  ep_steps=38
[InvertedPendulum-v4] run=1 seed= 42 t=    6,361  ep=1179  ep_reward=    37.00  ep_steps=37
[InvertedPendulum-v4] run=1 seed= 42 t=    6,399  ep=1180  ep_reward=    38.00  ep_steps=38
[InvertedPendulum-v4] run=1 seed= 42 t=    6,435  ep=1181  ep_reward=    36.00  ep_steps=36
[InvertedPendulum-v4] run=1 seed= 42 t=    6,470  ep=1182  ep_reward=    35.00  ep_steps=35
[InvertedPendulum-v4] run=1 seed= 42 t=    6,506  ep=1183  ep_reward=    36.00  ep_steps=36
[InvertedPendulum-v4] run=1 seed= 42 t=    6,541  ep=1184  ep_reward=    35.00  ep_steps=35
[InvertedPendulum-v4] run=1 seed= 42 t=    6,580  ep=1185  ep_reward=    39.00  ep_steps=39
[InvertedPendulum-v4] run=1 seed= 42 t=    6,617  ep=1186  ep_reward=    37.00  ep_steps=37
[InvertedPendulum-v4] run=1 seed= 42 t=    6,656  ep=1187  ep_reward=    39.00  ep_steps=39
[InvertedPendulum-v4] run=1 seed= 42 t=    6,698  ep=1188  ep_reward=    42.00  ep_steps=42
[InvertedPendulum-v4] run=1 seed= 42 t=    6,742  ep=1189  ep_reward=    44.00  ep_steps=44
[InvertedPendulum-v4] run=1 seed= 42 t=    6,786  ep=1190  ep_reward=    44.00  ep_steps=44
[InvertedPendulum-v4] run=1 seed= 42 t=    6,829  ep=1191  ep_reward=    43.00  ep_steps=43
[InvertedPendulum-v4] run=1 seed= 42 t=    6,872  ep=1192  ep_reward=    43.00  ep_steps=43
[InvertedPendulum-v4] run=1 seed= 42 t=    6,914  ep=1193  ep_reward=    42.00  ep_steps=42
[InvertedPendulum-v4] run=1 seed= 42 t=    6,961  ep=1194  ep_reward=    47.00  ep_steps=47
[InvertedPendulum-v4] run=1 seed= 42 t=    7,010  ep=1195  ep_reward=    49.00  ep_steps=49
[InvertedPendulum-v4] run=1 seed= 42 t=    7,054  ep=1196  ep_reward=    44.00  ep_steps=44
[InvertedPendulum-v4] run=1 seed= 42 t=    7,101  ep=1197  ep_reward=    47.00  ep_steps=47
[InvertedPendulum-v4] run=1 seed= 42 t=    7,151  ep=1198  ep_reward=    50.00  ep_steps=50
[InvertedPendulum-v4] run=1 seed= 42 t=    7,201  ep=1199  ep_reward=    50.00  ep_steps=50
[InvertedPendulum-v4] run=1 seed= 42 t=    7,250  ep=1200  ep_reward=    49.00  ep_steps=49
[InvertedPendulum-v4] run=1 seed= 42 t=    7,302  ep=1201  ep_reward=    52.00  ep_steps=52
[InvertedPendulum-v4] run=1 seed= 42 t=    7,351  ep=1202  ep_reward=    49.00  ep_steps=49
[InvertedPendulum-v4] run=1 seed= 42 t=    7,401  ep=1203  ep_reward=    50.00  ep_steps=50
[InvertedPendulum-v4] run=1 seed= 42 t=    7,450  ep=1204  ep_reward=    49.00  ep_steps=49
[InvertedPendulum-v4] run=1 seed= 42 t=    7,500  ep=1205  ep_reward=    50.00  ep_steps=50
[InvertedPendulum-v4] run=1 seed= 42 t=    7,549  ep=1206  ep_reward=    49.00  ep_steps=49
[InvertedPendulum-v4] run=1 seed= 42 t=    7,599  ep=1207  ep_reward=    50.00  ep_steps=50
[InvertedPendulum-v4] run=1 seed= 42 t=    7,648  ep=1208  ep_reward=    49.00  ep_steps=49
[InvertedPendulum-v4] run=1 seed= 42 t=    7,695  ep=1209  ep_reward=    47.00  ep_steps=47
[InvertedPendulum-v4] run=1 seed= 42 t=    7,753  ep=1210  ep_reward=    58.00  ep_steps=58
[InvertedPendulum-v4] run=1 seed= 42 t=    7,803  ep=1211  ep_reward=    50.00  ep_steps=50
[InvertedPendulum-v4] run=1 seed= 42 t=    7,856  ep=1212  ep_reward=    53.00  ep_steps=53
[InvertedPendulum-v4] run=1 seed= 42 t=    7,907  ep=1213  ep_reward=    51.00  ep_steps=51
[InvertedPendulum-v4] run=1 seed= 42 t=    7,958  ep=1214  ep_reward=    51.00  ep_steps=51
[InvertedPendulum-v4] run=1 seed= 42 t=    8,009  ep=1215  ep_reward=    51.00  ep_steps=51
[InvertedPendulum-v4] run=1 seed= 42 t=    8,057  ep=1216  ep_reward=    48.00  ep_steps=48
[InvertedPendulum-v4] run=1 seed= 42 t=    8,101  ep=1217  ep_reward=    44.00  ep_steps=44
[InvertedPendulum-v4] run=1 seed= 42 t=    8,151  ep=1218  ep_reward=    50.00  ep_steps=50
[InvertedPendulum-v4] run=1 seed= 42 t=    8,201  ep=1219  ep_reward=    50.00  ep_steps=50
[InvertedPendulum-v4] run=1 seed= 42 t=    8,249  ep=1220  ep_reward=    48.00  ep_steps=48
[InvertedPendulum-v4] run=1 seed= 42 t=    8,301  ep=1221  ep_reward=    52.00  ep_steps=52
[InvertedPendulum-v4] run=1 seed= 42 t=    8,350  ep=1222  ep_reward=    49.00  ep_steps=49
[InvertedPendulum-v4] run=1 seed= 42 t=    8,399  ep=1223  ep_reward=    49.00  ep_steps=49
[InvertedPendulum-v4] run=1 seed= 42 t=    8,452  ep=1224  ep_reward=    53.00  ep_steps=53
[InvertedPendulum-v4] run=1 seed= 42 t=    8,502  ep=1225  ep_reward=    50.00  ep_steps=50
[InvertedPendulum-v4] run=1 seed= 42 t=    8,554  ep=1226  ep_reward=    52.00  ep_steps=52
[InvertedPendulum-v4] run=1 seed= 42 t=    8,603  ep=1227  ep_reward=    49.00  ep_steps=49
[InvertedPendulum-v4] run=1 seed= 42 t=    8,655  ep=1228  ep_reward=    52.00  ep_steps=52
[InvertedPendulum-v4] run=1 seed= 42 t=    8,706  ep=1229  ep_reward=    51.00  ep_steps=51
[InvertedPendulum-v4] run=1 seed= 42 t=    8,754  ep=1230  ep_reward=    48.00  ep_steps=48
[InvertedPendulum-v4] run=1 seed= 42 t=    8,808  ep=1231  ep_reward=    54.00  ep_steps=54
[InvertedPendulum-v4] run=1 seed= 42 t=    8,859  ep=1232  ep_reward=    51.00  ep_steps=51
[InvertedPendulum-v4] run=1 seed= 42 t=    8,907  ep=1233  ep_reward=    48.00  ep_steps=48
[InvertedPendulum-v4] run=1 seed= 42 t=    8,959  ep=1234  ep_reward=    52.00  ep_steps=52
[InvertedPendulum-v4] run=1 seed= 42 t=    9,009  ep=1235  ep_reward=    50.00  ep_steps=50
[InvertedPendulum-v4] run=1 seed= 42 t=    9,059  ep=1236  ep_reward=    50.00  ep_steps=50
[InvertedPendulum-v4] run=1 seed= 42 t=    9,108  ep=1237  ep_reward=    49.00  ep_steps=49
[InvertedPendulum-v4] run=1 seed= 42 t=    9,158  ep=1238  ep_reward=    50.00  ep_steps=50
[InvertedPendulum-v4] run=1 seed= 42 t=    9,208  ep=1239  ep_reward=    50.00  ep_steps=50
[InvertedPendulum-v4] run=1 seed= 42 t=    9,258  ep=1240  ep_reward=    50.00  ep_steps=50
[InvertedPendulum-v4] run=1 seed= 42 t=    9,311  ep=1241  ep_reward=    53.00  ep_steps=53
[InvertedPendulum-v4] run=1 seed= 42 t=    9,365  ep=1242  ep_reward=    54.00  ep_steps=54
[InvertedPendulum-v4] run=1 seed= 42 t=    9,418  ep=1243  ep_reward=    53.00  ep_steps=53
[InvertedPendulum-v4] run=1 seed= 42 t=    9,466  ep=1244  ep_reward=    48.00  ep_steps=48
[InvertedPendulum-v4] run=1 seed= 42 t=    9,519  ep=1245  ep_reward=    53.00  ep_steps=53
[InvertedPendulum-v4] run=1 seed= 42 t=    9,571  ep=1246  ep_reward=    52.00  ep_steps=52
[InvertedPendulum-v4] run=1 seed= 42 t=    9,621  ep=1247  ep_reward=    50.00  ep_steps=50
[InvertedPendulum-v4] run=1 seed= 42 t=    9,672  ep=1248  ep_reward=    51.00  ep_steps=51
[InvertedPendulum-v4] run=1 seed= 42 t=    9,721  ep=1249  ep_reward=    49.00  ep_steps=49
[InvertedPendulum-v4] run=1 seed= 42 t=    9,772  ep=1250  ep_reward=    51.00  ep_steps=51
[InvertedPendulum-v4] run=1 seed= 42 t=    9,821  ep=1251  ep_reward=    49.00  ep_steps=49
[InvertedPendulum-v4] run=1 seed= 42 t=    9,870  ep=1252  ep_reward=    49.00  ep_steps=49
[InvertedPendulum-v4] run=1 seed= 42 t=    9,921  ep=1253  ep_reward=    51.00  ep_steps=51
[InvertedPendulum-v4] run=1 seed= 42 t=    9,974  ep=1254  ep_reward=    53.00  ep_steps=53
  *** Eval  t=   10,000  avg_reward=    52.80  (10 eps)  elapsed=0.3min ***
[InvertedPendulum-v4] run=1 seed= 42 t=   10,023  ep=1255  ep_reward=    49.00  ep_steps=49
[InvertedPendulum-v4] run=1 seed= 42 t=   10,070  ep=1256  ep_reward=    47.00  ep_steps=47
[InvertedPendulum-v4] run=1 seed= 42 t=   10,121  ep=1257  ep_reward=    51.00  ep_steps=51
[InvertedPendulum-v4] run=1 seed= 42 t=   10,177  ep=1258  ep_reward=    56.00  ep_steps=56
[InvertedPendulum-v4] run=1 seed= 42 t=   10,228  ep=1259  ep_reward=    51.00  ep_steps=51
[InvertedPendulum-v4] run=1 seed= 42 t=   10,280  ep=1260  ep_reward=    52.00  ep_steps=52
[InvertedPendulum-v4] run=1 seed= 42 t=   10,338  ep=1261  ep_reward=    58.00  ep_steps=58
[InvertedPendulum-v4] run=1 seed= 42 t=   10,387  ep=1262  ep_reward=    49.00  ep_steps=49
[InvertedPendulum-v4] run=1 seed= 42 t=   10,439  ep=1263  ep_reward=    52.00  ep_steps=52
[InvertedPendulum-v4] run=1 seed= 42 t=   10,498  ep=1264  ep_reward=    59.00  ep_steps=59
[InvertedPendulum-v4] run=1 seed= 42 t=   10,554  ep=1265  ep_reward=    56.00  ep_steps=56
[InvertedPendulum-v4] run=1 seed= 42 t=   10,617  ep=1266  ep_reward=    63.00  ep_steps=63
[InvertedPendulum-v4] run=1 seed= 42 t=   10,666  ep=1267  ep_reward=    49.00  ep_steps=49
[InvertedPendulum-v4] run=1 seed= 42 t=   10,724  ep=1268  ep_reward=    58.00  ep_steps=58
[InvertedPendulum-v4] run=1 seed= 42 t=   10,779  ep=1269  ep_reward=    55.00  ep_steps=55
[InvertedPendulum-v4] run=1 seed= 42 t=   10,836  ep=1270  ep_reward=    57.00  ep_steps=57
[InvertedPendulum-v4] run=1 seed= 42 t=   10,902  ep=1271  ep_reward=    66.00  ep_steps=66
[InvertedPendulum-v4] run=1 seed= 42 t=   10,954  ep=1272  ep_reward=    52.00  ep_steps=52
[InvertedPendulum-v4] run=1 seed= 42 t=   11,011  ep=1273  ep_reward=    57.00  ep_steps=57
[InvertedPendulum-v4] run=1 seed= 42 t=   11,069  ep=1274  ep_reward=    58.00  ep_steps=58
[InvertedPendulum-v4] run=1 seed= 42 t=   11,131  ep=1275  ep_reward=    62.00  ep_steps=62
[InvertedPendulum-v4] run=1 seed= 42 t=   11,194  ep=1276  ep_reward=    63.00  ep_steps=63
[InvertedPendulum-v4] run=1 seed= 42 t=   11,253  ep=1277  ep_reward=    59.00  ep_steps=59
[InvertedPendulum-v4] run=1 seed= 42 t=   11,306  ep=1278  ep_reward=    53.00  ep_steps=53
[InvertedPendulum-v4] run=1 seed= 42 t=   11,362  ep=1279  ep_reward=    56.00  ep_steps=56
[InvertedPendulum-v4] run=1 seed= 42 t=   11,427  ep=1280  ep_reward=    65.00  ep_steps=65
[InvertedPendulum-v4] run=1 seed= 42 t=   11,493  ep=1281  ep_reward=    66.00  ep_steps=66
[InvertedPendulum-v4] run=1 seed= 42 t=   11,565  ep=1282  ep_reward=    72.00  ep_steps=72
[InvertedPendulum-v4] run=1 seed= 42 t=   11,623  ep=1283  ep_reward=    58.00  ep_steps=58
[InvertedPendulum-v4] run=1 seed= 42 t=   11,704  ep=1284  ep_reward=    81.00  ep_steps=81
[InvertedPendulum-v4] run=1 seed= 42 t=   11,785  ep=1285  ep_reward=    81.00  ep_steps=81
[InvertedPendulum-v4] run=1 seed= 42 t=   11,840  ep=1286  ep_reward=    55.00  ep_steps=55
[InvertedPendulum-v4] run=1 seed= 42 t=   11,900  ep=1287  ep_reward=    60.00  ep_steps=60
[InvertedPendulum-v4] run=1 seed= 42 t=   11,965  ep=1288  ep_reward=    65.00  ep_steps=65
[InvertedPendulum-v4] run=1 seed= 42 t=   12,022  ep=1289  ep_reward=    57.00  ep_steps=57
[InvertedPendulum-v4] run=1 seed= 42 t=   12,110  ep=1290  ep_reward=    88.00  ep_steps=88
[InvertedPendulum-v4] run=1 seed= 42 t=   12,190  ep=1291  ep_reward=    80.00  ep_steps=80
[InvertedPendulum-v4] run=1 seed= 42 t=   12,261  ep=1292  ep_reward=    71.00  ep_steps=71
[InvertedPendulum-v4] run=1 seed= 42 t=   12,303  ep=1293  ep_reward=    42.00  ep_steps=42
[InvertedPendulum-v4] run=1 seed= 42 t=   12,372  ep=1294  ep_reward=    69.00  ep_steps=69
[InvertedPendulum-v4] run=1 seed= 42 t=   12,440  ep=1295  ep_reward=    68.00  ep_steps=68
[InvertedPendulum-v4] run=1 seed= 42 t=   12,519  ep=1296  ep_reward=    79.00  ep_steps=79
[InvertedPendulum-v4] run=1 seed= 42 t=   12,591  ep=1297  ep_reward=    72.00  ep_steps=72
[InvertedPendulum-v4] run=1 seed= 42 t=   12,664  ep=1298  ep_reward=    73.00  ep_steps=73
[InvertedPendulum-v4] run=1 seed= 42 t=   12,777  ep=1299  ep_reward=   113.00  ep_steps=113
[InvertedPendulum-v4] run=1 seed= 42 t=   12,871  ep=1300  ep_reward=    94.00  ep_steps=94
[InvertedPendulum-v4] run=1 seed= 42 t=   12,946  ep=1301  ep_reward=    75.00  ep_steps=75
[InvertedPendulum-v4] run=1 seed= 42 t=   13,020  ep=1302  ep_reward=    74.00  ep_steps=74
[InvertedPendulum-v4] run=1 seed= 42 t=   13,103  ep=1303  ep_reward=    83.00  ep_steps=83
[InvertedPendulum-v4] run=1 seed= 42 t=   13,187  ep=1304  ep_reward=    84.00  ep_steps=84
[InvertedPendulum-v4] run=1 seed= 42 t=   13,249  ep=1305  ep_reward=    62.00  ep_steps=62
[InvertedPendulum-v4] run=1 seed= 42 t=   13,315  ep=1306  ep_reward=    66.00  ep_steps=66
[InvertedPendulum-v4] run=1 seed= 42 t=   13,407  ep=1307  ep_reward=    92.00  ep_steps=92
[InvertedPendulum-v4] run=1 seed= 42 t=   13,526  ep=1308  ep_reward=   119.00  ep_steps=119
[InvertedPendulum-v4] run=1 seed= 42 t=   13,601  ep=1309  ep_reward=    75.00  ep_steps=75
[InvertedPendulum-v4] run=1 seed= 42 t=   13,664  ep=1310  ep_reward=    63.00  ep_steps=63
[InvertedPendulum-v4] run=1 seed= 42 t=   13,722  ep=1311  ep_reward=    58.00  ep_steps=58
[InvertedPendulum-v4] run=1 seed= 42 t=   13,782  ep=1312  ep_reward=    60.00  ep_steps=60
[InvertedPendulum-v4] run=1 seed= 42 t=   13,840  ep=1313  ep_reward=    58.00  ep_steps=58
[InvertedPendulum-v4] run=1 seed= 42 t=   13,912  ep=1314  ep_reward=    72.00  ep_steps=72
[InvertedPendulum-v4] run=1 seed= 42 t=   13,984  ep=1315  ep_reward=    72.00  ep_steps=72
[InvertedPendulum-v4] run=1 seed= 42 t=   14,047  ep=1316  ep_reward=    63.00  ep_steps=63
[InvertedPendulum-v4] run=1 seed= 42 t=   14,106  ep=1317  ep_reward=    59.00  ep_steps=59
[InvertedPendulum-v4] run=1 seed= 42 t=   14,169  ep=1318  ep_reward=    63.00  ep_steps=63
[InvertedPendulum-v4] run=1 seed= 42 t=   14,232  ep=1319  ep_reward=    63.00  ep_steps=63
[InvertedPendulum-v4] run=1 seed= 42 t=   14,296  ep=1320  ep_reward=    64.00  ep_steps=64
[InvertedPendulum-v4] run=1 seed= 42 t=   14,366  ep=1321  ep_reward=    70.00  ep_steps=70
[InvertedPendulum-v4] run=1 seed= 42 t=   14,423  ep=1322  ep_reward=    57.00  ep_steps=57
[InvertedPendulum-v4] run=1 seed= 42 t=   14,477  ep=1323  ep_reward=    54.00  ep_steps=54
[InvertedPendulum-v4] run=1 seed= 42 t=   14,534  ep=1324  ep_reward=    57.00  ep_steps=57
[InvertedPendulum-v4] run=1 seed= 42 t=   14,589  ep=1325  ep_reward=    55.00  ep_steps=55
[InvertedPendulum-v4] run=1 seed= 42 t=   14,644  ep=1326  ep_reward=    55.00  ep_steps=55
[InvertedPendulum-v4] run=1 seed= 42 t=   14,696  ep=1327  ep_reward=    52.00  ep_steps=52
[InvertedPendulum-v4] run=1 seed= 42 t=   14,748  ep=1328  ep_reward=    52.00  ep_steps=52
[InvertedPendulum-v4] run=1 seed= 42 t=   14,798  ep=1329  ep_reward=    50.00  ep_steps=50
[InvertedPendulum-v4] run=1 seed= 42 t=   14,849  ep=1330  ep_reward=    51.00  ep_steps=51
[InvertedPendulum-v4] run=1 seed= 42 t=   14,900  ep=1331  ep_reward=    51.00  ep_steps=51
[InvertedPendulum-v4] run=1 seed= 42 t=   14,950  ep=1332  ep_reward=    50.00  ep_steps=50
[InvertedPendulum-v4] run=1 seed= 42 t=   14,998  ep=1333  ep_reward=    48.00  ep_steps=48
[InvertedPendulum-v4] run=1 seed= 42 t=   15,047  ep=1334  ep_reward=    49.00  ep_steps=49
[InvertedPendulum-v4] run=1 seed= 42 t=   15,098  ep=1335  ep_reward=    51.00  ep_steps=51
[InvertedPendulum-v4] run=1 seed= 42 t=   15,148  ep=1336  ep_reward=    50.00  ep_steps=50
[InvertedPendulum-v4] run=1 seed= 42 t=   15,196  ep=1337  ep_reward=    48.00  ep_steps=48
[InvertedPendulum-v4] run=1 seed= 42 t=   15,247  ep=1338  ep_reward=    51.00  ep_steps=51
[InvertedPendulum-v4] run=1 seed= 42 t=   15,295  ep=1339  ep_reward=    48.00  ep_steps=48
[InvertedPendulum-v4] run=1 seed= 42 t=   15,346  ep=1340  ep_reward=    51.00  ep_steps=51
[InvertedPendulum-v4] run=1 seed= 42 t=   15,395  ep=1341  ep_reward=    49.00  ep_steps=49
[InvertedPendulum-v4] run=1 seed= 42 t=   15,447  ep=1342  ep_reward=    52.00  ep_steps=52
[InvertedPendulum-v4] run=1 seed= 42 t=   15,498  ep=1343  ep_reward=    51.00  ep_steps=51
[InvertedPendulum-v4] run=1 seed= 42 t=   15,545  ep=1344  ep_reward=    47.00  ep_steps=47
[InvertedPendulum-v4] run=1 seed= 42 t=   15,593  ep=1345  ep_reward=    48.00  ep_steps=48
[InvertedPendulum-v4] run=1 seed= 42 t=   15,643  ep=1346  ep_reward=    50.00  ep_steps=50
[InvertedPendulum-v4] run=1 seed= 42 t=   15,690  ep=1347  ep_reward=    47.00  ep_steps=47
[InvertedPendulum-v4] run=1 seed= 42 t=   15,744  ep=1348  ep_reward=    54.00  ep_steps=54
[InvertedPendulum-v4] run=1 seed= 42 t=   15,796  ep=1349  ep_reward=    52.00  ep_steps=52
[InvertedPendulum-v4] run=1 seed= 42 t=   15,845  ep=1350  ep_reward=    49.00  ep_steps=49
[InvertedPendulum-v4] run=1 seed= 42 t=   15,895  ep=1351  ep_reward=    50.00  ep_steps=50
[InvertedPendulum-v4] run=1 seed= 42 t=   15,946  ep=1352  ep_reward=    51.00  ep_steps=51
[InvertedPendulum-v4] run=1 seed= 42 t=   15,996  ep=1353  ep_reward=    50.00  ep_steps=50
[InvertedPendulum-v4] run=1 seed= 42 t=   16,047  ep=1354  ep_reward=    51.00  ep_steps=51
[InvertedPendulum-v4] run=1 seed= 42 t=   16,094  ep=1355  ep_reward=    47.00  ep_steps=47
[InvertedPendulum-v4] run=1 seed= 42 t=   16,147  ep=1356  ep_reward=    53.00  ep_steps=53
[InvertedPendulum-v4] run=1 seed= 42 t=   16,198  ep=1357  ep_reward=    51.00  ep_steps=51
[InvertedPendulum-v4] run=1 seed= 42 t=   16,248  ep=1358  ep_reward=    50.00  ep_steps=50
[InvertedPendulum-v4] run=1 seed= 42 t=   16,301  ep=1359  ep_reward=    53.00  ep_steps=53
[InvertedPendulum-v4] run=1 seed= 42 t=   16,352  ep=1360  ep_reward=    51.00  ep_steps=51
[InvertedPendulum-v4] run=1 seed= 42 t=   16,404  ep=1361  ep_reward=    52.00  ep_steps=52
[InvertedPendulum-v4] run=1 seed= 42 t=   16,453  ep=1362  ep_reward=    49.00  ep_steps=49
[InvertedPendulum-v4] run=1 seed= 42 t=   16,502  ep=1363  ep_reward=    49.00  ep_steps=49
[InvertedPendulum-v4] run=1 seed= 42 t=   16,553  ep=1364  ep_reward=    51.00  ep_steps=51
[InvertedPendulum-v4] run=1 seed= 42 t=   16,602  ep=1365  ep_reward=    49.00  ep_steps=49
[InvertedPendulum-v4] run=1 seed= 42 t=   16,651  ep=1366  ep_reward=    49.00  ep_steps=49
[InvertedPendulum-v4] run=1 seed= 42 t=   16,699  ep=1367  ep_reward=    48.00  ep_steps=48
[InvertedPendulum-v4] run=1 seed= 42 t=   16,745  ep=1368  ep_reward=    46.00  ep_steps=46
[InvertedPendulum-v4] run=1 seed= 42 t=   16,795  ep=1369  ep_reward=    50.00  ep_steps=50
[InvertedPendulum-v4] run=1 seed= 42 t=   16,841  ep=1370  ep_reward=    46.00  ep_steps=46
[InvertedPendulum-v4] run=1 seed= 42 t=   16,886  ep=1371  ep_reward=    45.00  ep_steps=45
[InvertedPendulum-v4] run=1 seed= 42 t=   16,936  ep=1372  ep_reward=    50.00  ep_steps=50
[InvertedPendulum-v4] run=1 seed= 42 t=   16,982  ep=1373  ep_reward=    46.00  ep_steps=46
[InvertedPendulum-v4] run=1 seed= 42 t=   17,028  ep=1374  ep_reward=    46.00  ep_steps=46
[InvertedPendulum-v4] run=1 seed= 42 t=   17,074  ep=1375  ep_reward=    46.00  ep_steps=46
[InvertedPendulum-v4] run=1 seed= 42 t=   17,119  ep=1376  ep_reward=    45.00  ep_steps=45
[InvertedPendulum-v4] run=1 seed= 42 t=   17,165  ep=1377  ep_reward=    46.00  ep_steps=46
[InvertedPendulum-v4] run=1 seed= 42 t=   17,210  ep=1378  ep_reward=    45.00  ep_steps=45
[InvertedPendulum-v4] run=1 seed= 42 t=   17,254  ep=1379  ep_reward=    44.00  ep_steps=44
[InvertedPendulum-v4] run=1 seed= 42 t=   17,297  ep=1380  ep_reward=    43.00  ep_steps=43
[InvertedPendulum-v4] run=1 seed= 42 t=   17,339  ep=1381  ep_reward=    42.00  ep_steps=42
[InvertedPendulum-v4] run=1 seed= 42 t=   17,381  ep=1382  ep_reward=    42.00  ep_steps=42
[InvertedPendulum-v4] run=1 seed= 42 t=   17,425  ep=1383  ep_reward=    44.00  ep_steps=44
[InvertedPendulum-v4] run=1 seed= 42 t=   17,466  ep=1384  ep_reward=    41.00  ep_steps=41
[InvertedPendulum-v4] run=1 seed= 42 t=   17,507  ep=1385  ep_reward=    41.00  ep_steps=41
[InvertedPendulum-v4] run=1 seed= 42 t=   17,549  ep=1386  ep_reward=    42.00  ep_steps=42
[InvertedPendulum-v4] run=1 seed= 42 t=   17,591  ep=1387  ep_reward=    42.00  ep_steps=42
[InvertedPendulum-v4] run=1 seed= 42 t=   17,632  ep=1388  ep_reward=    41.00  ep_steps=41
[InvertedPendulum-v4] run=1 seed= 42 t=   17,673  ep=1389  ep_reward=    41.00  ep_steps=41
[InvertedPendulum-v4] run=1 seed= 42 t=   17,714  ep=1390  ep_reward=    41.00  ep_steps=41
[InvertedPendulum-v4] run=1 seed= 42 t=   17,756  ep=1391  ep_reward=    42.00  ep_steps=42
[InvertedPendulum-v4] run=1 seed= 42 t=   17,798  ep=1392  ep_reward=    42.00  ep_steps=42
[InvertedPendulum-v4] run=1 seed= 42 t=   17,839  ep=1393  ep_reward=    41.00  ep_steps=41
[InvertedPendulum-v4] run=1 seed= 42 t=   17,882  ep=1394  ep_reward=    43.00  ep_steps=43
[InvertedPendulum-v4] run=1 seed= 42 t=   17,925  ep=1395  ep_reward=    43.00  ep_steps=43
[InvertedPendulum-v4] run=1 seed= 42 t=   17,967  ep=1396  ep_reward=    42.00  ep_steps=42
[InvertedPendulum-v4] run=1 seed= 42 t=   18,010  ep=1397  ep_reward=    43.00  ep_steps=43
[InvertedPendulum-v4] run=1 seed= 42 t=   18,053  ep=1398  ep_reward=    43.00  ep_steps=43
[InvertedPendulum-v4] run=1 seed= 42 t=   18,095  ep=1399  ep_reward=    42.00  ep_steps=42
[InvertedPendulum-v4] run=1 seed= 42 t=   18,137  ep=1400  ep_reward=    42.00  ep_steps=42
[InvertedPendulum-v4] run=1 seed= 42 t=   18,178  ep=1401  ep_reward=    41.00  ep_steps=41
[InvertedPendulum-v4] run=1 seed= 42 t=   18,220  ep=1402  ep_reward=    42.00  ep_steps=42
[InvertedPendulum-v4] run=1 seed= 42 t=   18,262  ep=1403  ep_reward=    42.00  ep_steps=42
[InvertedPendulum-v4] run=1 seed= 42 t=   18,303  ep=1404  ep_reward=    41.00  ep_steps=41
[InvertedPendulum-v4] run=1 seed= 42 t=   18,346  ep=1405  ep_reward=    43.00  ep_steps=43
[InvertedPendulum-v4] run=1 seed= 42 t=   18,388  ep=1406  ep_reward=    42.00  ep_steps=42
[InvertedPendulum-v4] run=1 seed= 42 t=   18,430  ep=1407  ep_reward=    42.00  ep_steps=42
[InvertedPendulum-v4] run=1 seed= 42 t=   18,471  ep=1408  ep_reward=    41.00  ep_steps=41
[InvertedPendulum-v4] run=1 seed= 42 t=   18,513  ep=1409  ep_reward=    42.00  ep_steps=42
[InvertedPendulum-v4] run=1 seed= 42 t=   18,555  ep=1410  ep_reward=    42.00  ep_steps=42
[InvertedPendulum-v4] run=1 seed= 42 t=   18,597  ep=1411  ep_reward=    42.00  ep_steps=42
[InvertedPendulum-v4] run=1 seed= 42 t=   18,638  ep=1412  ep_reward=    41.00  ep_steps=41
[InvertedPendulum-v4] run=1 seed= 42 t=   18,680  ep=1413  ep_reward=    42.00  ep_steps=42
[InvertedPendulum-v4] run=1 seed= 42 t=   18,722  ep=1414  ep_reward=    42.00  ep_steps=42
[InvertedPendulum-v4] run=1 seed= 42 t=   18,765  ep=1415  ep_reward=    43.00  ep_steps=43
[InvertedPendulum-v4] run=1 seed= 42 t=   18,807  ep=1416  ep_reward=    42.00  ep_steps=42
[InvertedPendulum-v4] run=1 seed= 42 t=   18,849  ep=1417  ep_reward=    42.00  ep_steps=42
[InvertedPendulum-v4] run=1 seed= 42 t=   18,891  ep=1418  ep_reward=    42.00  ep_steps=42
[InvertedPendulum-v4] run=1 seed= 42 t=   18,933  ep=1419  ep_reward=    42.00  ep_steps=42
[InvertedPendulum-v4] run=1 seed= 42 t=   18,976  ep=1420  ep_reward=    43.00  ep_steps=43
[InvertedPendulum-v4] run=1 seed= 42 t=   19,019  ep=1421  ep_reward=    43.00  ep_steps=43
[InvertedPendulum-v4] run=1 seed= 42 t=   19,060  ep=1422  ep_reward=    41.00  ep_steps=41
[InvertedPendulum-v4] run=1 seed= 42 t=   19,103  ep=1423  ep_reward=    43.00  ep_steps=43
[InvertedPendulum-v4] run=1 seed= 42 t=   19,146  ep=1424  ep_reward=    43.00  ep_steps=43
[InvertedPendulum-v4] run=1 seed= 42 t=   19,187  ep=1425  ep_reward=    41.00  ep_steps=41
[InvertedPendulum-v4] run=1 seed= 42 t=   19,229  ep=1426  ep_reward=    42.00  ep_steps=42
[InvertedPendulum-v4] run=1 seed= 42 t=   19,272  ep=1427  ep_reward=    43.00  ep_steps=43
[InvertedPendulum-v4] run=1 seed= 42 t=   19,313  ep=1428  ep_reward=    41.00  ep_steps=41
[InvertedPendulum-v4] run=1 seed= 42 t=   19,356  ep=1429  ep_reward=    43.00  ep_steps=43
[InvertedPendulum-v4] run=1 seed= 42 t=   19,399  ep=1430  ep_reward=    43.00  ep_steps=43
[InvertedPendulum-v4] run=1 seed= 42 t=   19,440  ep=1431  ep_reward=    41.00  ep_steps=41
[InvertedPendulum-v4] run=1 seed= 42 t=   19,483  ep=1432  ep_reward=    43.00  ep_steps=43
[InvertedPendulum-v4] run=1 seed= 42 t=   19,526  ep=1433  ep_reward=    43.00  ep_steps=43
[InvertedPendulum-v4] run=1 seed= 42 t=   19,569  ep=1434  ep_reward=    43.00  ep_steps=43
[InvertedPendulum-v4] run=1 seed= 42 t=   19,612  ep=1435  ep_reward=    43.00  ep_steps=43
[InvertedPendulum-v4] run=1 seed= 42 t=   19,655  ep=1436  ep_reward=    43.00  ep_steps=43
[InvertedPendulum-v4] run=1 seed= 42 t=   19,697  ep=1437  ep_reward=    42.00  ep_steps=42
[InvertedPendulum-v4] run=1 seed= 42 t=   19,740  ep=1438  ep_reward=    43.00  ep_steps=43
[InvertedPendulum-v4] run=1 seed= 42 t=   19,783  ep=1439  ep_reward=    43.00  ep_steps=43
[InvertedPendulum-v4] run=1 seed= 42 t=   19,824  ep=1440  ep_reward=    41.00  ep_steps=41
[InvertedPendulum-v4] run=1 seed= 42 t=   19,867  ep=1441  ep_reward=    43.00  ep_steps=43
[InvertedPendulum-v4] run=1 seed= 42 t=   19,910  ep=1442  ep_reward=    43.00  ep_steps=43
[InvertedPendulum-v4] run=1 seed= 42 t=   19,952  ep=1443  ep_reward=    42.00  ep_steps=42
[InvertedPendulum-v4] run=1 seed= 42 t=   19,994  ep=1444  ep_reward=    42.00  ep_steps=42
  *** Eval  t=   20,000  avg_reward=    41.80  (10 eps)  elapsed=0.9min ***
[InvertedPendulum-v4] run=1 seed= 42 t=   20,036  ep=1445  ep_reward=    42.00  ep_steps=42
[InvertedPendulum-v4] run=1 seed= 42 t=   20,080  ep=1446  ep_reward=    44.00  ep_steps=44
[InvertedPendulum-v4] run=1 seed= 42 t=   20,123  ep=1447  ep_reward=    43.00  ep_steps=43
[InvertedPendulum-v4] run=1 seed= 42 t=   20,166  ep=1448  ep_reward=    43.00  ep_steps=43
[InvertedPendulum-v4] run=1 seed= 42 t=   20,208  ep=1449  ep_reward=    42.00  ep_steps=42
[InvertedPendulum-v4] run=1 seed= 42 t=   20,251  ep=1450  ep_reward=    43.00  ep_steps=43
[InvertedPendulum-v4] run=1 seed= 42 t=   20,294  ep=1451  ep_reward=    43.00  ep_steps=43
[InvertedPendulum-v4] run=1 seed= 42 t=   20,337  ep=1452  ep_reward=    43.00  ep_steps=43
[InvertedPendulum-v4] run=1 seed= 42 t=   20,379  ep=1453  ep_reward=    42.00  ep_steps=42
[InvertedPendulum-v4] run=1 seed= 42 t=   20,422  ep=1454  ep_reward=    43.00  ep_steps=43
[InvertedPendulum-v4] run=1 seed= 42 t=   20,463  ep=1455  ep_reward=    41.00  ep_steps=41
[InvertedPendulum-v4] run=1 seed= 42 t=   20,505  ep=1456  ep_reward=    42.00  ep_steps=42
[InvertedPendulum-v4] run=1 seed= 42 t=   20,546  ep=1457  ep_reward=    41.00  ep_steps=41
[InvertedPendulum-v4] run=1 seed= 42 t=   20,589  ep=1458  ep_reward=    43.00  ep_steps=43
[InvertedPendulum-v4] run=1 seed= 42 t=   20,631  ep=1459  ep_reward=    42.00  ep_steps=42
[InvertedPendulum-v4] run=1 seed= 42 t=   20,673  ep=1460  ep_reward=    42.00  ep_steps=42
[InvertedPendulum-v4] run=1 seed= 42 t=   20,715  ep=1461  ep_reward=    42.00  ep_steps=42
[InvertedPendulum-v4] run=1 seed= 42 t=   20,758  ep=1462  ep_reward=    43.00  ep_steps=43
[InvertedPendulum-v4] run=1 seed= 42 t=   20,800  ep=1463  ep_reward=    42.00  ep_steps=42
[InvertedPendulum-v4] run=1 seed= 42 t=   20,841  ep=1464  ep_reward=    41.00  ep_steps=41
[InvertedPendulum-v4] run=1 seed= 42 t=   20,883  ep=1465  ep_reward=    42.00  ep_steps=42
[InvertedPendulum-v4] run=1 seed= 42 t=   20,925  ep=1466  ep_reward=    42.00  ep_steps=42
[InvertedPendulum-v4] run=1 seed= 42 t=   20,967  ep=1467  ep_reward=    42.00  ep_steps=42
[InvertedPendulum-v4] run=1 seed= 42 t=   21,007  ep=1468  ep_reward=    40.00  ep_steps=40
[InvertedPendulum-v4] run=1 seed= 42 t=   21,048  ep=1469  ep_reward=    41.00  ep_steps=41
[InvertedPendulum-v4] run=1 seed= 42 t=   21,089  ep=1470  ep_reward=    41.00  ep_steps=41
[InvertedPendulum-v4] run=1 seed= 42 t=   21,130  ep=1471  ep_reward=    41.00  ep_steps=41
[InvertedPendulum-v4] run=1 seed= 42 t=   21,171  ep=1472  ep_reward=    41.00  ep_steps=41
[InvertedPendulum-v4] run=1 seed= 42 t=   21,213  ep=1473  ep_reward=    42.00  ep_steps=42
[InvertedPendulum-v4] run=1 seed= 42 t=   21,255  ep=1474  ep_reward=    42.00  ep_steps=42
[InvertedPendulum-v4] run=1 seed= 42 t=   21,296  ep=1475  ep_reward=    41.00  ep_steps=41
[InvertedPendulum-v4] run=1 seed= 42 t=   21,337  ep=1476  ep_reward=    41.00  ep_steps=41
[InvertedPendulum-v4] run=1 seed= 42 t=   21,379  ep=1477  ep_reward=    42.00  ep_steps=42
[InvertedPendulum-v4] run=1 seed= 42 t=   21,419  ep=1478  ep_reward=    40.00  ep_steps=40
[InvertedPendulum-v4] run=1 seed= 42 t=   21,459  ep=1479  ep_reward=    40.00  ep_steps=40
[InvertedPendulum-v4] run=1 seed= 42 t=   21,502  ep=1480  ep_reward=    43.00  ep_steps=43
[InvertedPendulum-v4] run=1 seed= 42 t=   21,543  ep=1481  ep_reward=    41.00  ep_steps=41
[InvertedPendulum-v4] run=1 seed= 42 t=   21,585  ep=1482  ep_reward=    42.00  ep_steps=42
[InvertedPendulum-v4] run=1 seed= 42 t=   21,626  ep=1483  ep_reward=    41.00  ep_steps=41
[InvertedPendulum-v4] run=1 seed= 42 t=   21,666  ep=1484  ep_reward=    40.00  ep_steps=40
[InvertedPendulum-v4] run=1 seed= 42 t=   21,707  ep=1485  ep_reward=    41.00  ep_steps=41
[InvertedPendulum-v4] run=1 seed= 42 t=   21,748  ep=1486  ep_reward=    41.00  ep_steps=41
[InvertedPendulum-v4] run=1 seed= 42 t=   21,788  ep=1487  ep_reward=    40.00  ep_steps=40
[InvertedPendulum-v4] run=1 seed= 42 t=   21,830  ep=1488  ep_reward=    42.00  ep_steps=42
[InvertedPendulum-v4] run=1 seed= 42 t=   21,871  ep=1489  ep_reward=    41.00  ep_steps=41
[InvertedPendulum-v4] run=1 seed= 42 t=   21,912  ep=1490  ep_reward=    41.00  ep_steps=41
[InvertedPendulum-v4] run=1 seed= 42 t=   21,952  ep=1491  ep_reward=    40.00  ep_steps=40
[InvertedPendulum-v4] run=1 seed= 42 t=   21,993  ep=1492  ep_reward=    41.00  ep_steps=41
[InvertedPendulum-v4] run=1 seed= 42 t=   22,034  ep=1493  ep_reward=    41.00  ep_steps=41
[InvertedPendulum-v4] run=1 seed= 42 t=   22,076  ep=1494  ep_reward=    42.00  ep_steps=42
[InvertedPendulum-v4] run=1 seed= 42 t=   22,116  ep=1495  ep_reward=    40.00  ep_steps=40
[InvertedPendulum-v4] run=1 seed= 42 t=   22,157  ep=1496  ep_reward=    41.00  ep_steps=41
[InvertedPendulum-v4] run=1 seed= 42 t=   22,198  ep=1497  ep_reward=    41.00  ep_steps=41
[InvertedPendulum-v4] run=1 seed= 42 t=   22,239  ep=1498  ep_reward=    41.00  ep_steps=41
[InvertedPendulum-v4] run=1 seed= 42 t=   22,280  ep=1499  ep_reward=    41.00  ep_steps=41
[InvertedPendulum-v4] run=1 seed= 42 t=   22,322  ep=1500  ep_reward=    42.00  ep_steps=42
[InvertedPendulum-v4] run=1 seed= 42 t=   22,362  ep=1501  ep_reward=    40.00  ep_steps=40
[InvertedPendulum-v4] run=1 seed= 42 t=   22,402  ep=1502  ep_reward=    40.00  ep_steps=40
[InvertedPendulum-v4] run=1 seed= 42 t=   22,444  ep=1503  ep_reward=    42.00  ep_steps=42
[InvertedPendulum-v4] run=1 seed= 42 t=   22,484  ep=1504  ep_reward=    40.00  ep_steps=40
[InvertedPendulum-v4] run=1 seed= 42 t=   22,525  ep=1505  ep_reward=    41.00  ep_steps=41
[InvertedPendulum-v4] run=1 seed= 42 t=   22,566  ep=1506  ep_reward=    41.00  ep_steps=41
[InvertedPendulum-v4] run=1 seed= 42 t=   22,607  ep=1507  ep_reward=    41.00  ep_steps=41
[InvertedPendulum-v4] run=1 seed= 42 t=   22,648  ep=1508  ep_reward=    41.00  ep_steps=41
[InvertedPendulum-v4] run=1 seed= 42 t=   22,689  ep=1509  ep_reward=    41.00  ep_steps=41
[InvertedPendulum-v4] run=1 seed= 42 t=   22,730  ep=1510  ep_reward=    41.00  ep_steps=41
[InvertedPendulum-v4] run=1 seed= 42 t=   22,771  ep=1511  ep_reward=    41.00  ep_steps=41
[InvertedPendulum-v4] run=1 seed= 42 t=   22,812  ep=1512  ep_reward=    41.00  ep_steps=41
[InvertedPendulum-v4] run=1 seed= 42 t=   22,853  ep=1513  ep_reward=    41.00  ep_steps=41
[InvertedPendulum-v4] run=1 seed= 42 t=   22,893  ep=1514  ep_reward=    40.00  ep_steps=40
[InvertedPendulum-v4] run=1 seed= 42 t=   22,934  ep=1515  ep_reward=    41.00  ep_steps=41
[InvertedPendulum-v4] run=1 seed= 42 t=   22,978  ep=1516  ep_reward=    44.00  ep_steps=44
[InvertedPendulum-v4] run=1 seed= 42 t=   23,025  ep=1517  ep_reward=    47.00  ep_steps=47
[InvertedPendulum-v4] run=1 seed= 42 t=   23,073  ep=1518  ep_reward=    48.00  ep_steps=48
[InvertedPendulum-v4] run=1 seed= 42 t=   23,122  ep=1519  ep_reward=    49.00  ep_steps=49
[InvertedPendulum-v4] run=1 seed= 42 t=   23,171  ep=1520  ep_reward=    49.00  ep_steps=49
[InvertedPendulum-v4] run=1 seed= 42 t=   23,221  ep=1521  ep_reward=    50.00  ep_steps=50
[InvertedPendulum-v4] run=1 seed= 42 t=   23,272  ep=1522  ep_reward=    51.00  ep_steps=51
[InvertedPendulum-v4] run=1 seed= 42 t=   23,322  ep=1523  ep_reward=    50.00  ep_steps=50
[InvertedPendulum-v4] run=1 seed= 42 t=   23,375  ep=1524  ep_reward=    53.00  ep_steps=53
[InvertedPendulum-v4] run=1 seed= 42 t=   23,426  ep=1525  ep_reward=    51.00  ep_steps=51
[InvertedPendulum-v4] run=1 seed= 42 t=   23,477  ep=1526  ep_reward=    51.00  ep_steps=51
[InvertedPendulum-v4] run=1 seed= 42 t=   23,529  ep=1527  ep_reward=    52.00  ep_steps=52
[InvertedPendulum-v4] run=1 seed= 42 t=   23,580  ep=1528  ep_reward=    51.00  ep_steps=51
[InvertedPendulum-v4] run=1 seed= 42 t=   23,630  ep=1529  ep_reward=    50.00  ep_steps=50
[InvertedPendulum-v4] run=1 seed= 42 t=   23,680  ep=1530  ep_reward=    50.00  ep_steps=50
[InvertedPendulum-v4] run=1 seed= 42 t=   23,729  ep=1531  ep_reward=    49.00  ep_steps=49
[InvertedPendulum-v4] run=1 seed= 42 t=   23,778  ep=1532  ep_reward=    49.00  ep_steps=49
[InvertedPendulum-v4] run=1 seed= 42 t=   23,829  ep=1533  ep_reward=    51.00  ep_steps=51
[InvertedPendulum-v4] run=1 seed= 42 t=   23,879  ep=1534  ep_reward=    50.00  ep_steps=50
[InvertedPendulum-v4] run=1 seed= 42 t=   23,930  ep=1535  ep_reward=    51.00  ep_steps=51
[InvertedPendulum-v4] run=1 seed= 42 t=   23,980  ep=1536  ep_reward=    50.00  ep_steps=50
[InvertedPendulum-v4] run=1 seed= 42 t=   24,032  ep=1537  ep_reward=    52.00  ep_steps=52
[InvertedPendulum-v4] run=1 seed= 42 t=   24,084  ep=1538  ep_reward=    52.00  ep_steps=52
[InvertedPendulum-v4] run=1 seed= 42 t=   24,134  ep=1539  ep_reward=    50.00  ep_steps=50
[InvertedPendulum-v4] run=1 seed= 42 t=   24,184  ep=1540  ep_reward=    50.00  ep_steps=50
[InvertedPendulum-v4] run=1 seed= 42 t=   24,238  ep=1541  ep_reward=    54.00  ep_steps=54
[InvertedPendulum-v4] run=1 seed= 42 t=   24,291  ep=1542  ep_reward=    53.00  ep_steps=53
[InvertedPendulum-v4] run=1 seed= 42 t=   24,343  ep=1543  ep_reward=    52.00  ep_steps=52
[InvertedPendulum-v4] run=1 seed= 42 t=   24,395  ep=1544  ep_reward=    52.00  ep_steps=52
[InvertedPendulum-v4] run=1 seed= 42 t=   24,446  ep=1545  ep_reward=    51.00  ep_steps=51
[InvertedPendulum-v4] run=1 seed= 42 t=   24,498  ep=1546  ep_reward=    52.00  ep_steps=52
[InvertedPendulum-v4] run=1 seed= 42 t=   24,550  ep=1547  ep_reward=    52.00  ep_steps=52
[InvertedPendulum-v4] run=1 seed= 42 t=   24,604  ep=1548  ep_reward=    54.00  ep_steps=54
[InvertedPendulum-v4] run=1 seed= 42 t=   24,655  ep=1549  ep_reward=    51.00  ep_steps=51
[InvertedPendulum-v4] run=1 seed= 42 t=   24,708  ep=1550  ep_reward=    53.00  ep_steps=53
[InvertedPendulum-v4] run=1 seed= 42 t=   24,759  ep=1551  ep_reward=    51.00  ep_steps=51
[InvertedPendulum-v4] run=1 seed= 42 t=   24,810  ep=1552  ep_reward=    51.00  ep_steps=51
[InvertedPendulum-v4] run=1 seed= 42 t=   24,861  ep=1553  ep_reward=    51.00  ep_steps=51
[InvertedPendulum-v4] run=1 seed= 42 t=   24,914  ep=1554  ep_reward=    53.00  ep_steps=53
[InvertedPendulum-v4] run=1 seed= 42 t=   24,966  ep=1555  ep_reward=    52.00  ep_steps=52
[InvertedPendulum-v4] run=1 seed= 42 t=   25,019  ep=1556  ep_reward=    53.00  ep_steps=53
[InvertedPendulum-v4] run=1 seed= 42 t=   25,071  ep=1557  ep_reward=    52.00  ep_steps=52
[InvertedPendulum-v4] run=1 seed= 42 t=   25,125  ep=1558  ep_reward=    54.00  ep_steps=54
[InvertedPendulum-v4] run=1 seed= 42 t=   25,178  ep=1559  ep_reward=    53.00  ep_steps=53
[InvertedPendulum-v4] run=1 seed= 42 t=   25,232  ep=1560  ep_reward=    54.00  ep_steps=54
[InvertedPendulum-v4] run=1 seed= 42 t=   25,286  ep=1561  ep_reward=    54.00  ep_steps=54
[InvertedPendulum-v4] run=1 seed= 42 t=   25,339  ep=1562  ep_reward=    53.00  ep_steps=53
[InvertedPendulum-v4] run=1 seed= 42 t=   25,396  ep=1563  ep_reward=    57.00  ep_steps=57
[InvertedPendulum-v4] run=1 seed= 42 t=   25,452  ep=1564  ep_reward=    56.00  ep_steps=56
[InvertedPendulum-v4] run=1 seed= 42 t=   25,509  ep=1565  ep_reward=    57.00  ep_steps=57
[InvertedPendulum-v4] run=1 seed= 42 t=   25,566  ep=1566  ep_reward=    57.00  ep_steps=57
[InvertedPendulum-v4] run=1 seed= 42 t=   25,627  ep=1567  ep_reward=    61.00  ep_steps=61
[InvertedPendulum-v4] run=1 seed= 42 t=   25,684  ep=1568  ep_reward=    57.00  ep_steps=57
[InvertedPendulum-v4] run=1 seed= 42 t=   25,743  ep=1569  ep_reward=    59.00  ep_steps=59
[InvertedPendulum-v4] run=1 seed= 42 t=   25,802  ep=1570  ep_reward=    59.00  ep_steps=59
[InvertedPendulum-v4] run=1 seed= 42 t=   25,866  ep=1571  ep_reward=    64.00  ep_steps=64
[InvertedPendulum-v4] run=1 seed= 42 t=   25,941  ep=1572  ep_reward=    75.00  ep_steps=75
[InvertedPendulum-v4] run=1 seed= 42 t=   26,016  ep=1573  ep_reward=    75.00  ep_steps=75
[InvertedPendulum-v4] run=1 seed= 42 t=   26,092  ep=1574  ep_reward=    76.00  ep_steps=76
[InvertedPendulum-v4] run=1 seed= 42 t=   26,172  ep=1575  ep_reward=    80.00  ep_steps=80
[InvertedPendulum-v4] run=1 seed= 42 t=   26,263  ep=1576  ep_reward=    91.00  ep_steps=91
[InvertedPendulum-v4] run=1 seed= 42 t=   26,360  ep=1577  ep_reward=    97.00  ep_steps=97
[InvertedPendulum-v4] run=1 seed= 42 t=   26,441  ep=1578  ep_reward=    81.00  ep_steps=81
[InvertedPendulum-v4] run=1 seed= 42 t=   26,541  ep=1579  ep_reward=   100.00  ep_steps=100
[InvertedPendulum-v4] run=1 seed= 42 t=   26,646  ep=1580  ep_reward=   105.00  ep_steps=105
[InvertedPendulum-v4] run=1 seed= 42 t=   26,735  ep=1581  ep_reward=    89.00  ep_steps=89
[InvertedPendulum-v4] run=1 seed= 42 t=   26,826  ep=1582  ep_reward=    91.00  ep_steps=91
[InvertedPendulum-v4] run=1 seed= 42 t=   26,922  ep=1583  ep_reward=    96.00  ep_steps=96
[InvertedPendulum-v4] run=1 seed= 42 t=   27,018  ep=1584  ep_reward=    96.00  ep_steps=96
[InvertedPendulum-v4] run=1 seed= 42 t=   27,111  ep=1585  ep_reward=    93.00  ep_steps=93
[InvertedPendulum-v4] run=1 seed= 42 t=   27,312  ep=1586  ep_reward=   201.00  ep_steps=201
[InvertedPendulum-v4] run=1 seed= 42 t=   27,433  ep=1587  ep_reward=   121.00  ep_steps=121
[InvertedPendulum-v4] run=1 seed= 42 t=   27,575  ep=1588  ep_reward=   142.00  ep_steps=142
[InvertedPendulum-v4] run=1 seed= 42 t=   27,720  ep=1589  ep_reward=   145.00  ep_steps=145
[InvertedPendulum-v4] run=1 seed= 42 t=   27,862  ep=1590  ep_reward=   142.00  ep_steps=142
[InvertedPendulum-v4] run=1 seed= 42 t=   27,985  ep=1591  ep_reward=   123.00  ep_steps=123
[InvertedPendulum-v4] run=1 seed= 42 t=   28,157  ep=1592  ep_reward=   172.00  ep_steps=172
[InvertedPendulum-v4] run=1 seed= 42 t=   28,394  ep=1593  ep_reward=   237.00  ep_steps=237
[InvertedPendulum-v4] run=1 seed= 42 t=   28,627  ep=1594  ep_reward=   233.00  ep_steps=233
[InvertedPendulum-v4] run=1 seed= 42 t=   28,922  ep=1595  ep_reward=   295.00  ep_steps=295
[InvertedPendulum-v4] run=1 seed= 42 t=   29,248  ep=1596  ep_reward=   326.00  ep_steps=326
  *** Eval  t=   30,000  avg_reward=   204.00  (10 eps)  elapsed=1.6min ***
[InvertedPendulum-v4] run=1 seed= 42 t=   30,248  ep=1597  ep_reward=  1000.00  ep_steps=1000
[InvertedPendulum-v4] run=1 seed= 42 t=   31,248  ep=1598  ep_reward=  1000.00  ep_steps=1000
[InvertedPendulum-v4] run=1 seed= 42 t=   32,248  ep=1599  ep_reward=  1000.00  ep_steps=1000
[InvertedPendulum-v4] run=1 seed= 42 t=   33,248  ep=1600  ep_reward=  1000.00  ep_steps=1000
[InvertedPendulum-v4] run=1 seed= 42 t=   34,248  ep=1601  ep_reward=  1000.00  ep_steps=1000
[InvertedPendulum-v4] run=1 seed= 42 t=   35,248  ep=1602  ep_reward=  1000.00  ep_steps=1000
[InvertedPendulum-v4] run=1 seed= 42 t=   36,248  ep=1603  ep_reward=  1000.00  ep_steps=1000
[InvertedPendulum-v4] run=1 seed= 42 t=   37,248  ep=1604  ep_reward=  1000.00  ep_steps=1000
[InvertedPendulum-v4] run=1 seed= 42 t=   38,248  ep=1605  ep_reward=  1000.00  ep_steps=1000
[InvertedPendulum-v4] run=1 seed= 42 t=   39,248  ep=1606  ep_reward=  1000.00  ep_steps=1000
[InvertedPendulum-v4] run=1 seed= 42 t=   39,683  ep=1607  ep_reward=   435.00  ep_steps=435
  *** Eval  t=   40,000  avg_reward=  1000.00  (10 eps)  elapsed=2.2min ***
[InvertedPendulum-v4] run=1 seed= 42 t=   40,683  ep=1608  ep_reward=  1000.00  ep_steps=1000
[InvertedPendulum-v4] run=1 seed= 42 t=   41,683  ep=1609  ep_reward=  1000.00  ep_steps=1000
[InvertedPendulum-v4] run=1 seed= 42 t=   42,683  ep=1610  ep_reward=  1000.00  ep_steps=1000
[InvertedPendulum-v4] run=1 seed= 42 t=   43,683  ep=1611  ep_reward=  1000.00  ep_steps=1000
[InvertedPendulum-v4] run=1 seed= 42 t=   44,683  ep=1612  ep_reward=  1000.00  ep_steps=1000
[InvertedPendulum-v4] run=1 seed= 42 t=   45,683  ep=1613  ep_reward=  1000.00  ep_steps=1000
[InvertedPendulum-v4] run=1 seed= 42 t=   46,683  ep=1614  ep_reward=  1000.00  ep_steps=1000
[InvertedPendulum-v4] run=1 seed= 42 t=   47,683  ep=1615  ep_reward=  1000.00  ep_steps=1000
[InvertedPendulum-v4] run=1 seed= 42 t=   48,683  ep=1616  ep_reward=  1000.00  ep_steps=1000
[InvertedPendulum-v4] run=1 seed= 42 t=   49,683  ep=1617  ep_reward=  1000.00  ep_steps=1000
  *** Eval  t=   50,000  avg_reward=  1000.00  (10 eps)  elapsed=2.9min ***
[InvertedPendulum-v4] run=1 seed= 42 t=   50,683  ep=1618  ep_reward=  1000.00  ep_steps=1000
[InvertedPendulum-v4] run=1 seed= 42 t=   51,683  ep=1619  ep_reward=  1000.00  ep_steps=1000
[InvertedPendulum-v4] run=1 seed= 42 t=   52,683  ep=1620  ep_reward=  1000.00  ep_steps=1000
[InvertedPendulum-v4] run=1 seed= 42 t=   53,683  ep=1621  ep_reward=  1000.00  ep_steps=1000
[InvertedPendulum-v4] run=1 seed= 42 t=   54,683  ep=1622  ep_reward=  1000.00  ep_steps=1000
[InvertedPendulum-v4] run=1 seed= 42 t=   55,683  ep=1623  ep_reward=  1000.00  ep_steps=1000
[InvertedPendulum-v4] run=1 seed= 42 t=   56,683  ep=1624  ep_reward=  1000.00  ep_steps=1000
[InvertedPendulum-v4] run=1 seed= 42 t=   57,683  ep=1625  ep_reward=  1000.00  ep_steps=1000
[InvertedPendulum-v4] run=1 seed= 42 t=   58,683  ep=1626  ep_reward=  1000.00  ep_steps=1000
[InvertedPendulum-v4] run=1 seed= 42 t=   59,683  ep=1627  ep_reward=  1000.00  ep_steps=1000
  *** Eval  t=   60,000  avg_reward=  1000.00  (10 eps)  elapsed=3.6min ***
[InvertedPendulum-v4] run=1 seed= 42 t=   60,683  ep=1628  ep_reward=  1000.00  ep_steps=1000
[InvertedPendulum-v4] run=1 seed= 42 t=   61,683  ep=1629  ep_reward=  1000.00  ep_steps=1000
[InvertedPendulum-v4] run=1 seed= 42 t=   62,683  ep=1630  ep_reward=  1000.00  ep_steps=1000
[InvertedPendulum-v4] run=1 seed= 42 t=   63,683  ep=1631  ep_reward=  1000.00  ep_steps=1000
[InvertedPendulum-v4] run=1 seed= 42 t=   64,683  ep=1632  ep_reward=  1000.00  ep_steps=1000
[InvertedPendulum-v4] run=1 seed= 42 t=   65,683  ep=1633  ep_reward=  1000.00  ep_steps=1000
[InvertedPendulum-v4] run=1 seed= 42 t=   66,683  ep=1634  ep_reward=  1000.00  ep_steps=1000
[InvertedPendulum-v4] run=1 seed= 42 t=   67,683  ep=1635  ep_reward=  1000.00  ep_steps=1000
[InvertedPendulum-v4] run=1 seed= 42 t=   68,683  ep=1636  ep_reward=  1000.00  ep_steps=1000
[InvertedPendulum-v4] run=1 seed= 42 t=   69,683  ep=1637  ep_reward=  1000.00  ep_steps=1000
  *** Eval  t=   70,000  avg_reward=  1000.00  (10 eps)  elapsed=4.3min ***
[InvertedPendulum-v4] run=1 seed= 42 t=   70,683  ep=1638  ep_reward=  1000.00  ep_steps=1000
[InvertedPendulum-v4] run=1 seed= 42 t=   71,683  ep=1639  ep_reward=  1000.00  ep_steps=1000
[InvertedPendulum-v4] run=1 seed= 42 t=   72,683  ep=1640  ep_reward=  1000.00  ep_steps=1000
[InvertedPendulum-v4] run=1 seed= 42 t=   73,683  ep=1641  ep_reward=  1000.00  ep_steps=1000
[InvertedPendulum-v4] run=1 seed= 42 t=   74,683  ep=1642  ep_reward=  1000.00  ep_steps=1000
[InvertedPendulum-v4] run=1 seed= 42 t=   75,683  ep=1643  ep_reward=  1000.00  ep_steps=1000
[InvertedPendulum-v4] run=1 seed= 42 t=   76,683  ep=1644  ep_reward=  1000.00  ep_steps=1000
[InvertedPendulum-v4] run=1 seed= 42 t=   77,683  ep=1645  ep_reward=  1000.00  ep_steps=1000
[InvertedPendulum-v4] run=1 seed= 42 t=   78,683  ep=1646  ep_reward=  1000.00  ep_steps=1000
[InvertedPendulum-v4] run=1 seed= 42 t=   79,683  ep=1647  ep_reward=  1000.00  ep_steps=1000
  *** Eval  t=   80,000  avg_reward=  1000.00  (10 eps)  elapsed=5.0min ***
[InvertedPendulum-v4] run=1 seed= 42 t=   80,683  ep=1648  ep_reward=  1000.00  ep_steps=1000
[InvertedPendulum-v4] run=1 seed= 42 t=   81,683  ep=1649  ep_reward=  1000.00  ep_steps=1000
[InvertedPendulum-v4] run=1 seed= 42 t=   82,683  ep=1650  ep_reward=  1000.00  ep_steps=1000
[InvertedPendulum-v4] run=1 seed= 42 t=   83,683  ep=1651  ep_reward=  1000.00  ep_steps=1000
[InvertedPendulum-v4] run=1 seed= 42 t=   84,683  ep=1652  ep_reward=  1000.00  ep_steps=1000
[InvertedPendulum-v4] run=1 seed= 42 t=   85,683  ep=1653  ep_reward=  1000.00  ep_steps=1000
[InvertedPendulum-v4] run=1 seed= 42 t=   86,683  ep=1654  ep_reward=  1000.00  ep_steps=1000
[InvertedPendulum-v4] run=1 seed= 42 t=   87,683  ep=1655  ep_reward=  1000.00  ep_steps=1000
[InvertedPendulum-v4] run=1 seed= 42 t=   88,683  ep=1656  ep_reward=  1000.00  ep_steps=1000
[InvertedPendulum-v4] run=1 seed= 42 t=   89,683  ep=1657  ep_reward=  1000.00  ep_steps=1000
  *** Eval  t=   90,000  avg_reward=  1000.00  (10 eps)  elapsed=5.6min ***
[InvertedPendulum-v4] run=1 seed= 42 t=   90,683  ep=1658  ep_reward=  1000.00  ep_steps=1000
[InvertedPendulum-v4] run=1 seed= 42 t=   91,683  ep=1659  ep_reward=  1000.00  ep_steps=1000
[InvertedPendulum-v4] run=1 seed= 42 t=   92,683  ep=1660  ep_reward=  1000.00  ep_steps=1000
[InvertedPendulum-v4] run=1 seed= 42 t=   93,683  ep=1661  ep_reward=  1000.00  ep_steps=1000
[InvertedPendulum-v4] run=1 seed= 42 t=   94,683  ep=1662  ep_reward=  1000.00  ep_steps=1000
[InvertedPendulum-v4] run=1 seed= 42 t=   95,683  ep=1663  ep_reward=  1000.00  ep_steps=1000
[InvertedPendulum-v4] run=1 seed= 42 t=   96,683  ep=1664  ep_reward=  1000.00  ep_steps=1000
[InvertedPendulum-v4] run=1 seed= 42 t=   97,683  ep=1665  ep_reward=  1000.00  ep_steps=1000
[InvertedPendulum-v4] run=1 seed= 42 t=   98,683  ep=1666  ep_reward=  1000.00  ep_steps=1000
[InvertedPendulum-v4] run=1 seed= 42 t=   99,683  ep=1667  ep_reward=  1000.00  ep_steps=1000
  *** Eval  t=  100,000  avg_reward=  1000.00  (10 eps)  elapsed=6.3min ***
[InvertedPendulum-v4] run=1 seed= 42 t=  100,683  ep=1668  ep_reward=  1000.00  ep_steps=1000
[InvertedPendulum-v4] run=1 seed= 42 t=  101,683  ep=1669  ep_reward=  1000.00  ep_steps=1000
[InvertedPendulum-v4] run=1 seed= 42 t=  102,683  ep=1670  ep_reward=  1000.00  ep_steps=1000
[InvertedPendulum-v4] run=1 seed= 42 t=  103,683  ep=1671  ep_reward=  1000.00  ep_steps=1000
[InvertedPendulum-v4] run=1 seed= 42 t=  104,683  ep=1672  ep_reward=  1000.00  ep_steps=1000
[InvertedPendulum-v4] run=1 seed= 42 t=  105,683  ep=1673  ep_reward=  1000.00  ep_steps=1000
[InvertedPendulum-v4] run=1 seed= 42 t=  106,683  ep=1674  ep_reward=  1000.00  ep_steps=1000
[InvertedPendulum-v4] run=1 seed= 42 t=  107,683  ep=1675  ep_reward=  1000.00  ep_steps=1000
[InvertedPendulum-v4] run=1 seed= 42 t=  108,683  ep=1676  ep_reward=  1000.00  ep_steps=1000
[InvertedPendulum-v4] run=1 seed= 42 t=  109,683  ep=1677  ep_reward=  1000.00  ep_steps=1000
  *** Eval  t=  110,000  avg_reward=  1000.00  (10 eps)  elapsed=7.0min ***
[InvertedPendulum-v4] run=1 seed= 42 t=  110,683  ep=1678  ep_reward=  1000.00  ep_steps=1000
[InvertedPendulum-v4] run=1 seed= 42 t=  111,683  ep=1679  ep_reward=  1000.00  ep_steps=1000
[InvertedPendulum-v4] run=1 seed= 42 t=  112,683  ep=1680  ep_reward=  1000.00  ep_steps=1000
[InvertedPendulum-v4] run=1 seed= 42 t=  113,683  ep=1681  ep_reward=  1000.00  ep_steps=1000
[InvertedPendulum-v4] run=1 seed= 42 t=  114,683  ep=1682  ep_reward=  1000.00  ep_steps=1000
[InvertedPendulum-v4] run=1 seed= 42 t=  115,683  ep=1683  ep_reward=  1000.00  ep_steps=1000
[InvertedPendulum-v4] run=1 seed= 42 t=  116,683  ep=1684  ep_reward=  1000.00  ep_steps=1000
[InvertedPendulum-v4] run=1 seed= 42 t=  117,683  ep=1685  ep_reward=  1000.00  ep_steps=1000
[InvertedPendulum-v4] run=1 seed= 42 t=  118,683  ep=1686  ep_reward=  1000.00  ep_steps=1000
[InvertedPendulum-v4] run=1 seed= 42 t=  119,683  ep=1687  ep_reward=  1000.00  ep_steps=1000
  *** Eval  t=  120,000  avg_reward=  1000.00  (10 eps)  elapsed=7.7min ***
[InvertedPendulum-v4] run=1 seed= 42 t=  120,683  ep=1688  ep_reward=  1000.00  ep_steps=1000
[InvertedPendulum-v4] run=1 seed= 42 t=  121,683  ep=1689  ep_reward=  1000.00  ep_steps=1000
[InvertedPendulum-v4] run=1 seed= 42 t=  122,683  ep=1690  ep_reward=  1000.00  ep_steps=1000
[InvertedPendulum-v4] run=1 seed= 42 t=  123,683  ep=1691  ep_reward=  1000.00  ep_steps=1000
[InvertedPendulum-v4] run=1 seed= 42 t=  124,683  ep=1692  ep_reward=  1000.00  ep_steps=1000
[InvertedPendulum-v4] run=1 seed= 42 t=  125,683  ep=1693  ep_reward=  1000.00  ep_steps=1000
[InvertedPendulum-v4] run=1 seed= 42 t=  126,683  ep=1694  ep_reward=  1000.00  ep_steps=1000
[InvertedPendulum-v4] run=1 seed= 42 t=  127,683  ep=1695  ep_reward=  1000.00  ep_steps=1000
[InvertedPendulum-v4] run=1 seed= 42 t=  128,683  ep=1696  ep_reward=  1000.00  ep_steps=1000
[InvertedPendulum-v4] run=1 seed= 42 t=  129,683  ep=1697  ep_reward=  1000.00  ep_steps=1000
  *** Eval  t=  130,000  avg_reward=  1000.00  (10 eps)  elapsed=8.4min ***
[InvertedPendulum-v4] run=1 seed= 42 t=  130,683  ep=1698  ep_reward=  1000.00  ep_steps=1000
[InvertedPendulum-v4] run=1 seed= 42 t=  131,683  ep=1699  ep_reward=  1000.00  ep_steps=1000
[InvertedPendulum-v4] run=1 seed= 42 t=  132,683  ep=1700  ep_reward=  1000.00  ep_steps=1000
[InvertedPendulum-v4] run=1 seed= 42 t=  133,683  ep=1701  ep_reward=  1000.00  ep_steps=1000
[InvertedPendulum-v4] run=1 seed= 42 t=  134,683  ep=1702  ep_reward=  1000.00  ep_steps=1000
[InvertedPendulum-v4] run=1 seed= 42 t=  135,683  ep=1703  ep_reward=  1000.00  ep_steps=1000
[InvertedPendulum-v4] run=1 seed= 42 t=  136,683  ep=1704  ep_reward=  1000.00  ep_steps=1000
[InvertedPendulum-v4] run=1 seed= 42 t=  137,683  ep=1705  ep_reward=  1000.00  ep_steps=1000
[InvertedPendulum-v4] run=1 seed= 42 t=  138,683  ep=1706  ep_reward=  1000.00  ep_steps=1000
[InvertedPendulum-v4] run=1 seed= 42 t=  139,683  ep=1707  ep_reward=  1000.00  ep_steps=1000
  *** Eval  t=  140,000  avg_reward=  1000.00  (10 eps)  elapsed=9.0min ***
[InvertedPendulum-v4] run=1 seed= 42 t=  140,683  ep=1708  ep_reward=  1000.00  ep_steps=1000
[InvertedPendulum-v4] run=1 seed= 42 t=  141,683  ep=1709  ep_reward=  1000.00  ep_steps=1000
[InvertedPendulum-v4] run=1 seed= 42 t=  142,553  ep=1710  ep_reward=   870.00  ep_steps=870
[InvertedPendulum-v4] run=1 seed= 42 t=  143,553  ep=1711  ep_reward=  1000.00  ep_steps=1000
[InvertedPendulum-v4] run=1 seed= 42 t=  144,553  ep=1712  ep_reward=  1000.00  ep_steps=1000
[InvertedPendulum-v4] run=1 seed= 42 t=  145,553  ep=1713  ep_reward=  1000.00  ep_steps=1000
[InvertedPendulum-v4] run=1 seed= 42 t=  146,553  ep=1714  ep_reward=  1000.00  ep_steps=1000
[InvertedPendulum-v4] run=1 seed= 42 t=  147,553  ep=1715  ep_reward=  1000.00  ep_steps=1000
[InvertedPendulum-v4] run=1 seed= 42 t=  148,553  ep=1716  ep_reward=  1000.00  ep_steps=1000
[InvertedPendulum-v4] run=1 seed= 42 t=  149,553  ep=1717  ep_reward=  1000.00  ep_steps=1000
  *** Eval  t=  150,000  avg_reward=  1000.00  (10 eps)  elapsed=9.7min ***
[InvertedPendulum-v4] run=1 seed= 42 t=  150,553  ep=1718  ep_reward=  1000.00  ep_steps=1000
[InvertedPendulum-v4] run=1 seed= 42 t=  151,553  ep=1719  ep_reward=  1000.00  ep_steps=1000
[InvertedPendulum-v4] run=1 seed= 42 t=  152,553  ep=1720  ep_reward=  1000.00  ep_steps=1000
[InvertedPendulum-v4] run=1 seed= 42 t=  153,553  ep=1721  ep_reward=  1000.00  ep_steps=1000
[InvertedPendulum-v4] run=1 seed= 42 t=  154,553  ep=1722  ep_reward=  1000.00  ep_steps=1000
[InvertedPendulum-v4] run=1 seed= 42 t=  155,553  ep=1723  ep_reward=  1000.00  ep_steps=1000
[InvertedPendulum-v4] run=1 seed= 42 t=  156,553  ep=1724  ep_reward=  1000.00  ep_steps=1000
[InvertedPendulum-v4] run=1 seed= 42 t=  157,553  ep=1725  ep_reward=  1000.00  ep_steps=1000
[InvertedPendulum-v4] run=1 seed= 42 t=  158,553  ep=1726  ep_reward=  1000.00  ep_steps=1000
[InvertedPendulum-v4] run=1 seed= 42 t=  159,553  ep=1727  ep_reward=  1000.00  ep_steps=1000
  *** Eval  t=  160,000  avg_reward=  1000.00  (10 eps)  elapsed=10.4min ***
[InvertedPendulum-v4] run=1 seed= 42 t=  160,553  ep=1728  ep_reward=  1000.00  ep_steps=1000
[InvertedPendulum-v4] run=1 seed= 42 t=  161,553  ep=1729  ep_reward=  1000.00  ep_steps=1000
[InvertedPendulum-v4] run=1 seed= 42 t=  162,553  ep=1730  ep_reward=  1000.00  ep_steps=1000
[InvertedPendulum-v4] run=1 seed= 42 t=  163,553  ep=1731  ep_reward=  1000.00  ep_steps=1000
[InvertedPendulum-v4] run=1 seed= 42 t=  164,553  ep=1732  ep_reward=  1000.00  ep_steps=1000
[InvertedPendulum-v4] run=1 seed= 42 t=  165,553  ep=1733  ep_reward=  1000.00  ep_steps=1000
[InvertedPendulum-v4] run=1 seed= 42 t=  166,553  ep=1734  ep_reward=  1000.00  ep_steps=1000
[InvertedPendulum-v4] run=1 seed= 42 t=  167,553  ep=1735  ep_reward=  1000.00  ep_steps=1000
[InvertedPendulum-v4] run=1 seed= 42 t=  168,553  ep=1736  ep_reward=  1000.00  ep_steps=1000
[InvertedPendulum-v4] run=1 seed= 42 t=  169,553  ep=1737  ep_reward=  1000.00  ep_steps=1000
  *** Eval  t=  170,000  avg_reward=  1000.00  (10 eps)  elapsed=11.1min ***
[InvertedPendulum-v4] run=1 seed= 42 t=  170,553  ep=1738  ep_reward=  1000.00  ep_steps=1000
[InvertedPendulum-v4] run=1 seed= 42 t=  171,553  ep=1739  ep_reward=  1000.00  ep_steps=1000
[InvertedPendulum-v4] run=1 seed= 42 t=  172,553  ep=1740  ep_reward=  1000.00  ep_steps=1000
[InvertedPendulum-v4] run=1 seed= 42 t=  173,553  ep=1741  ep_reward=  1000.00  ep_steps=1000
[InvertedPendulum-v4] run=1 seed= 42 t=  174,553  ep=1742  ep_reward=  1000.00  ep_steps=1000
[InvertedPendulum-v4] run=1 seed= 42 t=  175,553  ep=1743  ep_reward=  1000.00  ep_steps=1000
[InvertedPendulum-v4] run=1 seed= 42 t=  176,553  ep=1744  ep_reward=  1000.00  ep_steps=1000
[InvertedPendulum-v4] run=1 seed= 42 t=  177,553  ep=1745  ep_reward=  1000.00  ep_steps=1000
[InvertedPendulum-v4] run=1 seed= 42 t=  178,553  ep=1746  ep_reward=  1000.00  ep_steps=1000
[InvertedPendulum-v4] run=1 seed= 42 t=  179,553  ep=1747  ep_reward=  1000.00  ep_steps=1000
  *** Eval  t=  180,000  avg_reward=  1000.00  (10 eps)  elapsed=11.8min ***
[InvertedPendulum-v4] run=1 seed= 42 t=  180,553  ep=1748  ep_reward=  1000.00  ep_steps=1000
[InvertedPendulum-v4] run=1 seed= 42 t=  181,553  ep=1749  ep_reward=  1000.00  ep_steps=1000
[InvertedPendulum-v4] run=1 seed= 42 t=  182,553  ep=1750  ep_reward=  1000.00  ep_steps=1000
[InvertedPendulum-v4] run=1 seed= 42 t=  183,553  ep=1751  ep_reward=  1000.00  ep_steps=1000
[InvertedPendulum-v4] run=1 seed= 42 t=  184,553  ep=1752  ep_reward=  1000.00  ep_steps=1000
[InvertedPendulum-v4] run=1 seed= 42 t=  185,553  ep=1753  ep_reward=  1000.00  ep_steps=1000
[InvertedPendulum-v4] run=1 seed= 42 t=  186,553  ep=1754  ep_reward=  1000.00  ep_steps=1000
[InvertedPendulum-v4] run=1 seed= 42 t=  187,553  ep=1755  ep_reward=  1000.00  ep_steps=1000
[InvertedPendulum-v4] run=1 seed= 42 t=  188,553  ep=1756  ep_reward=  1000.00  ep_steps=1000
[InvertedPendulum-v4] run=1 seed= 42 t=  189,553  ep=1757  ep_reward=  1000.00  ep_steps=1000
  *** Eval  t=  190,000  avg_reward=  1000.00  (10 eps)  elapsed=12.5min ***
[InvertedPendulum-v4] run=1 seed= 42 t=  190,553  ep=1758  ep_reward=  1000.00  ep_steps=1000
[InvertedPendulum-v4] run=1 seed= 42 t=  191,553  ep=1759  ep_reward=  1000.00  ep_steps=1000
[InvertedPendulum-v4] run=1 seed= 42 t=  192,553  ep=1760  ep_reward=  1000.00  ep_steps=1000
[InvertedPendulum-v4] run=1 seed= 42 t=  193,553  ep=1761  ep_reward=  1000.00  ep_steps=1000
[InvertedPendulum-v4] run=1 seed= 42 t=  194,553  ep=1762  ep_reward=  1000.00  ep_steps=1000
[InvertedPendulum-v4] run=1 seed= 42 t=  195,553  ep=1763  ep_reward=  1000.00  ep_steps=1000
[InvertedPendulum-v4] run=1 seed= 42 t=  196,553  ep=1764  ep_reward=  1000.00  ep_steps=1000
[InvertedPendulum-v4] run=1 seed= 42 t=  197,553  ep=1765  ep_reward=  1000.00  ep_steps=1000
[InvertedPendulum-v4] run=1 seed= 42 t=  198,553  ep=1766  ep_reward=  1000.00  ep_steps=1000
[InvertedPendulum-v4] run=1 seed= 42 t=  199,553  ep=1767  ep_reward=  1000.00  ep_steps=1000
  *** Eval  t=  200,000  avg_reward=  1000.00  (10 eps)  elapsed=13.1min ***
[InvertedPendulum-v4] run=1 seed= 42 t=  200,553  ep=1768  ep_reward=  1000.00  ep_steps=1000
[InvertedPendulum-v4] run=1 seed= 42 t=  201,553  ep=1769  ep_reward=  1000.00  ep_steps=1000
[InvertedPendulum-v4] run=1 seed= 42 t=  202,553  ep=1770  ep_reward=  1000.00  ep_steps=1000
[InvertedPendulum-v4] run=1 seed= 42 t=  203,553  ep=1771  ep_reward=  1000.00  ep_steps=1000
[InvertedPendulum-v4] run=1 seed= 42 t=  204,553  ep=1772  ep_reward=  1000.00  ep_steps=1000
[InvertedPendulum-v4] run=1 seed= 42 t=  205,553  ep=1773  ep_reward=  1000.00  ep_steps=1000
[InvertedPendulum-v4] run=1 seed= 42 t=  206,553  ep=1774  ep_reward=  1000.00  ep_steps=1000
[InvertedPendulum-v4] run=1 seed= 42 t=  207,553  ep=1775  ep_reward=  1000.00  ep_steps=1000
[InvertedPendulum-v4] run=1 seed= 42 t=  208,553  ep=1776  ep_reward=  1000.00  ep_steps=1000
[InvertedPendulum-v4] run=1 seed= 42 t=  209,553  ep=1777  ep_reward=  1000.00  ep_steps=1000
  *** Eval  t=  210,000  avg_reward=  1000.00  (10 eps)  elapsed=13.8min ***
[InvertedPendulum-v4] run=1 seed= 42 t=  210,553  ep=1778  ep_reward=  1000.00  ep_steps=1000
[InvertedPendulum-v4] run=1 seed= 42 t=  211,553  ep=1779  ep_reward=  1000.00  ep_steps=1000
[InvertedPendulum-v4] run=1 seed= 42 t=  212,553  ep=1780  ep_reward=  1000.00  ep_steps=1000
[InvertedPendulum-v4] run=1 seed= 42 t=  213,553  ep=1781  ep_reward=  1000.00  ep_steps=1000
[InvertedPendulum-v4] run=1 seed= 42 t=  214,553  ep=1782  ep_reward=  1000.00  ep_steps=1000
[InvertedPendulum-v4] run=1 seed= 42 t=  215,553  ep=1783  ep_reward=  1000.00  ep_steps=1000
[InvertedPendulum-v4] run=1 seed= 42 t=  216,553  ep=1784  ep_reward=  1000.00  ep_steps=1000
[InvertedPendulum-v4] run=1 seed= 42 t=  217,553  ep=1785  ep_reward=  1000.00  ep_steps=1000
[InvertedPendulum-v4] run=1 seed= 42 t=  218,553  ep=1786  ep_reward=  1000.00  ep_steps=1000
[InvertedPendulum-v4] run=1 seed= 42 t=  219,553  ep=1787  ep_reward=  1000.00  ep_steps=1000
  *** Eval  t=  220,000  avg_reward=  1000.00  (10 eps)  elapsed=14.5min ***
[InvertedPendulum-v4] run=1 seed= 42 t=  220,553  ep=1788  ep_reward=  1000.00  ep_steps=1000
[InvertedPendulum-v4] run=1 seed= 42 t=  221,553  ep=1789  ep_reward=  1000.00  ep_steps=1000
[InvertedPendulum-v4] run=1 seed= 42 t=  222,553  ep=1790  ep_reward=  1000.00  ep_steps=1000
[InvertedPendulum-v4] run=1 seed= 42 t=  223,553  ep=1791  ep_reward=  1000.00  ep_steps=1000
[InvertedPendulum-v4] run=1 seed= 42 t=  224,553  ep=1792  ep_reward=  1000.00  ep_steps=1000
[InvertedPendulum-v4] run=1 seed= 42 t=  225,553  ep=1793  ep_reward=  1000.00  ep_steps=1000
[InvertedPendulum-v4] run=1 seed= 42 t=  226,553  ep=1794  ep_reward=  1000.00  ep_steps=1000
[InvertedPendulum-v4] run=1 seed= 42 t=  227,553  ep=1795  ep_reward=  1000.00  ep_steps=1000
[InvertedPendulum-v4] run=1 seed= 42 t=  228,553  ep=1796  ep_reward=  1000.00  ep_steps=1000
[InvertedPendulum-v4] run=1 seed= 42 t=  229,553  ep=1797  ep_reward=  1000.00  ep_steps=1000
  *** Eval  t=  230,000  avg_reward=  1000.00  (10 eps)  elapsed=15.2min ***
[InvertedPendulum-v4] run=1 seed= 42 t=  230,553  ep=1798  ep_reward=  1000.00  ep_steps=1000
[InvertedPendulum-v4] run=1 seed= 42 t=  231,553  ep=1799  ep_reward=  1000.00  ep_steps=1000
[InvertedPendulum-v4] run=1 seed= 42 t=  232,553  ep=1800  ep_reward=  1000.00  ep_steps=1000
[InvertedPendulum-v4] run=1 seed= 42 t=  233,553  ep=1801  ep_reward=  1000.00  ep_steps=1000
[InvertedPendulum-v4] run=1 seed= 42 t=  234,553  ep=1802  ep_reward=  1000.00  ep_steps=1000
[InvertedPendulum-v4] run=1 seed= 42 t=  235,553  ep=1803  ep_reward=  1000.00  ep_steps=1000
[InvertedPendulum-v4] run=1 seed= 42 t=  236,553  ep=1804  ep_reward=  1000.00  ep_steps=1000
[InvertedPendulum-v4] run=1 seed= 42 t=  237,553  ep=1805  ep_reward=  1000.00  ep_steps=1000
[InvertedPendulum-v4] run=1 seed= 42 t=  238,553  ep=1806  ep_reward=  1000.00  ep_steps=1000
[InvertedPendulum-v4] run=1 seed= 42 t=  239,553  ep=1807  ep_reward=  1000.00  ep_steps=1000
  *** Eval  t=  240,000  avg_reward=  1000.00  (10 eps)  elapsed=15.9min ***
[InvertedPendulum-v4] run=1 seed= 42 t=  240,553  ep=1808  ep_reward=  1000.00  ep_steps=1000
[InvertedPendulum-v4] run=1 seed= 42 t=  241,553  ep=1809  ep_reward=  1000.00  ep_steps=1000
[InvertedPendulum-v4] run=1 seed= 42 t=  242,553  ep=1810  ep_reward=  1000.00  ep_steps=1000
[InvertedPendulum-v4] run=1 seed= 42 t=  243,553  ep=1811  ep_reward=  1000.00  ep_steps=1000
[InvertedPendulum-v4] run=1 seed= 42 t=  244,553  ep=1812  ep_reward=  1000.00  ep_steps=1000
[InvertedPendulum-v4] run=1 seed= 42 t=  245,553  ep=1813  ep_reward=  1000.00  ep_steps=1000
[InvertedPendulum-v4] run=1 seed= 42 t=  246,553  ep=1814  ep_reward=  1000.00  ep_steps=1000
[InvertedPendulum-v4] run=1 seed= 42 t=  247,553  ep=1815  ep_reward=  1000.00  ep_steps=1000
[InvertedPendulum-v4] run=1 seed= 42 t=  248,553  ep=1816  ep_reward=  1000.00  ep_steps=1000
[InvertedPendulum-v4] run=1 seed= 42 t=  249,553  ep=1817  ep_reward=  1000.00  ep_steps=1000
  *** Eval  t=  250,000  avg_reward=  1000.00  (10 eps)  elapsed=16.6min ***
[InvertedPendulum-v4] run=1 seed= 42 t=  250,553  ep=1818  ep_reward=  1000.00  ep_steps=1000
[InvertedPendulum-v4] run=1 seed= 42 t=  251,553  ep=1819  ep_reward=  1000.00  ep_steps=1000
[InvertedPendulum-v4] run=1 seed= 42 t=  252,553  ep=1820  ep_reward=  1000.00  ep_steps=1000
[InvertedPendulum-v4] run=1 seed= 42 t=  253,553  ep=1821  ep_reward=  1000.00  ep_steps=1000
[InvertedPendulum-v4] run=1 seed= 42 t=  254,553  ep=1822  ep_reward=  1000.00  ep_steps=1000
[InvertedPendulum-v4] run=1 seed= 42 t=  255,553  ep=1823  ep_reward=  1000.00  ep_steps=1000
[InvertedPendulum-v4] run=1 seed= 42 t=  256,553  ep=1824  ep_reward=  1000.00  ep_steps=1000
[InvertedPendulum-v4] run=1 seed= 42 t=  257,553  ep=1825  ep_reward=  1000.00  ep_steps=1000
[InvertedPendulum-v4] run=1 seed= 42 t=  258,553  ep=1826  ep_reward=  1000.00  ep_steps=1000
[InvertedPendulum-v4] run=1 seed= 42 t=  259,553  ep=1827  ep_reward=  1000.00  ep_steps=1000
  *** Eval  t=  260,000  avg_reward=  1000.00  (10 eps)  elapsed=17.2min ***
[InvertedPendulum-v4] run=1 seed= 42 t=  260,553  ep=1828  ep_reward=  1000.00  ep_steps=1000
[InvertedPendulum-v4] run=1 seed= 42 t=  261,553  ep=1829  ep_reward=  1000.00  ep_steps=1000
[InvertedPendulum-v4] run=1 seed= 42 t=  262,553  ep=1830  ep_reward=  1000.00  ep_steps=1000
[InvertedPendulum-v4] run=1 seed= 42 t=  263,553  ep=1831  ep_reward=  1000.00  ep_steps=1000
[InvertedPendulum-v4] run=1 seed= 42 t=  264,553  ep=1832  ep_reward=  1000.00  ep_steps=1000
[InvertedPendulum-v4] run=1 seed= 42 t=  265,553  ep=1833  ep_reward=  1000.00  ep_steps=1000
[InvertedPendulum-v4] run=1 seed= 42 t=  266,553  ep=1834  ep_reward=  1000.00  ep_steps=1000
[InvertedPendulum-v4] run=1 seed= 42 t=  267,553  ep=1835  ep_reward=  1000.00  ep_steps=1000
[InvertedPendulum-v4] run=1 seed= 42 t=  268,553  ep=1836  ep_reward=  1000.00  ep_steps=1000
[InvertedPendulum-v4] run=1 seed= 42 t=  269,553  ep=1837  ep_reward=  1000.00  ep_steps=1000
  *** Eval  t=  270,000  avg_reward=  1000.00  (10 eps)  elapsed=17.9min ***
[InvertedPendulum-v4] run=1 seed= 42 t=  270,553  ep=1838  ep_reward=  1000.00  ep_steps=1000
[InvertedPendulum-v4] run=1 seed= 42 t=  271,553  ep=1839  ep_reward=  1000.00  ep_steps=1000
[InvertedPendulum-v4] run=1 seed= 42 t=  272,553  ep=1840  ep_reward=  1000.00  ep_steps=1000
[InvertedPendulum-v4] run=1 seed= 42 t=  273,553  ep=1841  ep_reward=  1000.00  ep_steps=1000
[InvertedPendulum-v4] run=1 seed= 42 t=  274,553  ep=1842  ep_reward=  1000.00  ep_steps=1000
[InvertedPendulum-v4] run=1 seed= 42 t=  275,553  ep=1843  ep_reward=  1000.00  ep_steps=1000
[InvertedPendulum-v4] run=1 seed= 42 t=  276,553  ep=1844  ep_reward=  1000.00  ep_steps=1000
[InvertedPendulum-v4] run=1 seed= 42 t=  277,553  ep=1845  ep_reward=  1000.00  ep_steps=1000
[InvertedPendulum-v4] run=1 seed= 42 t=  278,553  ep=1846  ep_reward=  1000.00  ep_steps=1000
[InvertedPendulum-v4] run=1 seed= 42 t=  279,553  ep=1847  ep_reward=  1000.00  ep_steps=1000
  *** Eval  t=  280,000  avg_reward=  1000.00  (10 eps)  elapsed=18.6min ***
[InvertedPendulum-v4] run=1 seed= 42 t=  280,553  ep=1848  ep_reward=  1000.00  ep_steps=1000
[InvertedPendulum-v4] run=1 seed= 42 t=  281,553  ep=1849  ep_reward=  1000.00  ep_steps=1000
[InvertedPendulum-v4] run=1 seed= 42 t=  282,553  ep=1850  ep_reward=  1000.00  ep_steps=1000
[InvertedPendulum-v4] run=1 seed= 42 t=  283,553  ep=1851  ep_reward=  1000.00  ep_steps=1000
[InvertedPendulum-v4] run=1 seed= 42 t=  284,553  ep=1852  ep_reward=  1000.00  ep_steps=1000
[InvertedPendulum-v4] run=1 seed= 42 t=  285,553  ep=1853  ep_reward=  1000.00  ep_steps=1000
[InvertedPendulum-v4] run=1 seed= 42 t=  286,553  ep=1854  ep_reward=  1000.00  ep_steps=1000
[InvertedPendulum-v4] run=1 seed= 42 t=  287,553  ep=1855  ep_reward=  1000.00  ep_steps=1000
[InvertedPendulum-v4] run=1 seed= 42 t=  288,553  ep=1856  ep_reward=  1000.00  ep_steps=1000
[InvertedPendulum-v4] run=1 seed= 42 t=  289,553  ep=1857  ep_reward=  1000.00  ep_steps=1000
  *** Eval  t=  290,000  avg_reward=  1000.00  (10 eps)  elapsed=19.3min ***
[InvertedPendulum-v4] run=1 seed= 42 t=  290,553  ep=1858  ep_reward=  1000.00  ep_steps=1000
[InvertedPendulum-v4] run=1 seed= 42 t=  291,553  ep=1859  ep_reward=  1000.00  ep_steps=1000
[InvertedPendulum-v4] run=1 seed= 42 t=  292,553  ep=1860  ep_reward=  1000.00  ep_steps=1000
[InvertedPendulum-v4] run=1 seed= 42 t=  293,553  ep=1861  ep_reward=  1000.00  ep_steps=1000
[InvertedPendulum-v4] run=1 seed= 42 t=  293,686  ep=1862  ep_reward=   133.00  ep_steps=133
[InvertedPendulum-v4] run=1 seed= 42 t=  294,686  ep=1863  ep_reward=  1000.00  ep_steps=1000
[InvertedPendulum-v4] run=1 seed= 42 t=  295,686  ep=1864  ep_reward=  1000.00  ep_steps=1000
[InvertedPendulum-v4] run=1 seed= 42 t=  296,686  ep=1865  ep_reward=  1000.00  ep_steps=1000
[InvertedPendulum-v4] run=1 seed= 42 t=  297,686  ep=1866  ep_reward=  1000.00  ep_steps=1000
[InvertedPendulum-v4] run=1 seed= 42 t=  298,686  ep=1867  ep_reward=  1000.00  ep_steps=1000
[InvertedPendulum-v4] run=1 seed= 42 t=  299,686  ep=1868  ep_reward=  1000.00  ep_steps=1000
  *** Eval  t=  300,000  avg_reward=  1000.00  (10 eps)  elapsed=20.0min ***
[InvertedPendulum-v4] run=1 seed= 42 t=  300,686  ep=1869  ep_reward=  1000.00  ep_steps=1000
[InvertedPendulum-v4] run=1 seed= 42 t=  301,686  ep=1870  ep_reward=  1000.00  ep_steps=1000
[InvertedPendulum-v4] run=1 seed= 42 t=  302,686  ep=1871  ep_reward=  1000.00  ep_steps=1000
[InvertedPendulum-v4] run=1 seed= 42 t=  303,686  ep=1872  ep_reward=  1000.00  ep_steps=1000
[InvertedPendulum-v4] run=1 seed= 42 t=  304,686  ep=1873  ep_reward=  1000.00  ep_steps=1000
[InvertedPendulum-v4] run=1 seed= 42 t=  305,686  ep=1874  ep_reward=  1000.00  ep_steps=1000
[InvertedPendulum-v4] run=1 seed= 42 t=  306,259  ep=1875  ep_reward=   573.00  ep_steps=573
[InvertedPendulum-v4] run=1 seed= 42 t=  306,396  ep=1876  ep_reward=   137.00  ep_steps=137
[InvertedPendulum-v4] run=1 seed= 42 t=  307,396  ep=1877  ep_reward=  1000.00  ep_steps=1000
[InvertedPendulum-v4] run=1 seed= 42 t=  308,396  ep=1878  ep_reward=  1000.00  ep_steps=1000
[InvertedPendulum-v4] run=1 seed= 42 t=  309,396  ep=1879  ep_reward=  1000.00  ep_steps=1000
  *** Eval  t=  310,000  avg_reward=  1000.00  (10 eps)  elapsed=20.7min ***
[InvertedPendulum-v4] run=1 seed= 42 t=  310,396  ep=1880  ep_reward=  1000.00  ep_steps=1000
[InvertedPendulum-v4] run=1 seed= 42 t=  311,396  ep=1881  ep_reward=  1000.00  ep_steps=1000
[InvertedPendulum-v4] run=1 seed= 42 t=  312,396  ep=1882  ep_reward=  1000.00  ep_steps=1000
[InvertedPendulum-v4] run=1 seed= 42 t=  313,396  ep=1883  ep_reward=  1000.00  ep_steps=1000
[InvertedPendulum-v4] run=1 seed= 42 t=  314,396  ep=1884  ep_reward=  1000.00  ep_steps=1000
[InvertedPendulum-v4] run=1 seed= 42 t=  315,396  ep=1885  ep_reward=  1000.00  ep_steps=1000
[InvertedPendulum-v4] run=1 seed= 42 t=  316,396  ep=1886  ep_reward=  1000.00  ep_steps=1000
[InvertedPendulum-v4] run=1 seed= 42 t=  317,396  ep=1887  ep_reward=  1000.00  ep_steps=1000
[InvertedPendulum-v4] run=1 seed= 42 t=  318,396  ep=1888  ep_reward=  1000.00  ep_steps=1000
[InvertedPendulum-v4] run=1 seed= 42 t=  319,396  ep=1889  ep_reward=  1000.00  ep_steps=1000
  *** Eval  t=  320,000  avg_reward=  1000.00  (10 eps)  elapsed=21.3min ***
[InvertedPendulum-v4] run=1 seed= 42 t=  320,396  ep=1890  ep_reward=  1000.00  ep_steps=1000
[InvertedPendulum-v4] run=1 seed= 42 t=  321,396  ep=1891  ep_reward=  1000.00  ep_steps=1000
[InvertedPendulum-v4] run=1 seed= 42 t=  321,518  ep=1892  ep_reward=   122.00  ep_steps=122
[InvertedPendulum-v4] run=1 seed= 42 t=  322,518  ep=1893  ep_reward=  1000.00  ep_steps=1000
[InvertedPendulum-v4] run=1 seed= 42 t=  322,636  ep=1894  ep_reward=   118.00  ep_steps=118
[InvertedPendulum-v4] run=1 seed= 42 t=  322,780  ep=1895  ep_reward=   144.00  ep_steps=144
[InvertedPendulum-v4] run=1 seed= 42 t=  322,905  ep=1896  ep_reward=   125.00  ep_steps=125
[InvertedPendulum-v4] run=1 seed= 42 t=  323,044  ep=1897  ep_reward=   139.00  ep_steps=139
[InvertedPendulum-v4] run=1 seed= 42 t=  323,136  ep=1898  ep_reward=    92.00  ep_steps=92
[InvertedPendulum-v4] run=1 seed= 42 t=  323,275  ep=1899  ep_reward=   139.00  ep_steps=139
[InvertedPendulum-v4] run=1 seed= 42 t=  323,410  ep=1900  ep_reward=   135.00  ep_steps=135
[InvertedPendulum-v4] run=1 seed= 42 t=  323,526  ep=1901  ep_reward=   116.00  ep_steps=116
[InvertedPendulum-v4] run=1 seed= 42 t=  323,614  ep=1902  ep_reward=    88.00  ep_steps=88
[InvertedPendulum-v4] run=1 seed= 42 t=  323,718  ep=1903  ep_reward=   104.00  ep_steps=104
[InvertedPendulum-v4] run=1 seed= 42 t=  323,810  ep=1904  ep_reward=    92.00  ep_steps=92
[InvertedPendulum-v4] run=1 seed= 42 t=  323,903  ep=1905  ep_reward=    93.00  ep_steps=93
[InvertedPendulum-v4] run=1 seed= 42 t=  324,003  ep=1906  ep_reward=   100.00  ep_steps=100
[InvertedPendulum-v4] run=1 seed= 42 t=  324,116  ep=1907  ep_reward=   113.00  ep_steps=113
[InvertedPendulum-v4] run=1 seed= 42 t=  324,219  ep=1908  ep_reward=   103.00  ep_steps=103
[InvertedPendulum-v4] run=1 seed= 42 t=  324,314  ep=1909  ep_reward=    95.00  ep_steps=95
[InvertedPendulum-v4] run=1 seed= 42 t=  324,398  ep=1910  ep_reward=    84.00  ep_steps=84
[InvertedPendulum-v4] run=1 seed= 42 t=  324,490  ep=1911  ep_reward=    92.00  ep_steps=92
[InvertedPendulum-v4] run=1 seed= 42 t=  324,585  ep=1912  ep_reward=    95.00  ep_steps=95
[InvertedPendulum-v4] run=1 seed= 42 t=  324,691  ep=1913  ep_reward=   106.00  ep_steps=106
[InvertedPendulum-v4] run=1 seed= 42 t=  324,785  ep=1914  ep_reward=    94.00  ep_steps=94
[InvertedPendulum-v4] run=1 seed= 42 t=  324,925  ep=1915  ep_reward=   140.00  ep_steps=140
[InvertedPendulum-v4] run=1 seed= 42 t=  325,113  ep=1916  ep_reward=   188.00  ep_steps=188
[InvertedPendulum-v4] run=1 seed= 42 t=  325,261  ep=1917  ep_reward=   148.00  ep_steps=148
[InvertedPendulum-v4] run=1 seed= 42 t=  325,368  ep=1918  ep_reward=   107.00  ep_steps=107
[InvertedPendulum-v4] run=1 seed= 42 t=  325,496  ep=1919  ep_reward=   128.00  ep_steps=128
[InvertedPendulum-v4] run=1 seed= 42 t=  325,583  ep=1920  ep_reward=    87.00  ep_steps=87
[InvertedPendulum-v4] run=1 seed= 42 t=  325,675  ep=1921  ep_reward=    92.00  ep_steps=92
[InvertedPendulum-v4] run=1 seed= 42 t=  325,762  ep=1922  ep_reward=    87.00  ep_steps=87
[InvertedPendulum-v4] run=1 seed= 42 t=  325,845  ep=1923  ep_reward=    83.00  ep_steps=83
[InvertedPendulum-v4] run=1 seed= 42 t=  325,941  ep=1924  ep_reward=    96.00  ep_steps=96
[InvertedPendulum-v4] run=1 seed= 42 t=  326,024  ep=1925  ep_reward=    83.00  ep_steps=83
[InvertedPendulum-v4] run=1 seed= 42 t=  326,120  ep=1926  ep_reward=    96.00  ep_steps=96
[InvertedPendulum-v4] run=1 seed= 42 t=  326,209  ep=1927  ep_reward=    89.00  ep_steps=89
[InvertedPendulum-v4] run=1 seed= 42 t=  326,306  ep=1928  ep_reward=    97.00  ep_steps=97
[InvertedPendulum-v4] run=1 seed= 42 t=  326,391  ep=1929  ep_reward=    85.00  ep_steps=85
[InvertedPendulum-v4] run=1 seed= 42 t=  326,482  ep=1930  ep_reward=    91.00  ep_steps=91
[InvertedPendulum-v4] run=1 seed= 42 t=  326,573  ep=1931  ep_reward=    91.00  ep_steps=91
[InvertedPendulum-v4] run=1 seed= 42 t=  326,659  ep=1932  ep_reward=    86.00  ep_steps=86
[InvertedPendulum-v4] run=1 seed= 42 t=  326,743  ep=1933  ep_reward=    84.00  ep_steps=84
[InvertedPendulum-v4] run=1 seed= 42 t=  326,830  ep=1934  ep_reward=    87.00  ep_steps=87
[InvertedPendulum-v4] run=1 seed= 42 t=  326,930  ep=1935  ep_reward=   100.00  ep_steps=100
[InvertedPendulum-v4] run=1 seed= 42 t=  327,034  ep=1936  ep_reward=   104.00  ep_steps=104
[InvertedPendulum-v4] run=1 seed= 42 t=  327,140  ep=1937  ep_reward=   106.00  ep_steps=106
[InvertedPendulum-v4] run=1 seed= 42 t=  327,238  ep=1938  ep_reward=    98.00  ep_steps=98
[InvertedPendulum-v4] run=1 seed= 42 t=  327,346  ep=1939  ep_reward=   108.00  ep_steps=108
[InvertedPendulum-v4] run=1 seed= 42 t=  327,489  ep=1940  ep_reward=   143.00  ep_steps=143
[InvertedPendulum-v4] run=1 seed= 42 t=  327,611  ep=1941  ep_reward=   122.00  ep_steps=122
[InvertedPendulum-v4] run=1 seed= 42 t=  327,704  ep=1942  ep_reward=    93.00  ep_steps=93
[InvertedPendulum-v4] run=1 seed= 42 t=  327,791  ep=1943  ep_reward=    87.00  ep_steps=87
[InvertedPendulum-v4] run=1 seed= 42 t=  327,879  ep=1944  ep_reward=    88.00  ep_steps=88
[InvertedPendulum-v4] run=1 seed= 42 t=  327,970  ep=1945  ep_reward=    91.00  ep_steps=91
[InvertedPendulum-v4] run=1 seed= 42 t=  328,060  ep=1946  ep_reward=    90.00  ep_steps=90
[InvertedPendulum-v4] run=1 seed= 42 t=  328,148  ep=1947  ep_reward=    88.00  ep_steps=88
[InvertedPendulum-v4] run=1 seed= 42 t=  328,291  ep=1948  ep_reward=   143.00  ep_steps=143
[InvertedPendulum-v4] run=1 seed= 42 t=  328,377  ep=1949  ep_reward=    86.00  ep_steps=86
[InvertedPendulum-v4] run=1 seed= 42 t=  328,510  ep=1950  ep_reward=   133.00  ep_steps=133
[InvertedPendulum-v4] run=1 seed= 42 t=  328,597  ep=1951  ep_reward=    87.00  ep_steps=87
[InvertedPendulum-v4] run=1 seed= 42 t=  328,731  ep=1952  ep_reward=   134.00  ep_steps=134
[InvertedPendulum-v4] run=1 seed= 42 t=  328,872  ep=1953  ep_reward=   141.00  ep_steps=141
[InvertedPendulum-v4] run=1 seed= 42 t=  329,872  ep=1954  ep_reward=  1000.00  ep_steps=1000
  *** Eval  t=  330,000  avg_reward=  1000.00  (10 eps)  elapsed=22.0min ***
[InvertedPendulum-v4] run=1 seed= 42 t=  330,872  ep=1955  ep_reward=  1000.00  ep_steps=1000
[InvertedPendulum-v4] run=1 seed= 42 t=  331,872  ep=1956  ep_reward=  1000.00  ep_steps=1000
[InvertedPendulum-v4] run=1 seed= 42 t=  332,872  ep=1957  ep_reward=  1000.00  ep_steps=1000
[InvertedPendulum-v4] run=1 seed= 42 t=  333,872  ep=1958  ep_reward=  1000.00  ep_steps=1000
[InvertedPendulum-v4] run=1 seed= 42 t=  334,872  ep=1959  ep_reward=  1000.00  ep_steps=1000
[InvertedPendulum-v4] run=1 seed= 42 t=  335,872  ep=1960  ep_reward=  1000.00  ep_steps=1000
[InvertedPendulum-v4] run=1 seed= 42 t=  336,872  ep=1961  ep_reward=  1000.00  ep_steps=1000
[InvertedPendulum-v4] run=1 seed= 42 t=  337,872  ep=1962  ep_reward=  1000.00  ep_steps=1000
[InvertedPendulum-v4] run=1 seed= 42 t=  338,872  ep=1963  ep_reward=  1000.00  ep_steps=1000
[InvertedPendulum-v4] run=1 seed= 42 t=  339,872  ep=1964  ep_reward=  1000.00  ep_steps=1000
[InvertedPendulum-v4] run=1 seed= 42 t=  339,875  ep=1965  ep_reward=     3.00  ep_steps=3
  *** Eval  t=  340,000  avg_reward=  1000.00  (10 eps)  elapsed=22.7min ***
[InvertedPendulum-v4] run=1 seed= 42 t=  340,875  ep=1966  ep_reward=  1000.00  ep_steps=1000
[InvertedPendulum-v4] run=1 seed= 42 t=  341,875  ep=1967  ep_reward=  1000.00  ep_steps=1000
[InvertedPendulum-v4] run=1 seed= 42 t=  342,875  ep=1968  ep_reward=  1000.00  ep_steps=1000
[InvertedPendulum-v4] run=1 seed= 42 t=  343,875  ep=1969  ep_reward=  1000.00  ep_steps=1000
[InvertedPendulum-v4] run=1 seed= 42 t=  344,875  ep=1970  ep_reward=  1000.00  ep_steps=1000
[InvertedPendulum-v4] run=1 seed= 42 t=  345,875  ep=1971  ep_reward=  1000.00  ep_steps=1000
[InvertedPendulum-v4] run=1 seed= 42 t=  346,875  ep=1972  ep_reward=  1000.00  ep_steps=1000
[InvertedPendulum-v4] run=1 seed= 42 t=  347,875  ep=1973  ep_reward=  1000.00  ep_steps=1000
[InvertedPendulum-v4] run=1 seed= 42 t=  348,875  ep=1974  ep_reward=  1000.00  ep_steps=1000
[InvertedPendulum-v4] run=1 seed= 42 t=  349,875  ep=1975  ep_reward=  1000.00  ep_steps=1000
  *** Eval  t=  350,000  avg_reward=  1000.00  (10 eps)  elapsed=23.4min ***
[InvertedPendulum-v4] run=1 seed= 42 t=  350,875  ep=1976  ep_reward=  1000.00  ep_steps=1000
[InvertedPendulum-v4] run=1 seed= 42 t=  351,875  ep=1977  ep_reward=  1000.00  ep_steps=1000
[InvertedPendulum-v4] run=1 seed= 42 t=  352,875  ep=1978  ep_reward=  1000.00  ep_steps=1000
[InvertedPendulum-v4] run=1 seed= 42 t=  353,875  ep=1979  ep_reward=  1000.00  ep_steps=1000
[InvertedPendulum-v4] run=1 seed= 42 t=  354,875  ep=1980  ep_reward=  1000.00  ep_steps=1000
[InvertedPendulum-v4] run=1 seed= 42 t=  355,875  ep=1981  ep_reward=  1000.00  ep_steps=1000
[InvertedPendulum-v4] run=1 seed= 42 t=  356,875  ep=1982  ep_reward=  1000.00  ep_steps=1000
[InvertedPendulum-v4] run=1 seed= 42 t=  357,875  ep=1983  ep_reward=  1000.00  ep_steps=1000
[InvertedPendulum-v4] run=1 seed= 42 t=  358,875  ep=1984  ep_reward=  1000.00  ep_steps=1000
[InvertedPendulum-v4] run=1 seed= 42 t=  359,875  ep=1985  ep_reward=  1000.00  ep_steps=1000
  *** Eval  t=  360,000  avg_reward=  1000.00  (10 eps)  elapsed=24.1min ***
[InvertedPendulum-v4] run=1 seed= 42 t=  360,875  ep=1986  ep_reward=  1000.00  ep_steps=1000
[InvertedPendulum-v4] run=1 seed= 42 t=  361,875  ep=1987  ep_reward=  1000.00  ep_steps=1000
[InvertedPendulum-v4] run=1 seed= 42 t=  362,875  ep=1988  ep_reward=  1000.00  ep_steps=1000
[InvertedPendulum-v4] run=1 seed= 42 t=  363,875  ep=1989  ep_reward=  1000.00  ep_steps=1000
[InvertedPendulum-v4] run=1 seed= 42 t=  364,875  ep=1990  ep_reward=  1000.00  ep_steps=1000
[InvertedPendulum-v4] run=1 seed= 42 t=  365,875  ep=1991  ep_reward=  1000.00  ep_steps=1000
[InvertedPendulum-v4] run=1 seed= 42 t=  366,875  ep=1992  ep_reward=  1000.00  ep_steps=1000
[InvertedPendulum-v4] run=1 seed= 42 t=  367,875  ep=1993  ep_reward=  1000.00  ep_steps=1000
[InvertedPendulum-v4] run=1 seed= 42 t=  368,875  ep=1994  ep_reward=  1000.00  ep_steps=1000
[InvertedPendulum-v4] run=1 seed= 42 t=  369,875  ep=1995  ep_reward=  1000.00  ep_steps=1000
[InvertedPendulum-v4] run=1 seed= 42 t=  369,879  ep=1996  ep_reward=     4.00  ep_steps=4
  *** Eval  t=  370,000  avg_reward=  1000.00  (10 eps)  elapsed=24.8min ***
[InvertedPendulum-v4] run=1 seed= 42 t=  370,879  ep=1997  ep_reward=  1000.00  ep_steps=1000
[InvertedPendulum-v4] run=1 seed= 42 t=  371,879  ep=1998  ep_reward=  1000.00  ep_steps=1000
[InvertedPendulum-v4] run=1 seed= 42 t=  372,879  ep=1999  ep_reward=  1000.00  ep_steps=1000
[InvertedPendulum-v4] run=1 seed= 42 t=  373,879  ep=2000  ep_reward=  1000.00  ep_steps=1000
[InvertedPendulum-v4] run=1 seed= 42 t=  374,879  ep=2001  ep_reward=  1000.00  ep_steps=1000
[InvertedPendulum-v4] run=1 seed= 42 t=  375,879  ep=2002  ep_reward=  1000.00  ep_steps=1000
[InvertedPendulum-v4] run=1 seed= 42 t=  376,879  ep=2003  ep_reward=  1000.00  ep_steps=1000
[InvertedPendulum-v4] run=1 seed= 42 t=  377,879  ep=2004  ep_reward=  1000.00  ep_steps=1000
[InvertedPendulum-v4] run=1 seed= 42 t=  378,879  ep=2005  ep_reward=  1000.00  ep_steps=1000
[InvertedPendulum-v4] run=1 seed= 42 t=  379,879  ep=2006  ep_reward=  1000.00  ep_steps=1000
  *** Eval  t=  380,000  avg_reward=  1000.00  (10 eps)  elapsed=25.5min ***
[InvertedPendulum-v4] run=1 seed= 42 t=  380,879  ep=2007  ep_reward=  1000.00  ep_steps=1000
[InvertedPendulum-v4] run=1 seed= 42 t=  381,879  ep=2008  ep_reward=  1000.00  ep_steps=1000
[InvertedPendulum-v4] run=1 seed= 42 t=  382,879  ep=2009  ep_reward=  1000.00  ep_steps=1000
[InvertedPendulum-v4] run=1 seed= 42 t=  383,879  ep=2010  ep_reward=  1000.00  ep_steps=1000
[InvertedPendulum-v4] run=1 seed= 42 t=  384,879  ep=2011  ep_reward=  1000.00  ep_steps=1000
[InvertedPendulum-v4] run=1 seed= 42 t=  385,879  ep=2012  ep_reward=  1000.00  ep_steps=1000
[InvertedPendulum-v4] run=1 seed= 42 t=  386,879  ep=2013  ep_reward=  1000.00  ep_steps=1000
[InvertedPendulum-v4] run=1 seed= 42 t=  387,879  ep=2014  ep_reward=  1000.00  ep_steps=1000
[InvertedPendulum-v4] run=1 seed= 42 t=  388,879  ep=2015  ep_reward=  1000.00  ep_steps=1000
[InvertedPendulum-v4] run=1 seed= 42 t=  389,879  ep=2016  ep_reward=  1000.00  ep_steps=1000
  *** Eval  t=  390,000  avg_reward=  1000.00  (10 eps)  elapsed=26.1min ***
[InvertedPendulum-v4] run=1 seed= 42 t=  390,879  ep=2017  ep_reward=  1000.00  ep_steps=1000
[InvertedPendulum-v4] run=1 seed= 42 t=  391,879  ep=2018  ep_reward=  1000.00  ep_steps=1000
[InvertedPendulum-v4] run=1 seed= 42 t=  392,879  ep=2019  ep_reward=  1000.00  ep_steps=1000
[InvertedPendulum-v4] run=1 seed= 42 t=  393,879  ep=2020  ep_reward=  1000.00  ep_steps=1000
[InvertedPendulum-v4] run=1 seed= 42 t=  394,879  ep=2021  ep_reward=  1000.00  ep_steps=1000
[InvertedPendulum-v4] run=1 seed= 42 t=  395,879  ep=2022  ep_reward=  1000.00  ep_steps=1000
[InvertedPendulum-v4] run=1 seed= 42 t=  396,879  ep=2023  ep_reward=  1000.00  ep_steps=1000
[InvertedPendulum-v4] run=1 seed= 42 t=  397,879  ep=2024  ep_reward=  1000.00  ep_steps=1000
[InvertedPendulum-v4] run=1 seed= 42 t=  398,879  ep=2025  ep_reward=  1000.00  ep_steps=1000
[InvertedPendulum-v4] run=1 seed= 42 t=  399,879  ep=2026  ep_reward=  1000.00  ep_steps=1000
  *** Eval  t=  400,000  avg_reward=  1000.00  (10 eps)  elapsed=26.8min ***
[InvertedPendulum-v4] run=1 seed= 42 t=  400,879  ep=2027  ep_reward=  1000.00  ep_steps=1000
[InvertedPendulum-v4] run=1 seed= 42 t=  401,879  ep=2028  ep_reward=  1000.00  ep_steps=1000
[InvertedPendulum-v4] run=1 seed= 42 t=  402,879  ep=2029  ep_reward=  1000.00  ep_steps=1000
[InvertedPendulum-v4] run=1 seed= 42 t=  403,879  ep=2030  ep_reward=  1000.00  ep_steps=1000
[InvertedPendulum-v4] run=1 seed= 42 t=  404,879  ep=2031  ep_reward=  1000.00  ep_steps=1000
[InvertedPendulum-v4] run=1 seed= 42 t=  405,879  ep=2032  ep_reward=  1000.00  ep_steps=1000
[InvertedPendulum-v4] run=1 seed= 42 t=  406,879  ep=2033  ep_reward=  1000.00  ep_steps=1000
[InvertedPendulum-v4] run=1 seed= 42 t=  407,879  ep=2034  ep_reward=  1000.00  ep_steps=1000
[InvertedPendulum-v4] run=1 seed= 42 t=  408,879  ep=2035  ep_reward=  1000.00  ep_steps=1000
[InvertedPendulum-v4] run=1 seed= 42 t=  409,879  ep=2036  ep_reward=  1000.00  ep_steps=1000
  *** Eval  t=  410,000  avg_reward=  1000.00  (10 eps)  elapsed=27.5min ***
[InvertedPendulum-v4] run=1 seed= 42 t=  410,879  ep=2037  ep_reward=  1000.00  ep_steps=1000
[InvertedPendulum-v4] run=1 seed= 42 t=  411,879  ep=2038  ep_reward=  1000.00  ep_steps=1000
[InvertedPendulum-v4] run=1 seed= 42 t=  412,879  ep=2039  ep_reward=  1000.00  ep_steps=1000
[InvertedPendulum-v4] run=1 seed= 42 t=  413,879  ep=2040  ep_reward=  1000.00  ep_steps=1000
[InvertedPendulum-v4] run=1 seed= 42 t=  414,879  ep=2041  ep_reward=  1000.00  ep_steps=1000
[InvertedPendulum-v4] run=1 seed= 42 t=  415,879  ep=2042  ep_reward=  1000.00  ep_steps=1000
[InvertedPendulum-v4] run=1 seed= 42 t=  416,879  ep=2043  ep_reward=  1000.00  ep_steps=1000
[InvertedPendulum-v4] run=1 seed= 42 t=  417,879  ep=2044  ep_reward=  1000.00  ep_steps=1000
[InvertedPendulum-v4] run=1 seed= 42 t=  418,879  ep=2045  ep_reward=  1000.00  ep_steps=1000
[InvertedPendulum-v4] run=1 seed= 42 t=  419,879  ep=2046  ep_reward=  1000.00  ep_steps=1000
  *** Eval  t=  420,000  avg_reward=  1000.00  (10 eps)  elapsed=28.2min ***
[InvertedPendulum-v4] run=1 seed= 42 t=  420,879  ep=2047  ep_reward=  1000.00  ep_steps=1000
[InvertedPendulum-v4] run=1 seed= 42 t=  421,879  ep=2048  ep_reward=  1000.00  ep_steps=1000
[InvertedPendulum-v4] run=1 seed= 42 t=  422,879  ep=2049  ep_reward=  1000.00  ep_steps=1000
[InvertedPendulum-v4] run=1 seed= 42 t=  423,879  ep=2050  ep_reward=  1000.00  ep_steps=1000
[InvertedPendulum-v4] run=1 seed= 42 t=  424,879  ep=2051  ep_reward=  1000.00  ep_steps=1000
[InvertedPendulum-v4] run=1 seed= 42 t=  425,879  ep=2052  ep_reward=  1000.00  ep_steps=1000
[InvertedPendulum-v4] run=1 seed= 42 t=  426,879  ep=2053  ep_reward=  1000.00  ep_steps=1000
[InvertedPendulum-v4] run=1 seed= 42 t=  427,879  ep=2054  ep_reward=  1000.00  ep_steps=1000
[InvertedPendulum-v4] run=1 seed= 42 t=  428,879  ep=2055  ep_reward=  1000.00  ep_steps=1000
[InvertedPendulum-v4] run=1 seed= 42 t=  429,879  ep=2056  ep_reward=  1000.00  ep_steps=1000
  *** Eval  t=  430,000  avg_reward=  1000.00  (10 eps)  elapsed=28.9min ***
[InvertedPendulum-v4] run=1 seed= 42 t=  430,879  ep=2057  ep_reward=  1000.00  ep_steps=1000
[InvertedPendulum-v4] run=1 seed= 42 t=  431,879  ep=2058  ep_reward=  1000.00  ep_steps=1000
[InvertedPendulum-v4] run=1 seed= 42 t=  432,879  ep=2059  ep_reward=  1000.00  ep_steps=1000
[InvertedPendulum-v4] run=1 seed= 42 t=  433,879  ep=2060  ep_reward=  1000.00  ep_steps=1000
[InvertedPendulum-v4] run=1 seed= 42 t=  434,879  ep=2061  ep_reward=  1000.00  ep_steps=1000
[InvertedPendulum-v4] run=1 seed= 42 t=  435,879  ep=2062  ep_reward=  1000.00  ep_steps=1000
[InvertedPendulum-v4] run=1 seed= 42 t=  436,879  ep=2063  ep_reward=  1000.00  ep_steps=1000
[InvertedPendulum-v4] run=1 seed= 42 t=  437,879  ep=2064  ep_reward=  1000.00  ep_steps=1000
[InvertedPendulum-v4] run=1 seed= 42 t=  438,879  ep=2065  ep_reward=  1000.00  ep_steps=1000
[InvertedPendulum-v4] run=1 seed= 42 t=  439,879  ep=2066  ep_reward=  1000.00  ep_steps=1000
  *** Eval  t=  440,000  avg_reward=  1000.00  (10 eps)  elapsed=29.6min ***
[InvertedPendulum-v4] run=1 seed= 42 t=  440,879  ep=2067  ep_reward=  1000.00  ep_steps=1000
[InvertedPendulum-v4] run=1 seed= 42 t=  441,879  ep=2068  ep_reward=  1000.00  ep_steps=1000
[InvertedPendulum-v4] run=1 seed= 42 t=  442,879  ep=2069  ep_reward=  1000.00  ep_steps=1000
[InvertedPendulum-v4] run=1 seed= 42 t=  443,879  ep=2070  ep_reward=  1000.00  ep_steps=1000
[InvertedPendulum-v4] run=1 seed= 42 t=  444,879  ep=2071  ep_reward=  1000.00  ep_steps=1000
[InvertedPendulum-v4] run=1 seed= 42 t=  445,879  ep=2072  ep_reward=  1000.00  ep_steps=1000
[InvertedPendulum-v4] run=1 seed= 42 t=  446,879  ep=2073  ep_reward=  1000.00  ep_steps=1000
[InvertedPendulum-v4] run=1 seed= 42 t=  447,879  ep=2074  ep_reward=  1000.00  ep_steps=1000
[InvertedPendulum-v4] run=1 seed= 42 t=  448,879  ep=2075  ep_reward=  1000.00  ep_steps=1000
[InvertedPendulum-v4] run=1 seed= 42 t=  449,879  ep=2076  ep_reward=  1000.00  ep_steps=1000
  *** Eval  t=  450,000  avg_reward=  1000.00  (10 eps)  elapsed=30.2min ***
[InvertedPendulum-v4] run=1 seed= 42 t=  450,879  ep=2077  ep_reward=  1000.00  ep_steps=1000
[InvertedPendulum-v4] run=1 seed= 42 t=  451,879  ep=2078  ep_reward=  1000.00  ep_steps=1000
[InvertedPendulum-v4] run=1 seed= 42 t=  452,879  ep=2079  ep_reward=  1000.00  ep_steps=1000
[InvertedPendulum-v4] run=1 seed= 42 t=  453,879  ep=2080  ep_reward=  1000.00  ep_steps=1000
[InvertedPendulum-v4] run=1 seed= 42 t=  454,879  ep=2081  ep_reward=  1000.00  ep_steps=1000
[InvertedPendulum-v4] run=1 seed= 42 t=  455,879  ep=2082  ep_reward=  1000.00  ep_steps=1000
[InvertedPendulum-v4] run=1 seed= 42 t=  456,879  ep=2083  ep_reward=  1000.00  ep_steps=1000
[InvertedPendulum-v4] run=1 seed= 42 t=  457,879  ep=2084  ep_reward=  1000.00  ep_steps=1000
[InvertedPendulum-v4] run=1 seed= 42 t=  458,879  ep=2085  ep_reward=  1000.00  ep_steps=1000
[InvertedPendulum-v4] run=1 seed= 42 t=  459,879  ep=2086  ep_reward=  1000.00  ep_steps=1000
  *** Eval  t=  460,000  avg_reward=  1000.00  (10 eps)  elapsed=30.9min ***
[InvertedPendulum-v4] run=1 seed= 42 t=  460,879  ep=2087  ep_reward=  1000.00  ep_steps=1000
[InvertedPendulum-v4] run=1 seed= 42 t=  461,879  ep=2088  ep_reward=  1000.00  ep_steps=1000
[InvertedPendulum-v4] run=1 seed= 42 t=  462,879  ep=2089  ep_reward=  1000.00  ep_steps=1000
[InvertedPendulum-v4] run=1 seed= 42 t=  463,879  ep=2090  ep_reward=  1000.00  ep_steps=1000
[InvertedPendulum-v4] run=1 seed= 42 t=  464,879  ep=2091  ep_reward=  1000.00  ep_steps=1000
[InvertedPendulum-v4] run=1 seed= 42 t=  465,879  ep=2092  ep_reward=  1000.00  ep_steps=1000
[InvertedPendulum-v4] run=1 seed= 42 t=  466,879  ep=2093  ep_reward=  1000.00  ep_steps=1000
[InvertedPendulum-v4] run=1 seed= 42 t=  467,879  ep=2094  ep_reward=  1000.00  ep_steps=1000
[InvertedPendulum-v4] run=1 seed= 42 t=  468,879  ep=2095  ep_reward=  1000.00  ep_steps=1000
[InvertedPendulum-v4] run=1 seed= 42 t=  469,879  ep=2096  ep_reward=  1000.00  ep_steps=1000
  *** Eval  t=  470,000  avg_reward=  1000.00  (10 eps)  elapsed=31.6min ***
[InvertedPendulum-v4] run=1 seed= 42 t=  470,879  ep=2097  ep_reward=  1000.00  ep_steps=1000
[InvertedPendulum-v4] run=1 seed= 42 t=  471,879  ep=2098  ep_reward=  1000.00  ep_steps=1000
[InvertedPendulum-v4] run=1 seed= 42 t=  472,879  ep=2099  ep_reward=  1000.00  ep_steps=1000
[InvertedPendulum-v4] run=1 seed= 42 t=  473,879  ep=2100  ep_reward=  1000.00  ep_steps=1000
[InvertedPendulum-v4] run=1 seed= 42 t=  474,879  ep=2101  ep_reward=  1000.00  ep_steps=1000
[InvertedPendulum-v4] run=1 seed= 42 t=  475,879  ep=2102  ep_reward=  1000.00  ep_steps=1000
[InvertedPendulum-v4] run=1 seed= 42 t=  476,879  ep=2103  ep_reward=  1000.00  ep_steps=1000
[InvertedPendulum-v4] run=1 seed= 42 t=  477,879  ep=2104  ep_reward=  1000.00  ep_steps=1000
[InvertedPendulum-v4] run=1 seed= 42 t=  478,879  ep=2105  ep_reward=  1000.00  ep_steps=1000
[InvertedPendulum-v4] run=1 seed= 42 t=  479,879  ep=2106  ep_reward=  1000.00  ep_steps=1000
  *** Eval  t=  480,000  avg_reward=  1000.00  (10 eps)  elapsed=32.3min ***
[InvertedPendulum-v4] run=1 seed= 42 t=  480,879  ep=2107  ep_reward=  1000.00  ep_steps=1000
[InvertedPendulum-v4] run=1 seed= 42 t=  481,879  ep=2108  ep_reward=  1000.00  ep_steps=1000
[InvertedPendulum-v4] run=1 seed= 42 t=  482,879  ep=2109  ep_reward=  1000.00  ep_steps=1000
[InvertedPendulum-v4] run=1 seed= 42 t=  483,879  ep=2110  ep_reward=  1000.00  ep_steps=1000
[InvertedPendulum-v4] run=1 seed= 42 t=  484,879  ep=2111  ep_reward=  1000.00  ep_steps=1000
[InvertedPendulum-v4] run=1 seed= 42 t=  485,879  ep=2112  ep_reward=  1000.00  ep_steps=1000
[InvertedPendulum-v4] run=1 seed= 42 t=  486,879  ep=2113  ep_reward=  1000.00  ep_steps=1000
[InvertedPendulum-v4] run=1 seed= 42 t=  487,879  ep=2114  ep_reward=  1000.00  ep_steps=1000
[InvertedPendulum-v4] run=1 seed= 42 t=  488,879  ep=2115  ep_reward=  1000.00  ep_steps=1000
[InvertedPendulum-v4] run=1 seed= 42 t=  489,879  ep=2116  ep_reward=  1000.00  ep_steps=1000
  *** Eval  t=  490,000  avg_reward=  1000.00  (10 eps)  elapsed=33.0min ***
[InvertedPendulum-v4] run=1 seed= 42 t=  490,879  ep=2117  ep_reward=  1000.00  ep_steps=1000
[InvertedPendulum-v4] run=1 seed= 42 t=  491,879  ep=2118  ep_reward=  1000.00  ep_steps=1000
[InvertedPendulum-v4] run=1 seed= 42 t=  492,879  ep=2119  ep_reward=  1000.00  ep_steps=1000
[InvertedPendulum-v4] run=1 seed= 42 t=  493,879  ep=2120  ep_reward=  1000.00  ep_steps=1000
[InvertedPendulum-v4] run=1 seed= 42 t=  494,879  ep=2121  ep_reward=  1000.00  ep_steps=1000
[InvertedPendulum-v4] run=1 seed= 42 t=  495,879  ep=2122  ep_reward=  1000.00  ep_steps=1000
[InvertedPendulum-v4] run=1 seed= 42 t=  496,879  ep=2123  ep_reward=  1000.00  ep_steps=1000
[InvertedPendulum-v4] run=1 seed= 42 t=  497,879  ep=2124  ep_reward=  1000.00  ep_steps=1000
[InvertedPendulum-v4] run=1 seed= 42 t=  498,879  ep=2125  ep_reward=  1000.00  ep_steps=1000
[InvertedPendulum-v4] run=1 seed= 42 t=  499,879  ep=2126  ep_reward=  1000.00  ep_steps=1000
  *** Eval  t=  500,000  avg_reward=  1000.00  (10 eps)  elapsed=33.7min ***
[InvertedPendulum-v4] run=1 seed= 42 t=  500,879  ep=2127  ep_reward=  1000.00  ep_steps=1000
[InvertedPendulum-v4] run=1 seed= 42 t=  501,879  ep=2128  ep_reward=  1000.00  ep_steps=1000
[InvertedPendulum-v4] run=1 seed= 42 t=  502,879  ep=2129  ep_reward=  1000.00  ep_steps=1000
[InvertedPendulum-v4] run=1 seed= 42 t=  503,879  ep=2130  ep_reward=  1000.00  ep_steps=1000
[InvertedPendulum-v4] run=1 seed= 42 t=  504,879  ep=2131  ep_reward=  1000.00  ep_steps=1000
[InvertedPendulum-v4] run=1 seed= 42 t=  505,879  ep=2132  ep_reward=  1000.00  ep_steps=1000
[InvertedPendulum-v4] run=1 seed= 42 t=  506,879  ep=2133  ep_reward=  1000.00  ep_steps=1000
[InvertedPendulum-v4] run=1 seed= 42 t=  507,879  ep=2134  ep_reward=  1000.00  ep_steps=1000
[InvertedPendulum-v4] run=1 seed= 42 t=  508,879  ep=2135  ep_reward=  1000.00  ep_steps=1000
[InvertedPendulum-v4] run=1 seed= 42 t=  509,879  ep=2136  ep_reward=  1000.00  ep_steps=1000
  *** Eval  t=  510,000  avg_reward=  1000.00  (10 eps)  elapsed=34.4min ***
[InvertedPendulum-v4] run=1 seed= 42 t=  510,879  ep=2137  ep_reward=  1000.00  ep_steps=1000
[InvertedPendulum-v4] run=1 seed= 42 t=  511,879  ep=2138  ep_reward=  1000.00  ep_steps=1000
[InvertedPendulum-v4] run=1 seed= 42 t=  512,879  ep=2139  ep_reward=  1000.00  ep_steps=1000
[InvertedPendulum-v4] run=1 seed= 42 t=  513,879  ep=2140  ep_reward=  1000.00  ep_steps=1000
[InvertedPendulum-v4] run=1 seed= 42 t=  514,879  ep=2141  ep_reward=  1000.00  ep_steps=1000
[InvertedPendulum-v4] run=1 seed= 42 t=  515,879  ep=2142  ep_reward=  1000.00  ep_steps=1000
[InvertedPendulum-v4] run=1 seed= 42 t=  516,879  ep=2143  ep_reward=  1000.00  ep_steps=1000
[InvertedPendulum-v4] run=1 seed= 42 t=  517,879  ep=2144  ep_reward=  1000.00  ep_steps=1000
[InvertedPendulum-v4] run=1 seed= 42 t=  518,879  ep=2145  ep_reward=  1000.00  ep_steps=1000
[InvertedPendulum-v4] run=1 seed= 42 t=  519,879  ep=2146  ep_reward=  1000.00  ep_steps=1000
  *** Eval  t=  520,000  avg_reward=  1000.00  (10 eps)  elapsed=35.0min ***
[InvertedPendulum-v4] run=1 seed= 42 t=  520,879  ep=2147  ep_reward=  1000.00  ep_steps=1000
[InvertedPendulum-v4] run=1 seed= 42 t=  521,879  ep=2148  ep_reward=  1000.00  ep_steps=1000
[InvertedPendulum-v4] run=1 seed= 42 t=  522,879  ep=2149  ep_reward=  1000.00  ep_steps=1000
[InvertedPendulum-v4] run=1 seed= 42 t=  523,879  ep=2150  ep_reward=  1000.00  ep_steps=1000
[InvertedPendulum-v4] run=1 seed= 42 t=  524,879  ep=2151  ep_reward=  1000.00  ep_steps=1000
[InvertedPendulum-v4] run=1 seed= 42 t=  525,879  ep=2152  ep_reward=  1000.00  ep_steps=1000
[InvertedPendulum-v4] run=1 seed= 42 t=  526,879  ep=2153  ep_reward=  1000.00  ep_steps=1000
[InvertedPendulum-v4] run=1 seed= 42 t=  527,879  ep=2154  ep_reward=  1000.00  ep_steps=1000
[InvertedPendulum-v4] run=1 seed= 42 t=  528,879  ep=2155  ep_reward=  1000.00  ep_steps=1000
[InvertedPendulum-v4] run=1 seed= 42 t=  529,879  ep=2156  ep_reward=  1000.00  ep_steps=1000
  *** Eval  t=  530,000  avg_reward=  1000.00  (10 eps)  elapsed=35.7min ***
[InvertedPendulum-v4] run=1 seed= 42 t=  530,879  ep=2157  ep_reward=  1000.00  ep_steps=1000
[InvertedPendulum-v4] run=1 seed= 42 t=  531,879  ep=2158  ep_reward=  1000.00  ep_steps=1000
[InvertedPendulum-v4] run=1 seed= 42 t=  532,879  ep=2159  ep_reward=  1000.00  ep_steps=1000
[InvertedPendulum-v4] run=1 seed= 42 t=  533,879  ep=2160  ep_reward=  1000.00  ep_steps=1000
[InvertedPendulum-v4] run=1 seed= 42 t=  534,879  ep=2161  ep_reward=  1000.00  ep_steps=1000
[InvertedPendulum-v4] run=1 seed= 42 t=  535,879  ep=2162  ep_reward=  1000.00  ep_steps=1000
[InvertedPendulum-v4] run=1 seed= 42 t=  536,879  ep=2163  ep_reward=  1000.00  ep_steps=1000
[InvertedPendulum-v4] run=1 seed= 42 t=  537,879  ep=2164  ep_reward=  1000.00  ep_steps=1000
[InvertedPendulum-v4] run=1 seed= 42 t=  538,879  ep=2165  ep_reward=  1000.00  ep_steps=1000
[InvertedPendulum-v4] run=1 seed= 42 t=  539,879  ep=2166  ep_reward=  1000.00  ep_steps=1000
  *** Eval  t=  540,000  avg_reward=  1000.00  (10 eps)  elapsed=36.4min ***
[InvertedPendulum-v4] run=1 seed= 42 t=  540,879  ep=2167  ep_reward=  1000.00  ep_steps=1000
[InvertedPendulum-v4] run=1 seed= 42 t=  541,879  ep=2168  ep_reward=  1000.00  ep_steps=1000
[InvertedPendulum-v4] run=1 seed= 42 t=  542,879  ep=2169  ep_reward=  1000.00  ep_steps=1000
[InvertedPendulum-v4] run=1 seed= 42 t=  543,879  ep=2170  ep_reward=  1000.00  ep_steps=1000
[InvertedPendulum-v4] run=1 seed= 42 t=  544,879  ep=2171  ep_reward=  1000.00  ep_steps=1000
[InvertedPendulum-v4] run=1 seed= 42 t=  545,879  ep=2172  ep_reward=  1000.00  ep_steps=1000
[InvertedPendulum-v4] run=1 seed= 42 t=  546,879  ep=2173  ep_reward=  1000.00  ep_steps=1000
[InvertedPendulum-v4] run=1 seed= 42 t=  547,879  ep=2174  ep_reward=  1000.00  ep_steps=1000
[InvertedPendulum-v4] run=1 seed= 42 t=  548,879  ep=2175  ep_reward=  1000.00  ep_steps=1000
[InvertedPendulum-v4] run=1 seed= 42 t=  549,879  ep=2176  ep_reward=  1000.00  ep_steps=1000
  *** Eval  t=  550,000  avg_reward=  1000.00  (10 eps)  elapsed=37.1min ***
[InvertedPendulum-v4] run=1 seed= 42 t=  550,879  ep=2177  ep_reward=  1000.00  ep_steps=1000
[InvertedPendulum-v4] run=1 seed= 42 t=  551,879  ep=2178  ep_reward=  1000.00  ep_steps=1000
[InvertedPendulum-v4] run=1 seed= 42 t=  552,879  ep=2179  ep_reward=  1000.00  ep_steps=1000
[InvertedPendulum-v4] run=1 seed= 42 t=  553,879  ep=2180  ep_reward=  1000.00  ep_steps=1000
[InvertedPendulum-v4] run=1 seed= 42 t=  554,879  ep=2181  ep_reward=  1000.00  ep_steps=1000
[InvertedPendulum-v4] run=1 seed= 42 t=  555,879  ep=2182  ep_reward=  1000.00  ep_steps=1000
[InvertedPendulum-v4] run=1 seed= 42 t=  556,879  ep=2183  ep_reward=  1000.00  ep_steps=1000
[InvertedPendulum-v4] run=1 seed= 42 t=  557,879  ep=2184  ep_reward=  1000.00  ep_steps=1000
[InvertedPendulum-v4] run=1 seed= 42 t=  558,879  ep=2185  ep_reward=  1000.00  ep_steps=1000
[InvertedPendulum-v4] run=1 seed= 42 t=  559,879  ep=2186  ep_reward=  1000.00  ep_steps=1000
  *** Eval  t=  560,000  avg_reward=  1000.00  (10 eps)  elapsed=37.8min ***
[InvertedPendulum-v4] run=1 seed= 42 t=  560,879  ep=2187  ep_reward=  1000.00  ep_steps=1000
[InvertedPendulum-v4] run=1 seed= 42 t=  561,879  ep=2188  ep_reward=  1000.00  ep_steps=1000
[InvertedPendulum-v4] run=1 seed= 42 t=  562,879  ep=2189  ep_reward=  1000.00  ep_steps=1000
[InvertedPendulum-v4] run=1 seed= 42 t=  563,879  ep=2190  ep_reward=  1000.00  ep_steps=1000
[InvertedPendulum-v4] run=1 seed= 42 t=  564,879  ep=2191  ep_reward=  1000.00  ep_steps=1000
[InvertedPendulum-v4] run=1 seed= 42 t=  565,879  ep=2192  ep_reward=  1000.00  ep_steps=1000
[InvertedPendulum-v4] run=1 seed= 42 t=  566,879  ep=2193  ep_reward=  1000.00  ep_steps=1000
[InvertedPendulum-v4] run=1 seed= 42 t=  567,879  ep=2194  ep_reward=  1000.00  ep_steps=1000
[InvertedPendulum-v4] run=1 seed= 42 t=  568,879  ep=2195  ep_reward=  1000.00  ep_steps=1000
[InvertedPendulum-v4] run=1 seed= 42 t=  569,879  ep=2196  ep_reward=  1000.00  ep_steps=1000
  *** Eval  t=  570,000  avg_reward=  1000.00  (10 eps)  elapsed=38.5min ***
[InvertedPendulum-v4] run=1 seed= 42 t=  570,879  ep=2197  ep_reward=  1000.00  ep_steps=1000
[InvertedPendulum-v4] run=1 seed= 42 t=  571,879  ep=2198  ep_reward=  1000.00  ep_steps=1000
[InvertedPendulum-v4] run=1 seed= 42 t=  572,879  ep=2199  ep_reward=  1000.00  ep_steps=1000
[InvertedPendulum-v4] run=1 seed= 42 t=  573,879  ep=2200  ep_reward=  1000.00  ep_steps=1000
[InvertedPendulum-v4] run=1 seed= 42 t=  574,879  ep=2201  ep_reward=  1000.00  ep_steps=1000
[InvertedPendulum-v4] run=1 seed= 42 t=  575,879  ep=2202  ep_reward=  1000.00  ep_steps=1000
[InvertedPendulum-v4] run=1 seed= 42 t=  576,879  ep=2203  ep_reward=  1000.00  ep_steps=1000
[InvertedPendulum-v4] run=1 seed= 42 t=  577,879  ep=2204  ep_reward=  1000.00  ep_steps=1000
[InvertedPendulum-v4] run=1 seed= 42 t=  578,879  ep=2205  ep_reward=  1000.00  ep_steps=1000
[InvertedPendulum-v4] run=1 seed= 42 t=  579,879  ep=2206  ep_reward=  1000.00  ep_steps=1000
  *** Eval  t=  580,000  avg_reward=  1000.00  (10 eps)  elapsed=39.2min ***
[InvertedPendulum-v4] run=1 seed= 42 t=  580,879  ep=2207  ep_reward=  1000.00  ep_steps=1000
[InvertedPendulum-v4] run=1 seed= 42 t=  581,879  ep=2208  ep_reward=  1000.00  ep_steps=1000
[InvertedPendulum-v4] run=1 seed= 42 t=  582,879  ep=2209  ep_reward=  1000.00  ep_steps=1000
[InvertedPendulum-v4] run=1 seed= 42 t=  583,879  ep=2210  ep_reward=  1000.00  ep_steps=1000
[InvertedPendulum-v4] run=1 seed= 42 t=  584,879  ep=2211  ep_reward=  1000.00  ep_steps=1000
[InvertedPendulum-v4] run=1 seed= 42 t=  585,879  ep=2212  ep_reward=  1000.00  ep_steps=1000
[InvertedPendulum-v4] run=1 seed= 42 t=  586,879  ep=2213  ep_reward=  1000.00  ep_steps=1000
[InvertedPendulum-v4] run=1 seed= 42 t=  587,879  ep=2214  ep_reward=  1000.00  ep_steps=1000
[InvertedPendulum-v4] run=1 seed= 42 t=  588,879  ep=2215  ep_reward=  1000.00  ep_steps=1000
[InvertedPendulum-v4] run=1 seed= 42 t=  589,879  ep=2216  ep_reward=  1000.00  ep_steps=1000
  *** Eval  t=  590,000  avg_reward=  1000.00  (10 eps)  elapsed=39.9min ***
[InvertedPendulum-v4] run=1 seed= 42 t=  590,879  ep=2217  ep_reward=  1000.00  ep_steps=1000
[InvertedPendulum-v4] run=1 seed= 42 t=  591,879  ep=2218  ep_reward=  1000.00  ep_steps=1000
[InvertedPendulum-v4] run=1 seed= 42 t=  592,879  ep=2219  ep_reward=  1000.00  ep_steps=1000
[InvertedPendulum-v4] run=1 seed= 42 t=  593,879  ep=2220  ep_reward=  1000.00  ep_steps=1000
[InvertedPendulum-v4] run=1 seed= 42 t=  594,879  ep=2221  ep_reward=  1000.00  ep_steps=1000
[InvertedPendulum-v4] run=1 seed= 42 t=  595,879  ep=2222  ep_reward=  1000.00  ep_steps=1000
[InvertedPendulum-v4] run=1 seed= 42 t=  596,879  ep=2223  ep_reward=  1000.00  ep_steps=1000
[InvertedPendulum-v4] run=1 seed= 42 t=  597,879  ep=2224  ep_reward=  1000.00  ep_steps=1000
[InvertedPendulum-v4] run=1 seed= 42 t=  598,879  ep=2225  ep_reward=  1000.00  ep_steps=1000
[InvertedPendulum-v4] run=1 seed= 42 t=  599,879  ep=2226  ep_reward=  1000.00  ep_steps=1000
  *** Eval  t=  600,000  avg_reward=  1000.00  (10 eps)  elapsed=40.6min ***
[InvertedPendulum-v4] run=1 seed= 42 t=  600,879  ep=2227  ep_reward=  1000.00  ep_steps=1000
[InvertedPendulum-v4] run=1 seed= 42 t=  601,879  ep=2228  ep_reward=  1000.00  ep_steps=1000
[InvertedPendulum-v4] run=1 seed= 42 t=  602,879  ep=2229  ep_reward=  1000.00  ep_steps=1000
[InvertedPendulum-v4] run=1 seed= 42 t=  603,879  ep=2230  ep_reward=  1000.00  ep_steps=1000
[InvertedPendulum-v4] run=1 seed= 42 t=  604,879  ep=2231  ep_reward=  1000.00  ep_steps=1000
[InvertedPendulum-v4] run=1 seed= 42 t=  605,879  ep=2232  ep_reward=  1000.00  ep_steps=1000
[InvertedPendulum-v4] run=1 seed= 42 t=  606,879  ep=2233  ep_reward=  1000.00  ep_steps=1000
[InvertedPendulum-v4] run=1 seed= 42 t=  607,879  ep=2234  ep_reward=  1000.00  ep_steps=1000
[InvertedPendulum-v4] run=1 seed= 42 t=  608,879  ep=2235  ep_reward=  1000.00  ep_steps=1000
[InvertedPendulum-v4] run=1 seed= 42 t=  609,879  ep=2236  ep_reward=  1000.00  ep_steps=1000
  *** Eval  t=  610,000  avg_reward=  1000.00  (10 eps)  elapsed=41.3min ***
[InvertedPendulum-v4] run=1 seed= 42 t=  610,879  ep=2237  ep_reward=  1000.00  ep_steps=1000
[InvertedPendulum-v4] run=1 seed= 42 t=  611,879  ep=2238  ep_reward=  1000.00  ep_steps=1000
[InvertedPendulum-v4] run=1 seed= 42 t=  612,879  ep=2239  ep_reward=  1000.00  ep_steps=1000
[InvertedPendulum-v4] run=1 seed= 42 t=  613,879  ep=2240  ep_reward=  1000.00  ep_steps=1000
[InvertedPendulum-v4] run=1 seed= 42 t=  614,879  ep=2241  ep_reward=  1000.00  ep_steps=1000
[InvertedPendulum-v4] run=1 seed= 42 t=  615,879  ep=2242  ep_reward=  1000.00  ep_steps=1000
[InvertedPendulum-v4] run=1 seed= 42 t=  616,879  ep=2243  ep_reward=  1000.00  ep_steps=1000
[InvertedPendulum-v4] run=1 seed= 42 t=  617,879  ep=2244  ep_reward=  1000.00  ep_steps=1000
[InvertedPendulum-v4] run=1 seed= 42 t=  618,879  ep=2245  ep_reward=  1000.00  ep_steps=1000
[InvertedPendulum-v4] run=1 seed= 42 t=  619,879  ep=2246  ep_reward=  1000.00  ep_steps=1000
  *** Eval  t=  620,000  avg_reward=  1000.00  (10 eps)  elapsed=41.9min ***
[InvertedPendulum-v4] run=1 seed= 42 t=  620,879  ep=2247  ep_reward=  1000.00  ep_steps=1000
[InvertedPendulum-v4] run=1 seed= 42 t=  621,879  ep=2248  ep_reward=  1000.00  ep_steps=1000
[InvertedPendulum-v4] run=1 seed= 42 t=  622,879  ep=2249  ep_reward=  1000.00  ep_steps=1000
[InvertedPendulum-v4] run=1 seed= 42 t=  623,879  ep=2250  ep_reward=  1000.00  ep_steps=1000
[InvertedPendulum-v4] run=1 seed= 42 t=  624,879  ep=2251  ep_reward=  1000.00  ep_steps=1000
[InvertedPendulum-v4] run=1 seed= 42 t=  625,879  ep=2252  ep_reward=  1000.00  ep_steps=1000
[InvertedPendulum-v4] run=1 seed= 42 t=  626,879  ep=2253  ep_reward=  1000.00  ep_steps=1000
[InvertedPendulum-v4] run=1 seed= 42 t=  627,879  ep=2254  ep_reward=  1000.00  ep_steps=1000
[InvertedPendulum-v4] run=1 seed= 42 t=  628,879  ep=2255  ep_reward=  1000.00  ep_steps=1000
[InvertedPendulum-v4] run=1 seed= 42 t=  629,879  ep=2256  ep_reward=  1000.00  ep_steps=1000
  *** Eval  t=  630,000  avg_reward=  1000.00  (10 eps)  elapsed=42.6min ***
[InvertedPendulum-v4] run=1 seed= 42 t=  630,879  ep=2257  ep_reward=  1000.00  ep_steps=1000
[InvertedPendulum-v4] run=1 seed= 42 t=  631,879  ep=2258  ep_reward=  1000.00  ep_steps=1000
[InvertedPendulum-v4] run=1 seed= 42 t=  632,879  ep=2259  ep_reward=  1000.00  ep_steps=1000
[InvertedPendulum-v4] run=1 seed= 42 t=  633,879  ep=2260  ep_reward=  1000.00  ep_steps=1000
[InvertedPendulum-v4] run=1 seed= 42 t=  634,879  ep=2261  ep_reward=  1000.00  ep_steps=1000
[InvertedPendulum-v4] run=1 seed= 42 t=  635,879  ep=2262  ep_reward=  1000.00  ep_steps=1000
[InvertedPendulum-v4] run=1 seed= 42 t=  636,879  ep=2263  ep_reward=  1000.00  ep_steps=1000
[InvertedPendulum-v4] run=1 seed= 42 t=  637,879  ep=2264  ep_reward=  1000.00  ep_steps=1000
[InvertedPendulum-v4] run=1 seed= 42 t=  638,879  ep=2265  ep_reward=  1000.00  ep_steps=1000
[InvertedPendulum-v4] run=1 seed= 42 t=  639,879  ep=2266  ep_reward=  1000.00  ep_steps=1000
  *** Eval  t=  640,000  avg_reward=  1000.00  (10 eps)  elapsed=43.3min ***
[InvertedPendulum-v4] run=1 seed= 42 t=  640,879  ep=2267  ep_reward=  1000.00  ep_steps=1000
[InvertedPendulum-v4] run=1 seed= 42 t=  641,879  ep=2268  ep_reward=  1000.00  ep_steps=1000
[InvertedPendulum-v4] run=1 seed= 42 t=  642,879  ep=2269  ep_reward=  1000.00  ep_steps=1000
[InvertedPendulum-v4] run=1 seed= 42 t=  643,879  ep=2270  ep_reward=  1000.00  ep_steps=1000
[InvertedPendulum-v4] run=1 seed= 42 t=  644,879  ep=2271  ep_reward=  1000.00  ep_steps=1000
[InvertedPendulum-v4] run=1 seed= 42 t=  645,879  ep=2272  ep_reward=  1000.00  ep_steps=1000
[InvertedPendulum-v4] run=1 seed= 42 t=  646,879  ep=2273  ep_reward=  1000.00  ep_steps=1000
[InvertedPendulum-v4] run=1 seed= 42 t=  647,879  ep=2274  ep_reward=  1000.00  ep_steps=1000
[InvertedPendulum-v4] run=1 seed= 42 t=  648,879  ep=2275  ep_reward=  1000.00  ep_steps=1000
[InvertedPendulum-v4] run=1 seed= 42 t=  649,879  ep=2276  ep_reward=  1000.00  ep_steps=1000
  *** Eval  t=  650,000  avg_reward=  1000.00  (10 eps)  elapsed=44.0min ***
[InvertedPendulum-v4] run=1 seed= 42 t=  650,879  ep=2277  ep_reward=  1000.00  ep_steps=1000
[InvertedPendulum-v4] run=1 seed= 42 t=  651,879  ep=2278  ep_reward=  1000.00  ep_steps=1000
[InvertedPendulum-v4] run=1 seed= 42 t=  652,879  ep=2279  ep_reward=  1000.00  ep_steps=1000
[InvertedPendulum-v4] run=1 seed= 42 t=  653,879  ep=2280  ep_reward=  1000.00  ep_steps=1000
[InvertedPendulum-v4] run=1 seed= 42 t=  654,879  ep=2281  ep_reward=  1000.00  ep_steps=1000
[InvertedPendulum-v4] run=1 seed= 42 t=  655,879  ep=2282  ep_reward=  1000.00  ep_steps=1000
[InvertedPendulum-v4] run=1 seed= 42 t=  656,879  ep=2283  ep_reward=  1000.00  ep_steps=1000
[InvertedPendulum-v4] run=1 seed= 42 t=  657,879  ep=2284  ep_reward=  1000.00  ep_steps=1000
[InvertedPendulum-v4] run=1 seed= 42 t=  658,879  ep=2285  ep_reward=  1000.00  ep_steps=1000
[InvertedPendulum-v4] run=1 seed= 42 t=  659,879  ep=2286  ep_reward=  1000.00  ep_steps=1000
  *** Eval  t=  660,000  avg_reward=  1000.00  (10 eps)  elapsed=44.7min ***
[InvertedPendulum-v4] run=1 seed= 42 t=  660,879  ep=2287  ep_reward=  1000.00  ep_steps=1000
[InvertedPendulum-v4] run=1 seed= 42 t=  661,879  ep=2288  ep_reward=  1000.00  ep_steps=1000
[InvertedPendulum-v4] run=1 seed= 42 t=  662,879  ep=2289  ep_reward=  1000.00  ep_steps=1000
[InvertedPendulum-v4] run=1 seed= 42 t=  663,879  ep=2290  ep_reward=  1000.00  ep_steps=1000
[InvertedPendulum-v4] run=1 seed= 42 t=  664,879  ep=2291  ep_reward=  1000.00  ep_steps=1000
[InvertedPendulum-v4] run=1 seed= 42 t=  665,879  ep=2292  ep_reward=  1000.00  ep_steps=1000
[InvertedPendulum-v4] run=1 seed= 42 t=  666,879  ep=2293  ep_reward=  1000.00  ep_steps=1000
[InvertedPendulum-v4] run=1 seed= 42 t=  667,879  ep=2294  ep_reward=  1000.00  ep_steps=1000
[InvertedPendulum-v4] run=1 seed= 42 t=  668,879  ep=2295  ep_reward=  1000.00  ep_steps=1000
[InvertedPendulum-v4] run=1 seed= 42 t=  669,879  ep=2296  ep_reward=  1000.00  ep_steps=1000
  *** Eval  t=  670,000  avg_reward=  1000.00  (10 eps)  elapsed=45.4min ***
[InvertedPendulum-v4] run=1 seed= 42 t=  670,879  ep=2297  ep_reward=  1000.00  ep_steps=1000
[InvertedPendulum-v4] run=1 seed= 42 t=  671,879  ep=2298  ep_reward=  1000.00  ep_steps=1000
[InvertedPendulum-v4] run=1 seed= 42 t=  672,879  ep=2299  ep_reward=  1000.00  ep_steps=1000
[InvertedPendulum-v4] run=1 seed= 42 t=  673,879  ep=2300  ep_reward=  1000.00  ep_steps=1000
[InvertedPendulum-v4] run=1 seed= 42 t=  674,879  ep=2301  ep_reward=  1000.00  ep_steps=1000
[InvertedPendulum-v4] run=1 seed= 42 t=  675,879  ep=2302  ep_reward=  1000.00  ep_steps=1000
[InvertedPendulum-v4] run=1 seed= 42 t=  676,879  ep=2303  ep_reward=  1000.00  ep_steps=1000
[InvertedPendulum-v4] run=1 seed= 42 t=  677,879  ep=2304  ep_reward=  1000.00  ep_steps=1000
[InvertedPendulum-v4] run=1 seed= 42 t=  678,879  ep=2305  ep_reward=  1000.00  ep_steps=1000
[InvertedPendulum-v4] run=1 seed= 42 t=  679,879  ep=2306  ep_reward=  1000.00  ep_steps=1000
  *** Eval  t=  680,000  avg_reward=  1000.00  (10 eps)  elapsed=46.1min ***
[InvertedPendulum-v4] run=1 seed= 42 t=  680,879  ep=2307  ep_reward=  1000.00  ep_steps=1000
[InvertedPendulum-v4] run=1 seed= 42 t=  681,879  ep=2308  ep_reward=  1000.00  ep_steps=1000
[InvertedPendulum-v4] run=1 seed= 42 t=  682,879  ep=2309  ep_reward=  1000.00  ep_steps=1000
[InvertedPendulum-v4] run=1 seed= 42 t=  683,879  ep=2310  ep_reward=  1000.00  ep_steps=1000
[InvertedPendulum-v4] run=1 seed= 42 t=  684,879  ep=2311  ep_reward=  1000.00  ep_steps=1000
[InvertedPendulum-v4] run=1 seed= 42 t=  685,879  ep=2312  ep_reward=  1000.00  ep_steps=1000
[InvertedPendulum-v4] run=1 seed= 42 t=  686,879  ep=2313  ep_reward=  1000.00  ep_steps=1000
[InvertedPendulum-v4] run=1 seed= 42 t=  687,879  ep=2314  ep_reward=  1000.00  ep_steps=1000
[InvertedPendulum-v4] run=1 seed= 42 t=  688,879  ep=2315  ep_reward=  1000.00  ep_steps=1000
[InvertedPendulum-v4] run=1 seed= 42 t=  689,879  ep=2316  ep_reward=  1000.00  ep_steps=1000
  *** Eval  t=  690,000  avg_reward=  1000.00  (10 eps)  elapsed=46.7min ***
[InvertedPendulum-v4] run=1 seed= 42 t=  690,879  ep=2317  ep_reward=  1000.00  ep_steps=1000
[InvertedPendulum-v4] run=1 seed= 42 t=  691,879  ep=2318  ep_reward=  1000.00  ep_steps=1000
[InvertedPendulum-v4] run=1 seed= 42 t=  692,879  ep=2319  ep_reward=  1000.00  ep_steps=1000
[InvertedPendulum-v4] run=1 seed= 42 t=  693,879  ep=2320  ep_reward=  1000.00  ep_steps=1000
[InvertedPendulum-v4] run=1 seed= 42 t=  694,879  ep=2321  ep_reward=  1000.00  ep_steps=1000
[InvertedPendulum-v4] run=1 seed= 42 t=  695,879  ep=2322  ep_reward=  1000.00  ep_steps=1000
[InvertedPendulum-v4] run=1 seed= 42 t=  696,879  ep=2323  ep_reward=  1000.00  ep_steps=1000
[InvertedPendulum-v4] run=1 seed= 42 t=  697,879  ep=2324  ep_reward=  1000.00  ep_steps=1000
[InvertedPendulum-v4] run=1 seed= 42 t=  698,879  ep=2325  ep_reward=  1000.00  ep_steps=1000
[InvertedPendulum-v4] run=1 seed= 42 t=  699,879  ep=2326  ep_reward=  1000.00  ep_steps=1000
  *** Eval  t=  700,000  avg_reward=  1000.00  (10 eps)  elapsed=47.4min ***
[InvertedPendulum-v4] run=1 seed= 42 t=  700,879  ep=2327  ep_reward=  1000.00  ep_steps=1000
[InvertedPendulum-v4] run=1 seed= 42 t=  701,879  ep=2328  ep_reward=  1000.00  ep_steps=1000
[InvertedPendulum-v4] run=1 seed= 42 t=  702,879  ep=2329  ep_reward=  1000.00  ep_steps=1000
[InvertedPendulum-v4] run=1 seed= 42 t=  703,879  ep=2330  ep_reward=  1000.00  ep_steps=1000
[InvertedPendulum-v4] run=1 seed= 42 t=  704,879  ep=2331  ep_reward=  1000.00  ep_steps=1000
[InvertedPendulum-v4] run=1 seed= 42 t=  705,879  ep=2332  ep_reward=  1000.00  ep_steps=1000
[InvertedPendulum-v4] run=1 seed= 42 t=  706,879  ep=2333  ep_reward=  1000.00  ep_steps=1000
[InvertedPendulum-v4] run=1 seed= 42 t=  707,879  ep=2334  ep_reward=  1000.00  ep_steps=1000
[InvertedPendulum-v4] run=1 seed= 42 t=  708,879  ep=2335  ep_reward=  1000.00  ep_steps=1000
[InvertedPendulum-v4] run=1 seed= 42 t=  709,879  ep=2336  ep_reward=  1000.00  ep_steps=1000
  *** Eval  t=  710,000  avg_reward=  1000.00  (10 eps)  elapsed=48.1min ***
[InvertedPendulum-v4] run=1 seed= 42 t=  710,879  ep=2337  ep_reward=  1000.00  ep_steps=1000
[InvertedPendulum-v4] run=1 seed= 42 t=  711,879  ep=2338  ep_reward=  1000.00  ep_steps=1000
[InvertedPendulum-v4] run=1 seed= 42 t=  712,879  ep=2339  ep_reward=  1000.00  ep_steps=1000
[InvertedPendulum-v4] run=1 seed= 42 t=  713,879  ep=2340  ep_reward=  1000.00  ep_steps=1000
[InvertedPendulum-v4] run=1 seed= 42 t=  714,879  ep=2341  ep_reward=  1000.00  ep_steps=1000
[InvertedPendulum-v4] run=1 seed= 42 t=  715,879  ep=2342  ep_reward=  1000.00  ep_steps=1000
[InvertedPendulum-v4] run=1 seed= 42 t=  716,879  ep=2343  ep_reward=  1000.00  ep_steps=1000
[InvertedPendulum-v4] run=1 seed= 42 t=  717,879  ep=2344  ep_reward=  1000.00  ep_steps=1000
[InvertedPendulum-v4] run=1 seed= 42 t=  718,879  ep=2345  ep_reward=  1000.00  ep_steps=1000
[InvertedPendulum-v4] run=1 seed= 42 t=  719,879  ep=2346  ep_reward=  1000.00  ep_steps=1000
  *** Eval  t=  720,000  avg_reward=  1000.00  (10 eps)  elapsed=48.8min ***
[InvertedPendulum-v4] run=1 seed= 42 t=  720,879  ep=2347  ep_reward=  1000.00  ep_steps=1000
[InvertedPendulum-v4] run=1 seed= 42 t=  721,879  ep=2348  ep_reward=  1000.00  ep_steps=1000
[InvertedPendulum-v4] run=1 seed= 42 t=  722,879  ep=2349  ep_reward=  1000.00  ep_steps=1000
[InvertedPendulum-v4] run=1 seed= 42 t=  723,879  ep=2350  ep_reward=  1000.00  ep_steps=1000
[InvertedPendulum-v4] run=1 seed= 42 t=  724,879  ep=2351  ep_reward=  1000.00  ep_steps=1000
[InvertedPendulum-v4] run=1 seed= 42 t=  725,879  ep=2352  ep_reward=  1000.00  ep_steps=1000
[InvertedPendulum-v4] run=1 seed= 42 t=  726,879  ep=2353  ep_reward=  1000.00  ep_steps=1000
[InvertedPendulum-v4] run=1 seed= 42 t=  727,879  ep=2354  ep_reward=  1000.00  ep_steps=1000
[InvertedPendulum-v4] run=1 seed= 42 t=  728,879  ep=2355  ep_reward=  1000.00  ep_steps=1000
[InvertedPendulum-v4] run=1 seed= 42 t=  729,879  ep=2356  ep_reward=  1000.00  ep_steps=1000
  *** Eval  t=  730,000  avg_reward=  1000.00  (10 eps)  elapsed=49.5min ***
[InvertedPendulum-v4] run=1 seed= 42 t=  730,879  ep=2357  ep_reward=  1000.00  ep_steps=1000
[InvertedPendulum-v4] run=1 seed= 42 t=  731,879  ep=2358  ep_reward=  1000.00  ep_steps=1000
[InvertedPendulum-v4] run=1 seed= 42 t=  732,879  ep=2359  ep_reward=  1000.00  ep_steps=1000
[InvertedPendulum-v4] run=1 seed= 42 t=  733,879  ep=2360  ep_reward=  1000.00  ep_steps=1000
[InvertedPendulum-v4] run=1 seed= 42 t=  734,879  ep=2361  ep_reward=  1000.00  ep_steps=1000
[InvertedPendulum-v4] run=1 seed= 42 t=  735,879  ep=2362  ep_reward=  1000.00  ep_steps=1000
[InvertedPendulum-v4] run=1 seed= 42 t=  736,879  ep=2363  ep_reward=  1000.00  ep_steps=1000
[InvertedPendulum-v4] run=1 seed= 42 t=  737,879  ep=2364  ep_reward=  1000.00  ep_steps=1000
[InvertedPendulum-v4] run=1 seed= 42 t=  738,879  ep=2365  ep_reward=  1000.00  ep_steps=1000
[InvertedPendulum-v4] run=1 seed= 42 t=  739,879  ep=2366  ep_reward=  1000.00  ep_steps=1000
  *** Eval  t=  740,000  avg_reward=  1000.00  (10 eps)  elapsed=50.2min ***
[InvertedPendulum-v4] run=1 seed= 42 t=  740,879  ep=2367  ep_reward=  1000.00  ep_steps=1000
[InvertedPendulum-v4] run=1 seed= 42 t=  741,879  ep=2368  ep_reward=  1000.00  ep_steps=1000
[InvertedPendulum-v4] run=1 seed= 42 t=  742,879  ep=2369  ep_reward=  1000.00  ep_steps=1000
[InvertedPendulum-v4] run=1 seed= 42 t=  743,879  ep=2370  ep_reward=  1000.00  ep_steps=1000
[InvertedPendulum-v4] run=1 seed= 42 t=  744,879  ep=2371  ep_reward=  1000.00  ep_steps=1000
[InvertedPendulum-v4] run=1 seed= 42 t=  745,879  ep=2372  ep_reward=  1000.00  ep_steps=1000
[InvertedPendulum-v4] run=1 seed= 42 t=  746,879  ep=2373  ep_reward=  1000.00  ep_steps=1000
[InvertedPendulum-v4] run=1 seed= 42 t=  747,879  ep=2374  ep_reward=  1000.00  ep_steps=1000
[InvertedPendulum-v4] run=1 seed= 42 t=  748,879  ep=2375  ep_reward=  1000.00  ep_steps=1000
[InvertedPendulum-v4] run=1 seed= 42 t=  749,879  ep=2376  ep_reward=  1000.00  ep_steps=1000
  *** Eval  t=  750,000  avg_reward=  1000.00  (10 eps)  elapsed=50.9min ***
[InvertedPendulum-v4] run=1 seed= 42 t=  750,879  ep=2377  ep_reward=  1000.00  ep_steps=1000
[InvertedPendulum-v4] run=1 seed= 42 t=  751,879  ep=2378  ep_reward=  1000.00  ep_steps=1000
[InvertedPendulum-v4] run=1 seed= 42 t=  752,879  ep=2379  ep_reward=  1000.00  ep_steps=1000
[InvertedPendulum-v4] run=1 seed= 42 t=  753,879  ep=2380  ep_reward=  1000.00  ep_steps=1000
[InvertedPendulum-v4] run=1 seed= 42 t=  754,879  ep=2381  ep_reward=  1000.00  ep_steps=1000
[InvertedPendulum-v4] run=1 seed= 42 t=  755,879  ep=2382  ep_reward=  1000.00  ep_steps=1000
[InvertedPendulum-v4] run=1 seed= 42 t=  756,879  ep=2383  ep_reward=  1000.00  ep_steps=1000
[InvertedPendulum-v4] run=1 seed= 42 t=  757,879  ep=2384  ep_reward=  1000.00  ep_steps=1000
[InvertedPendulum-v4] run=1 seed= 42 t=  758,879  ep=2385  ep_reward=  1000.00  ep_steps=1000
[InvertedPendulum-v4] run=1 seed= 42 t=  759,879  ep=2386  ep_reward=  1000.00  ep_steps=1000
  *** Eval  t=  760,000  avg_reward=  1000.00  (10 eps)  elapsed=51.5min ***
[InvertedPendulum-v4] run=1 seed= 42 t=  760,879  ep=2387  ep_reward=  1000.00  ep_steps=1000
[InvertedPendulum-v4] run=1 seed= 42 t=  761,879  ep=2388  ep_reward=  1000.00  ep_steps=1000
[InvertedPendulum-v4] run=1 seed= 42 t=  762,879  ep=2389  ep_reward=  1000.00  ep_steps=1000
[InvertedPendulum-v4] run=1 seed= 42 t=  763,879  ep=2390  ep_reward=  1000.00  ep_steps=1000
[InvertedPendulum-v4] run=1 seed= 42 t=  764,879  ep=2391  ep_reward=  1000.00  ep_steps=1000
[InvertedPendulum-v4] run=1 seed= 42 t=  765,879  ep=2392  ep_reward=  1000.00  ep_steps=1000
[InvertedPendulum-v4] run=1 seed= 42 t=  766,879  ep=2393  ep_reward=  1000.00  ep_steps=1000
[InvertedPendulum-v4] run=1 seed= 42 t=  767,879  ep=2394  ep_reward=  1000.00  ep_steps=1000
[InvertedPendulum-v4] run=1 seed= 42 t=  768,879  ep=2395  ep_reward=  1000.00  ep_steps=1000
[InvertedPendulum-v4] run=1 seed= 42 t=  769,879  ep=2396  ep_reward=  1000.00  ep_steps=1000
  *** Eval  t=  770,000  avg_reward=  1000.00  (10 eps)  elapsed=52.2min ***
[InvertedPendulum-v4] run=1 seed= 42 t=  770,879  ep=2397  ep_reward=  1000.00  ep_steps=1000
[InvertedPendulum-v4] run=1 seed= 42 t=  771,879  ep=2398  ep_reward=  1000.00  ep_steps=1000
[InvertedPendulum-v4] run=1 seed= 42 t=  772,879  ep=2399  ep_reward=  1000.00  ep_steps=1000
[InvertedPendulum-v4] run=1 seed= 42 t=  773,879  ep=2400  ep_reward=  1000.00  ep_steps=1000
[InvertedPendulum-v4] run=1 seed= 42 t=  774,787  ep=2401  ep_reward=   908.00  ep_steps=908
[InvertedPendulum-v4] run=1 seed= 42 t=  774,996  ep=2402  ep_reward=   209.00  ep_steps=209
[InvertedPendulum-v4] run=1 seed= 42 t=  775,216  ep=2403  ep_reward=   220.00  ep_steps=220
[InvertedPendulum-v4] run=1 seed= 42 t=  775,311  ep=2404  ep_reward=    95.00  ep_steps=95
[InvertedPendulum-v4] run=1 seed= 42 t=  775,677  ep=2405  ep_reward=   366.00  ep_steps=366
[InvertedPendulum-v4] run=1 seed= 42 t=  776,449  ep=2406  ep_reward=   772.00  ep_steps=772
[InvertedPendulum-v4] run=1 seed= 42 t=  776,590  ep=2407  ep_reward=   141.00  ep_steps=141
[InvertedPendulum-v4] run=1 seed= 42 t=  776,738  ep=2408  ep_reward=   148.00  ep_steps=148
[InvertedPendulum-v4] run=1 seed= 42 t=  776,869  ep=2409  ep_reward=   131.00  ep_steps=131
[InvertedPendulum-v4] run=1 seed= 42 t=  776,969  ep=2410  ep_reward=   100.00  ep_steps=100
[InvertedPendulum-v4] run=1 seed= 42 t=  777,101  ep=2411  ep_reward=   132.00  ep_steps=132
[InvertedPendulum-v4] run=1 seed= 42 t=  777,193  ep=2412  ep_reward=    92.00  ep_steps=92
[InvertedPendulum-v4] run=1 seed= 42 t=  777,300  ep=2413  ep_reward=   107.00  ep_steps=107
[InvertedPendulum-v4] run=1 seed= 42 t=  777,386  ep=2414  ep_reward=    86.00  ep_steps=86
[InvertedPendulum-v4] run=1 seed= 42 t=  777,474  ep=2415  ep_reward=    88.00  ep_steps=88
[InvertedPendulum-v4] run=1 seed= 42 t=  777,563  ep=2416  ep_reward=    89.00  ep_steps=89
[InvertedPendulum-v4] run=1 seed= 42 t=  777,654  ep=2417  ep_reward=    91.00  ep_steps=91
[InvertedPendulum-v4] run=1 seed= 42 t=  777,745  ep=2418  ep_reward=    91.00  ep_steps=91
[InvertedPendulum-v4] run=1 seed= 42 t=  777,838  ep=2419  ep_reward=    93.00  ep_steps=93
[InvertedPendulum-v4] run=1 seed= 42 t=  777,951  ep=2420  ep_reward=   113.00  ep_steps=113
[InvertedPendulum-v4] run=1 seed= 42 t=  778,039  ep=2421  ep_reward=    88.00  ep_steps=88
[InvertedPendulum-v4] run=1 seed= 42 t=  778,138  ep=2422  ep_reward=    99.00  ep_steps=99
[InvertedPendulum-v4] run=1 seed= 42 t=  778,215  ep=2423  ep_reward=    77.00  ep_steps=77
[InvertedPendulum-v4] run=1 seed= 42 t=  778,417  ep=2424  ep_reward=   202.00  ep_steps=202
[InvertedPendulum-v4] run=1 seed= 42 t=  778,514  ep=2425  ep_reward=    97.00  ep_steps=97
[InvertedPendulum-v4] run=1 seed= 42 t=  778,607  ep=2426  ep_reward=    93.00  ep_steps=93
[InvertedPendulum-v4] run=1 seed= 42 t=  779,607  ep=2427  ep_reward=  1000.00  ep_steps=1000
  *** Eval  t=  780,000  avg_reward=  1000.00  (10 eps)  elapsed=52.9min ***
[InvertedPendulum-v4] run=1 seed= 42 t=  780,607  ep=2428  ep_reward=  1000.00  ep_steps=1000
[InvertedPendulum-v4] run=1 seed= 42 t=  781,607  ep=2429  ep_reward=  1000.00  ep_steps=1000
[InvertedPendulum-v4] run=1 seed= 42 t=  782,607  ep=2430  ep_reward=  1000.00  ep_steps=1000
[InvertedPendulum-v4] run=1 seed= 42 t=  783,607  ep=2431  ep_reward=  1000.00  ep_steps=1000
[InvertedPendulum-v4] run=1 seed= 42 t=  784,607  ep=2432  ep_reward=  1000.00  ep_steps=1000
[InvertedPendulum-v4] run=1 seed= 42 t=  785,607  ep=2433  ep_reward=  1000.00  ep_steps=1000
[InvertedPendulum-v4] run=1 seed= 42 t=  786,607  ep=2434  ep_reward=  1000.00  ep_steps=1000
[InvertedPendulum-v4] run=1 seed= 42 t=  787,607  ep=2435  ep_reward=  1000.00  ep_steps=1000
[InvertedPendulum-v4] run=1 seed= 42 t=  788,607  ep=2436  ep_reward=  1000.00  ep_steps=1000
[InvertedPendulum-v4] run=1 seed= 42 t=  789,607  ep=2437  ep_reward=  1000.00  ep_steps=1000
  *** Eval  t=  790,000  avg_reward=  1000.00  (10 eps)  elapsed=53.6min ***
[InvertedPendulum-v4] run=1 seed= 42 t=  790,607  ep=2438  ep_reward=  1000.00  ep_steps=1000
[InvertedPendulum-v4] run=1 seed= 42 t=  791,607  ep=2439  ep_reward=  1000.00  ep_steps=1000
[InvertedPendulum-v4] run=1 seed= 42 t=  792,607  ep=2440  ep_reward=  1000.00  ep_steps=1000
[InvertedPendulum-v4] run=1 seed= 42 t=  793,607  ep=2441  ep_reward=  1000.00  ep_steps=1000
[InvertedPendulum-v4] run=1 seed= 42 t=  794,607  ep=2442  ep_reward=  1000.00  ep_steps=1000
[InvertedPendulum-v4] run=1 seed= 42 t=  795,607  ep=2443  ep_reward=  1000.00  ep_steps=1000
[InvertedPendulum-v4] run=1 seed= 42 t=  796,607  ep=2444  ep_reward=  1000.00  ep_steps=1000
[InvertedPendulum-v4] run=1 seed= 42 t=  797,607  ep=2445  ep_reward=  1000.00  ep_steps=1000
[InvertedPendulum-v4] run=1 seed= 42 t=  798,607  ep=2446  ep_reward=  1000.00  ep_steps=1000
[InvertedPendulum-v4] run=1 seed= 42 t=  799,607  ep=2447  ep_reward=  1000.00  ep_steps=1000
  *** Eval  t=  800,000  avg_reward=  1000.00  (10 eps)  elapsed=54.3min ***
[InvertedPendulum-v4] run=1 seed= 42 t=  800,607  ep=2448  ep_reward=  1000.00  ep_steps=1000
[InvertedPendulum-v4] run=1 seed= 42 t=  801,607  ep=2449  ep_reward=  1000.00  ep_steps=1000
[InvertedPendulum-v4] run=1 seed= 42 t=  802,607  ep=2450  ep_reward=  1000.00  ep_steps=1000
[InvertedPendulum-v4] run=1 seed= 42 t=  803,607  ep=2451  ep_reward=  1000.00  ep_steps=1000
[InvertedPendulum-v4] run=1 seed= 42 t=  804,607  ep=2452  ep_reward=  1000.00  ep_steps=1000
[InvertedPendulum-v4] run=1 seed= 42 t=  805,607  ep=2453  ep_reward=  1000.00  ep_steps=1000
[InvertedPendulum-v4] run=1 seed= 42 t=  806,607  ep=2454  ep_reward=  1000.00  ep_steps=1000
[InvertedPendulum-v4] run=1 seed= 42 t=  807,607  ep=2455  ep_reward=  1000.00  ep_steps=1000
[InvertedPendulum-v4] run=1 seed= 42 t=  808,607  ep=2456  ep_reward=  1000.00  ep_steps=1000
[InvertedPendulum-v4] run=1 seed= 42 t=  809,607  ep=2457  ep_reward=  1000.00  ep_steps=1000
  *** Eval  t=  810,000  avg_reward=  1000.00  (10 eps)  elapsed=55.0min ***
[InvertedPendulum-v4] run=1 seed= 42 t=  810,607  ep=2458  ep_reward=  1000.00  ep_steps=1000
[InvertedPendulum-v4] run=1 seed= 42 t=  811,607  ep=2459  ep_reward=  1000.00  ep_steps=1000
[InvertedPendulum-v4] run=1 seed= 42 t=  812,607  ep=2460  ep_reward=  1000.00  ep_steps=1000
[InvertedPendulum-v4] run=1 seed= 42 t=  813,607  ep=2461  ep_reward=  1000.00  ep_steps=1000
[InvertedPendulum-v4] run=1 seed= 42 t=  814,607  ep=2462  ep_reward=  1000.00  ep_steps=1000
[InvertedPendulum-v4] run=1 seed= 42 t=  815,607  ep=2463  ep_reward=  1000.00  ep_steps=1000
[InvertedPendulum-v4] run=1 seed= 42 t=  816,607  ep=2464  ep_reward=  1000.00  ep_steps=1000
[InvertedPendulum-v4] run=1 seed= 42 t=  817,607  ep=2465  ep_reward=  1000.00  ep_steps=1000
[InvertedPendulum-v4] run=1 seed= 42 t=  818,607  ep=2466  ep_reward=  1000.00  ep_steps=1000
[InvertedPendulum-v4] run=1 seed= 42 t=  819,607  ep=2467  ep_reward=  1000.00  ep_steps=1000
  *** Eval  t=  820,000  avg_reward=  1000.00  (10 eps)  elapsed=55.7min ***
[InvertedPendulum-v4] run=1 seed= 42 t=  820,607  ep=2468  ep_reward=  1000.00  ep_steps=1000
[InvertedPendulum-v4] run=1 seed= 42 t=  821,607  ep=2469  ep_reward=  1000.00  ep_steps=1000
[InvertedPendulum-v4] run=1 seed= 42 t=  822,607  ep=2470  ep_reward=  1000.00  ep_steps=1000
[InvertedPendulum-v4] run=1 seed= 42 t=  823,607  ep=2471  ep_reward=  1000.00  ep_steps=1000
[InvertedPendulum-v4] run=1 seed= 42 t=  824,607  ep=2472  ep_reward=  1000.00  ep_steps=1000
[InvertedPendulum-v4] run=1 seed= 42 t=  825,607  ep=2473  ep_reward=  1000.00  ep_steps=1000
[InvertedPendulum-v4] run=1 seed= 42 t=  826,607  ep=2474  ep_reward=  1000.00  ep_steps=1000
[InvertedPendulum-v4] run=1 seed= 42 t=  827,607  ep=2475  ep_reward=  1000.00  ep_steps=1000
[InvertedPendulum-v4] run=1 seed= 42 t=  828,607  ep=2476  ep_reward=  1000.00  ep_steps=1000
[InvertedPendulum-v4] run=1 seed= 42 t=  829,607  ep=2477  ep_reward=  1000.00  ep_steps=1000
  *** Eval  t=  830,000  avg_reward=  1000.00  (10 eps)  elapsed=56.3min ***
[InvertedPendulum-v4] run=1 seed= 42 t=  830,607  ep=2478  ep_reward=  1000.00  ep_steps=1000
[InvertedPendulum-v4] run=1 seed= 42 t=  831,607  ep=2479  ep_reward=  1000.00  ep_steps=1000
[InvertedPendulum-v4] run=1 seed= 42 t=  832,607  ep=2480  ep_reward=  1000.00  ep_steps=1000
[InvertedPendulum-v4] run=1 seed= 42 t=  833,607  ep=2481  ep_reward=  1000.00  ep_steps=1000
[InvertedPendulum-v4] run=1 seed= 42 t=  834,607  ep=2482  ep_reward=  1000.00  ep_steps=1000
[InvertedPendulum-v4] run=1 seed= 42 t=  835,607  ep=2483  ep_reward=  1000.00  ep_steps=1000
[InvertedPendulum-v4] run=1 seed= 42 t=  836,607  ep=2484  ep_reward=  1000.00  ep_steps=1000
[InvertedPendulum-v4] run=1 seed= 42 t=  837,607  ep=2485  ep_reward=  1000.00  ep_steps=1000
[InvertedPendulum-v4] run=1 seed= 42 t=  838,607  ep=2486  ep_reward=  1000.00  ep_steps=1000
[InvertedPendulum-v4] run=1 seed= 42 t=  839,607  ep=2487  ep_reward=  1000.00  ep_steps=1000
  *** Eval  t=  840,000  avg_reward=  1000.00  (10 eps)  elapsed=57.0min ***
[InvertedPendulum-v4] run=1 seed= 42 t=  840,607  ep=2488  ep_reward=  1000.00  ep_steps=1000
[InvertedPendulum-v4] run=1 seed= 42 t=  841,607  ep=2489  ep_reward=  1000.00  ep_steps=1000
[InvertedPendulum-v4] run=1 seed= 42 t=  842,607  ep=2490  ep_reward=  1000.00  ep_steps=1000
[InvertedPendulum-v4] run=1 seed= 42 t=  843,607  ep=2491  ep_reward=  1000.00  ep_steps=1000
[InvertedPendulum-v4] run=1 seed= 42 t=  844,607  ep=2492  ep_reward=  1000.00  ep_steps=1000
[InvertedPendulum-v4] run=1 seed= 42 t=  845,607  ep=2493  ep_reward=  1000.00  ep_steps=1000
[InvertedPendulum-v4] run=1 seed= 42 t=  846,607  ep=2494  ep_reward=  1000.00  ep_steps=1000
[InvertedPendulum-v4] run=1 seed= 42 t=  847,607  ep=2495  ep_reward=  1000.00  ep_steps=1000
[InvertedPendulum-v4] run=1 seed= 42 t=  848,607  ep=2496  ep_reward=  1000.00  ep_steps=1000
[InvertedPendulum-v4] run=1 seed= 42 t=  849,607  ep=2497  ep_reward=  1000.00  ep_steps=1000
  *** Eval  t=  850,000  avg_reward=  1000.00  (10 eps)  elapsed=57.7min ***
[InvertedPendulum-v4] run=1 seed= 42 t=  850,607  ep=2498  ep_reward=  1000.00  ep_steps=1000
[InvertedPendulum-v4] run=1 seed= 42 t=  851,607  ep=2499  ep_reward=  1000.00  ep_steps=1000
[InvertedPendulum-v4] run=1 seed= 42 t=  852,607  ep=2500  ep_reward=  1000.00  ep_steps=1000
[InvertedPendulum-v4] run=1 seed= 42 t=  853,607  ep=2501  ep_reward=  1000.00  ep_steps=1000
[InvertedPendulum-v4] run=1 seed= 42 t=  854,607  ep=2502  ep_reward=  1000.00  ep_steps=1000
[InvertedPendulum-v4] run=1 seed= 42 t=  855,607  ep=2503  ep_reward=  1000.00  ep_steps=1000
[InvertedPendulum-v4] run=1 seed= 42 t=  856,607  ep=2504  ep_reward=  1000.00  ep_steps=1000
[InvertedPendulum-v4] run=1 seed= 42 t=  857,607  ep=2505  ep_reward=  1000.00  ep_steps=1000
[InvertedPendulum-v4] run=1 seed= 42 t=  858,607  ep=2506  ep_reward=  1000.00  ep_steps=1000
[InvertedPendulum-v4] run=1 seed= 42 t=  859,607  ep=2507  ep_reward=  1000.00  ep_steps=1000
  *** Eval  t=  860,000  avg_reward=  1000.00  (10 eps)  elapsed=58.4min ***
[InvertedPendulum-v4] run=1 seed= 42 t=  860,607  ep=2508  ep_reward=  1000.00  ep_steps=1000
[InvertedPendulum-v4] run=1 seed= 42 t=  861,607  ep=2509  ep_reward=  1000.00  ep_steps=1000
[InvertedPendulum-v4] run=1 seed= 42 t=  862,607  ep=2510  ep_reward=  1000.00  ep_steps=1000
[InvertedPendulum-v4] run=1 seed= 42 t=  863,607  ep=2511  ep_reward=  1000.00  ep_steps=1000
[InvertedPendulum-v4] run=1 seed= 42 t=  864,607  ep=2512  ep_reward=  1000.00  ep_steps=1000
[InvertedPendulum-v4] run=1 seed= 42 t=  865,607  ep=2513  ep_reward=  1000.00  ep_steps=1000
[InvertedPendulum-v4] run=1 seed= 42 t=  866,607  ep=2514  ep_reward=  1000.00  ep_steps=1000
[InvertedPendulum-v4] run=1 seed= 42 t=  867,607  ep=2515  ep_reward=  1000.00  ep_steps=1000
[InvertedPendulum-v4] run=1 seed= 42 t=  868,607  ep=2516  ep_reward=  1000.00  ep_steps=1000
[InvertedPendulum-v4] run=1 seed= 42 t=  869,607  ep=2517  ep_reward=  1000.00  ep_steps=1000
  *** Eval  t=  870,000  avg_reward=  1000.00  (10 eps)  elapsed=59.1min ***
[InvertedPendulum-v4] run=1 seed= 42 t=  870,607  ep=2518  ep_reward=  1000.00  ep_steps=1000
[InvertedPendulum-v4] run=1 seed= 42 t=  871,607  ep=2519  ep_reward=  1000.00  ep_steps=1000
[InvertedPendulum-v4] run=1 seed= 42 t=  872,607  ep=2520  ep_reward=  1000.00  ep_steps=1000
[InvertedPendulum-v4] run=1 seed= 42 t=  873,607  ep=2521  ep_reward=  1000.00  ep_steps=1000
[InvertedPendulum-v4] run=1 seed= 42 t=  874,607  ep=2522  ep_reward=  1000.00  ep_steps=1000
[InvertedPendulum-v4] run=1 seed= 42 t=  875,607  ep=2523  ep_reward=  1000.00  ep_steps=1000
[InvertedPendulum-v4] run=1 seed= 42 t=  876,607  ep=2524  ep_reward=  1000.00  ep_steps=1000
[InvertedPendulum-v4] run=1 seed= 42 t=  877,607  ep=2525  ep_reward=  1000.00  ep_steps=1000
[InvertedPendulum-v4] run=1 seed= 42 t=  878,607  ep=2526  ep_reward=  1000.00  ep_steps=1000
[InvertedPendulum-v4] run=1 seed= 42 t=  879,607  ep=2527  ep_reward=  1000.00  ep_steps=1000
  *** Eval  t=  880,000  avg_reward=  1000.00  (10 eps)  elapsed=59.8min ***
[InvertedPendulum-v4] run=1 seed= 42 t=  880,607  ep=2528  ep_reward=  1000.00  ep_steps=1000
[InvertedPendulum-v4] run=1 seed= 42 t=  881,607  ep=2529  ep_reward=  1000.00  ep_steps=1000
[InvertedPendulum-v4] run=1 seed= 42 t=  882,607  ep=2530  ep_reward=  1000.00  ep_steps=1000
[InvertedPendulum-v4] run=1 seed= 42 t=  883,607  ep=2531  ep_reward=  1000.00  ep_steps=1000
[InvertedPendulum-v4] run=1 seed= 42 t=  884,607  ep=2532  ep_reward=  1000.00  ep_steps=1000
[InvertedPendulum-v4] run=1 seed= 42 t=  885,607  ep=2533  ep_reward=  1000.00  ep_steps=1000
[InvertedPendulum-v4] run=1 seed= 42 t=  886,607  ep=2534  ep_reward=  1000.00  ep_steps=1000
[InvertedPendulum-v4] run=1 seed= 42 t=  887,607  ep=2535  ep_reward=  1000.00  ep_steps=1000
[InvertedPendulum-v4] run=1 seed= 42 t=  888,607  ep=2536  ep_reward=  1000.00  ep_steps=1000
[InvertedPendulum-v4] run=1 seed= 42 t=  889,607  ep=2537  ep_reward=  1000.00  ep_steps=1000
  *** Eval  t=  890,000  avg_reward=  1000.00  (10 eps)  elapsed=60.5min ***
[InvertedPendulum-v4] run=1 seed= 42 t=  890,607  ep=2538  ep_reward=  1000.00  ep_steps=1000
[InvertedPendulum-v4] run=1 seed= 42 t=  891,607  ep=2539  ep_reward=  1000.00  ep_steps=1000
[InvertedPendulum-v4] run=1 seed= 42 t=  892,607  ep=2540  ep_reward=  1000.00  ep_steps=1000
[InvertedPendulum-v4] run=1 seed= 42 t=  893,607  ep=2541  ep_reward=  1000.00  ep_steps=1000
[InvertedPendulum-v4] run=1 seed= 42 t=  894,607  ep=2542  ep_reward=  1000.00  ep_steps=1000
[InvertedPendulum-v4] run=1 seed= 42 t=  895,607  ep=2543  ep_reward=  1000.00  ep_steps=1000
[InvertedPendulum-v4] run=1 seed= 42 t=  896,607  ep=2544  ep_reward=  1000.00  ep_steps=1000
[InvertedPendulum-v4] run=1 seed= 42 t=  897,607  ep=2545  ep_reward=  1000.00  ep_steps=1000
[InvertedPendulum-v4] run=1 seed= 42 t=  898,607  ep=2546  ep_reward=  1000.00  ep_steps=1000
[InvertedPendulum-v4] run=1 seed= 42 t=  899,607  ep=2547  ep_reward=  1000.00  ep_steps=1000
  *** Eval  t=  900,000  avg_reward=  1000.00  (10 eps)  elapsed=61.1min ***
[InvertedPendulum-v4] run=1 seed= 42 t=  900,607  ep=2548  ep_reward=  1000.00  ep_steps=1000
[InvertedPendulum-v4] run=1 seed= 42 t=  901,607  ep=2549  ep_reward=  1000.00  ep_steps=1000
[InvertedPendulum-v4] run=1 seed= 42 t=  902,607  ep=2550  ep_reward=  1000.00  ep_steps=1000
[InvertedPendulum-v4] run=1 seed= 42 t=  903,607  ep=2551  ep_reward=  1000.00  ep_steps=1000
[InvertedPendulum-v4] run=1 seed= 42 t=  904,607  ep=2552  ep_reward=  1000.00  ep_steps=1000
[InvertedPendulum-v4] run=1 seed= 42 t=  905,607  ep=2553  ep_reward=  1000.00  ep_steps=1000
[InvertedPendulum-v4] run=1 seed= 42 t=  906,607  ep=2554  ep_reward=  1000.00  ep_steps=1000
[InvertedPendulum-v4] run=1 seed= 42 t=  907,607  ep=2555  ep_reward=  1000.00  ep_steps=1000
[InvertedPendulum-v4] run=1 seed= 42 t=  908,607  ep=2556  ep_reward=  1000.00  ep_steps=1000
[InvertedPendulum-v4] run=1 seed= 42 t=  909,607  ep=2557  ep_reward=  1000.00  ep_steps=1000
  *** Eval  t=  910,000  avg_reward=  1000.00  (10 eps)  elapsed=61.8min ***
[InvertedPendulum-v4] run=1 seed= 42 t=  910,607  ep=2558  ep_reward=  1000.00  ep_steps=1000
[InvertedPendulum-v4] run=1 seed= 42 t=  911,607  ep=2559  ep_reward=  1000.00  ep_steps=1000
[InvertedPendulum-v4] run=1 seed= 42 t=  912,607  ep=2560  ep_reward=  1000.00  ep_steps=1000
[InvertedPendulum-v4] run=1 seed= 42 t=  913,607  ep=2561  ep_reward=  1000.00  ep_steps=1000
[InvertedPendulum-v4] run=1 seed= 42 t=  914,607  ep=2562  ep_reward=  1000.00  ep_steps=1000
[InvertedPendulum-v4] run=1 seed= 42 t=  915,607  ep=2563  ep_reward=  1000.00  ep_steps=1000
[InvertedPendulum-v4] run=1 seed= 42 t=  916,607  ep=2564  ep_reward=  1000.00  ep_steps=1000
[InvertedPendulum-v4] run=1 seed= 42 t=  917,607  ep=2565  ep_reward=  1000.00  ep_steps=1000
[InvertedPendulum-v4] run=1 seed= 42 t=  918,607  ep=2566  ep_reward=  1000.00  ep_steps=1000
[InvertedPendulum-v4] run=1 seed= 42 t=  919,607  ep=2567  ep_reward=  1000.00  ep_steps=1000
  *** Eval  t=  920,000  avg_reward=  1000.00  (10 eps)  elapsed=62.5min ***
[InvertedPendulum-v4] run=1 seed= 42 t=  920,607  ep=2568  ep_reward=  1000.00  ep_steps=1000
[InvertedPendulum-v4] run=1 seed= 42 t=  921,607  ep=2569  ep_reward=  1000.00  ep_steps=1000
[InvertedPendulum-v4] run=1 seed= 42 t=  922,607  ep=2570  ep_reward=  1000.00  ep_steps=1000
[InvertedPendulum-v4] run=1 seed= 42 t=  923,607  ep=2571  ep_reward=  1000.00  ep_steps=1000
[InvertedPendulum-v4] run=1 seed= 42 t=  924,607  ep=2572  ep_reward=  1000.00  ep_steps=1000
[InvertedPendulum-v4] run=1 seed= 42 t=  925,607  ep=2573  ep_reward=  1000.00  ep_steps=1000
[InvertedPendulum-v4] run=1 seed= 42 t=  926,607  ep=2574  ep_reward=  1000.00  ep_steps=1000
[InvertedPendulum-v4] run=1 seed= 42 t=  927,607  ep=2575  ep_reward=  1000.00  ep_steps=1000
[InvertedPendulum-v4] run=1 seed= 42 t=  928,607  ep=2576  ep_reward=  1000.00  ep_steps=1000
[InvertedPendulum-v4] run=1 seed= 42 t=  929,607  ep=2577  ep_reward=  1000.00  ep_steps=1000
  *** Eval  t=  930,000  avg_reward=  1000.00  (10 eps)  elapsed=63.2min ***
[InvertedPendulum-v4] run=1 seed= 42 t=  930,607  ep=2578  ep_reward=  1000.00  ep_steps=1000
[InvertedPendulum-v4] run=1 seed= 42 t=  931,607  ep=2579  ep_reward=  1000.00  ep_steps=1000
[InvertedPendulum-v4] run=1 seed= 42 t=  932,607  ep=2580  ep_reward=  1000.00  ep_steps=1000
[InvertedPendulum-v4] run=1 seed= 42 t=  933,607  ep=2581  ep_reward=  1000.00  ep_steps=1000
[InvertedPendulum-v4] run=1 seed= 42 t=  934,607  ep=2582  ep_reward=  1000.00  ep_steps=1000
[InvertedPendulum-v4] run=1 seed= 42 t=  935,607  ep=2583  ep_reward=  1000.00  ep_steps=1000
[InvertedPendulum-v4] run=1 seed= 42 t=  936,607  ep=2584  ep_reward=  1000.00  ep_steps=1000
[InvertedPendulum-v4] run=1 seed= 42 t=  937,607  ep=2585  ep_reward=  1000.00  ep_steps=1000
[InvertedPendulum-v4] run=1 seed= 42 t=  938,607  ep=2586  ep_reward=  1000.00  ep_steps=1000
[InvertedPendulum-v4] run=1 seed= 42 t=  939,607  ep=2587  ep_reward=  1000.00  ep_steps=1000
  *** Eval  t=  940,000  avg_reward=  1000.00  (10 eps)  elapsed=63.9min ***
[InvertedPendulum-v4] run=1 seed= 42 t=  940,607  ep=2588  ep_reward=  1000.00  ep_steps=1000
[InvertedPendulum-v4] run=1 seed= 42 t=  941,607  ep=2589  ep_reward=  1000.00  ep_steps=1000
[InvertedPendulum-v4] run=1 seed= 42 t=  942,607  ep=2590  ep_reward=  1000.00  ep_steps=1000
[InvertedPendulum-v4] run=1 seed= 42 t=  943,607  ep=2591  ep_reward=  1000.00  ep_steps=1000
[InvertedPendulum-v4] run=1 seed= 42 t=  944,607  ep=2592  ep_reward=  1000.00  ep_steps=1000
[InvertedPendulum-v4] run=1 seed= 42 t=  945,607  ep=2593  ep_reward=  1000.00  ep_steps=1000
[InvertedPendulum-v4] run=1 seed= 42 t=  946,607  ep=2594  ep_reward=  1000.00  ep_steps=1000
[InvertedPendulum-v4] run=1 seed= 42 t=  947,607  ep=2595  ep_reward=  1000.00  ep_steps=1000
[InvertedPendulum-v4] run=1 seed= 42 t=  948,607  ep=2596  ep_reward=  1000.00  ep_steps=1000
[InvertedPendulum-v4] run=1 seed= 42 t=  949,607  ep=2597  ep_reward=  1000.00  ep_steps=1000
  *** Eval  t=  950,000  avg_reward=  1000.00  (10 eps)  elapsed=64.6min ***
[InvertedPendulum-v4] run=1 seed= 42 t=  950,607  ep=2598  ep_reward=  1000.00  ep_steps=1000
[InvertedPendulum-v4] run=1 seed= 42 t=  951,607  ep=2599  ep_reward=  1000.00  ep_steps=1000
[InvertedPendulum-v4] run=1 seed= 42 t=  952,607  ep=2600  ep_reward=  1000.00  ep_steps=1000
[InvertedPendulum-v4] run=1 seed= 42 t=  953,607  ep=2601  ep_reward=  1000.00  ep_steps=1000
[InvertedPendulum-v4] run=1 seed= 42 t=  954,607  ep=2602  ep_reward=  1000.00  ep_steps=1000
[InvertedPendulum-v4] run=1 seed= 42 t=  955,607  ep=2603  ep_reward=  1000.00  ep_steps=1000
[InvertedPendulum-v4] run=1 seed= 42 t=  956,607  ep=2604  ep_reward=  1000.00  ep_steps=1000
[InvertedPendulum-v4] run=1 seed= 42 t=  957,607  ep=2605  ep_reward=  1000.00  ep_steps=1000
[InvertedPendulum-v4] run=1 seed= 42 t=  958,607  ep=2606  ep_reward=  1000.00  ep_steps=1000
[InvertedPendulum-v4] run=1 seed= 42 t=  959,607  ep=2607  ep_reward=  1000.00  ep_steps=1000
  *** Eval  t=  960,000  avg_reward=  1000.00  (10 eps)  elapsed=65.3min ***
[InvertedPendulum-v4] run=1 seed= 42 t=  960,607  ep=2608  ep_reward=  1000.00  ep_steps=1000
[InvertedPendulum-v4] run=1 seed= 42 t=  961,607  ep=2609  ep_reward=  1000.00  ep_steps=1000
[InvertedPendulum-v4] run=1 seed= 42 t=  962,607  ep=2610  ep_reward=  1000.00  ep_steps=1000
[InvertedPendulum-v4] run=1 seed= 42 t=  963,607  ep=2611  ep_reward=  1000.00  ep_steps=1000
[InvertedPendulum-v4] run=1 seed= 42 t=  964,607  ep=2612  ep_reward=  1000.00  ep_steps=1000
[InvertedPendulum-v4] run=1 seed= 42 t=  965,607  ep=2613  ep_reward=  1000.00  ep_steps=1000
[InvertedPendulum-v4] run=1 seed= 42 t=  966,607  ep=2614  ep_reward=  1000.00  ep_steps=1000
[InvertedPendulum-v4] run=1 seed= 42 t=  967,607  ep=2615  ep_reward=  1000.00  ep_steps=1000
[InvertedPendulum-v4] run=1 seed= 42 t=  968,607  ep=2616  ep_reward=  1000.00  ep_steps=1000
[InvertedPendulum-v4] run=1 seed= 42 t=  969,607  ep=2617  ep_reward=  1000.00  ep_steps=1000
  *** Eval  t=  970,000  avg_reward=  1000.00  (10 eps)  elapsed=65.9min ***
[InvertedPendulum-v4] run=1 seed= 42 t=  970,607  ep=2618  ep_reward=  1000.00  ep_steps=1000
[InvertedPendulum-v4] run=1 seed= 42 t=  971,607  ep=2619  ep_reward=  1000.00  ep_steps=1000
[InvertedPendulum-v4] run=1 seed= 42 t=  972,607  ep=2620  ep_reward=  1000.00  ep_steps=1000
[InvertedPendulum-v4] run=1 seed= 42 t=  973,607  ep=2621  ep_reward=  1000.00  ep_steps=1000
[InvertedPendulum-v4] run=1 seed= 42 t=  973,917  ep=2622  ep_reward=   310.00  ep_steps=310
[InvertedPendulum-v4] run=1 seed= 42 t=  974,736  ep=2623  ep_reward=   819.00  ep_steps=819
[InvertedPendulum-v4] run=1 seed= 42 t=  975,736  ep=2624  ep_reward=  1000.00  ep_steps=1000
[InvertedPendulum-v4] run=1 seed= 42 t=  976,736  ep=2625  ep_reward=  1000.00  ep_steps=1000
[InvertedPendulum-v4] run=1 seed= 42 t=  977,736  ep=2626  ep_reward=  1000.00  ep_steps=1000
[InvertedPendulum-v4] run=1 seed= 42 t=  978,736  ep=2627  ep_reward=  1000.00  ep_steps=1000
[InvertedPendulum-v4] run=1 seed= 42 t=  979,736  ep=2628  ep_reward=  1000.00  ep_steps=1000
  *** Eval  t=  980,000  avg_reward=  1000.00  (10 eps)  elapsed=66.6min ***
[InvertedPendulum-v4] run=1 seed= 42 t=  980,736  ep=2629  ep_reward=  1000.00  ep_steps=1000
[InvertedPendulum-v4] run=1 seed= 42 t=  981,736  ep=2630  ep_reward=  1000.00  ep_steps=1000
[InvertedPendulum-v4] run=1 seed= 42 t=  982,736  ep=2631  ep_reward=  1000.00  ep_steps=1000
[InvertedPendulum-v4] run=1 seed= 42 t=  983,736  ep=2632  ep_reward=  1000.00  ep_steps=1000
[InvertedPendulum-v4] run=1 seed= 42 t=  984,736  ep=2633  ep_reward=  1000.00  ep_steps=1000
[InvertedPendulum-v4] run=1 seed= 42 t=  985,736  ep=2634  ep_reward=  1000.00  ep_steps=1000
[InvertedPendulum-v4] run=1 seed= 42 t=  986,736  ep=2635  ep_reward=  1000.00  ep_steps=1000
[InvertedPendulum-v4] run=1 seed= 42 t=  987,736  ep=2636  ep_reward=  1000.00  ep_steps=1000
[InvertedPendulum-v4] run=1 seed= 42 t=  988,736  ep=2637  ep_reward=  1000.00  ep_steps=1000
[InvertedPendulum-v4] run=1 seed= 42 t=  989,736  ep=2638  ep_reward=  1000.00  ep_steps=1000
  *** Eval  t=  990,000  avg_reward=  1000.00  (10 eps)  elapsed=67.3min ***
[InvertedPendulum-v4] run=1 seed= 42 t=  990,736  ep=2639  ep_reward=  1000.00  ep_steps=1000
[InvertedPendulum-v4] run=1 seed= 42 t=  991,736  ep=2640  ep_reward=  1000.00  ep_steps=1000
[InvertedPendulum-v4] run=1 seed= 42 t=  992,736  ep=2641  ep_reward=  1000.00  ep_steps=1000
[InvertedPendulum-v4] run=1 seed= 42 t=  993,736  ep=2642  ep_reward=  1000.00  ep_steps=1000
[InvertedPendulum-v4] run=1 seed= 42 t=  994,736  ep=2643  ep_reward=  1000.00  ep_steps=1000
[InvertedPendulum-v4] run=1 seed= 42 t=  995,736  ep=2644  ep_reward=  1000.00  ep_steps=1000
[InvertedPendulum-v4] run=1 seed= 42 t=  996,736  ep=2645  ep_reward=  1000.00  ep_steps=1000
[InvertedPendulum-v4] run=1 seed= 42 t=  997,736  ep=2646  ep_reward=  1000.00  ep_steps=1000
[InvertedPendulum-v4] run=1 seed= 42 t=  998,736  ep=2647  ep_reward=  1000.00  ep_steps=1000
[InvertedPendulum-v4] run=1 seed= 42 t=  999,736  ep=2648  ep_reward=  1000.00  ep_steps=1000
  *** Eval  t=1,000,000  avg_reward=  1000.00  (10 eps)  elapsed=68.0min ***
  Checkpoint → results/InvertedPendulum-v4_run1_seed42.pt

  Run 1 final eval reward: 1000.00

========================================================================
  InvertedPendulum-v4  |  Run 2/3  |  Seed 55
========================================================================
[InvertedPendulum-v4] run=2 seed= 55 t=        3  ep=   1  ep_reward=     3.00  ep_steps=3
[InvertedPendulum-v4] run=2 seed= 55 t=       15  ep=   2  ep_reward=    12.00  ep_steps=12
[InvertedPendulum-v4] run=2 seed= 55 t=       18  ep=   3  ep_reward=     3.00  ep_steps=3
[InvertedPendulum-v4] run=2 seed= 55 t=       22  ep=   4  ep_reward=     4.00  ep_steps=4
[InvertedPendulum-v4] run=2 seed= 55 t=       25  ep=   5  ep_reward=     3.00  ep_steps=3
[InvertedPendulum-v4] run=2 seed= 55 t=       34  ep=   6  ep_reward=     9.00  ep_steps=9
[InvertedPendulum-v4] run=2 seed= 55 t=       41  ep=   7  ep_reward=     7.00  ep_steps=7
[InvertedPendulum-v4] run=2 seed= 55 t=       45  ep=   8  ep_reward=     4.00  ep_steps=4
[InvertedPendulum-v4] run=2 seed= 55 t=       48  ep=   9  ep_reward=     3.00  ep_steps=3
[InvertedPendulum-v4] run=2 seed= 55 t=       51  ep=  10  ep_reward=     3.00  ep_steps=3
[InvertedPendulum-v4] run=2 seed= 55 t=       55  ep=  11  ep_reward=     4.00  ep_steps=4
[InvertedPendulum-v4] run=2 seed= 55 t=       61  ep=  12  ep_reward=     6.00  ep_steps=6
[InvertedPendulum-v4] run=2 seed= 55 t=       81  ep=  13  ep_reward=    20.00  ep_steps=20
[InvertedPendulum-v4] run=2 seed= 55 t=       85  ep=  14  ep_reward=     4.00  ep_steps=4
[InvertedPendulum-v4] run=2 seed= 55 t=       93  ep=  15  ep_reward=     8.00  ep_steps=8
[InvertedPendulum-v4] run=2 seed= 55 t=       99  ep=  16  ep_reward=     6.00  ep_steps=6
[InvertedPendulum-v4] run=2 seed= 55 t=      102  ep=  17  ep_reward=     3.00  ep_steps=3
[InvertedPendulum-v4] run=2 seed= 55 t=      106  ep=  18  ep_reward=     4.00  ep_steps=4
[InvertedPendulum-v4] run=2 seed= 55 t=      115  ep=  19  ep_reward=     9.00  ep_steps=9
[InvertedPendulum-v4] run=2 seed= 55 t=      118  ep=  20  ep_reward=     3.00  ep_steps=3
[InvertedPendulum-v4] run=2 seed= 55 t=      121  ep=  21  ep_reward=     3.00  ep_steps=3
[InvertedPendulum-v4] run=2 seed= 55 t=      125  ep=  22  ep_reward=     4.00  ep_steps=4
[InvertedPendulum-v4] run=2 seed= 55 t=      129  ep=  23  ep_reward=     4.00  ep_steps=4
[InvertedPendulum-v4] run=2 seed= 55 t=      132  ep=  24  ep_reward=     3.00  ep_steps=3
[InvertedPendulum-v4] run=2 seed= 55 t=      137  ep=  25  ep_reward=     5.00  ep_steps=5
[InvertedPendulum-v4] run=2 seed= 55 t=      140  ep=  26  ep_reward=     3.00  ep_steps=3
[InvertedPendulum-v4] run=2 seed= 55 t=      147  ep=  27  ep_reward=     7.00  ep_steps=7
[InvertedPendulum-v4] run=2 seed= 55 t=      151  ep=  28  ep_reward=     4.00  ep_steps=4
[InvertedPendulum-v4] run=2 seed= 55 t=      158  ep=  29  ep_reward=     7.00  ep_steps=7
[InvertedPendulum-v4] run=2 seed= 55 t=      163  ep=  30  ep_reward=     5.00  ep_steps=5
[InvertedPendulum-v4] run=2 seed= 55 t=      173  ep=  31  ep_reward=    10.00  ep_steps=10
[InvertedPendulum-v4] run=2 seed= 55 t=      176  ep=  32  ep_reward=     3.00  ep_steps=3
[InvertedPendulum-v4] run=2 seed= 55 t=      181  ep=  33  ep_reward=     5.00  ep_steps=5
[InvertedPendulum-v4] run=2 seed= 55 t=      189  ep=  34  ep_reward=     8.00  ep_steps=8
[InvertedPendulum-v4] run=2 seed= 55 t=      192  ep=  35  ep_reward=     3.00  ep_steps=3
[InvertedPendulum-v4] run=2 seed= 55 t=      204  ep=  36  ep_reward=    12.00  ep_steps=12
[InvertedPendulum-v4] run=2 seed= 55 t=      214  ep=  37  ep_reward=    10.00  ep_steps=10
[InvertedPendulum-v4] run=2 seed= 55 t=      220  ep=  38  ep_reward=     6.00  ep_steps=6
[InvertedPendulum-v4] run=2 seed= 55 t=      229  ep=  39  ep_reward=     9.00  ep_steps=9
[InvertedPendulum-v4] run=2 seed= 55 t=      242  ep=  40  ep_reward=    13.00  ep_steps=13
[InvertedPendulum-v4] run=2 seed= 55 t=      251  ep=  41  ep_reward=     9.00  ep_steps=9
[InvertedPendulum-v4] run=2 seed= 55 t=      256  ep=  42  ep_reward=     5.00  ep_steps=5
[InvertedPendulum-v4] run=2 seed= 55 t=      262  ep=  43  ep_reward=     6.00  ep_steps=6
[InvertedPendulum-v4] run=2 seed= 55 t=      265  ep=  44  ep_reward=     3.00  ep_steps=3
[InvertedPendulum-v4] run=2 seed= 55 t=      274  ep=  45  ep_reward=     9.00  ep_steps=9
[InvertedPendulum-v4] run=2 seed= 55 t=      283  ep=  46  ep_reward=     9.00  ep_steps=9
[InvertedPendulum-v4] run=2 seed= 55 t=      303  ep=  47  ep_reward=    20.00  ep_steps=20
[InvertedPendulum-v4] run=2 seed= 55 t=      308  ep=  48  ep_reward=     5.00  ep_steps=5
[InvertedPendulum-v4] run=2 seed= 55 t=      317  ep=  49  ep_reward=     9.00  ep_steps=9
[InvertedPendulum-v4] run=2 seed= 55 t=      325  ep=  50  ep_reward=     8.00  ep_steps=8
[InvertedPendulum-v4] run=2 seed= 55 t=      328  ep=  51  ep_reward=     3.00  ep_steps=3
[InvertedPendulum-v4] run=2 seed= 55 t=      331  ep=  52  ep_reward=     3.00  ep_steps=3
[InvertedPendulum-v4] run=2 seed= 55 t=      337  ep=  53  ep_reward=     6.00  ep_steps=6
[InvertedPendulum-v4] run=2 seed= 55 t=      346  ep=  54  ep_reward=     9.00  ep_steps=9
[InvertedPendulum-v4] run=2 seed= 55 t=      349  ep=  55  ep_reward=     3.00  ep_steps=3
[InvertedPendulum-v4] run=2 seed= 55 t=      353  ep=  56  ep_reward=     4.00  ep_steps=4
[InvertedPendulum-v4] run=2 seed= 55 t=      359  ep=  57  ep_reward=     6.00  ep_steps=6
[InvertedPendulum-v4] run=2 seed= 55 t=      362  ep=  58  ep_reward=     3.00  ep_steps=3
[InvertedPendulum-v4] run=2 seed= 55 t=      366  ep=  59  ep_reward=     4.00  ep_steps=4
[InvertedPendulum-v4] run=2 seed= 55 t=      375  ep=  60  ep_reward=     9.00  ep_steps=9
[InvertedPendulum-v4] run=2 seed= 55 t=      380  ep=  61  ep_reward=     5.00  ep_steps=5
[InvertedPendulum-v4] run=2 seed= 55 t=      383  ep=  62  ep_reward=     3.00  ep_steps=3
[InvertedPendulum-v4] run=2 seed= 55 t=      397  ep=  63  ep_reward=    14.00  ep_steps=14
[InvertedPendulum-v4] run=2 seed= 55 t=      401  ep=  64  ep_reward=     4.00  ep_steps=4
[InvertedPendulum-v4] run=2 seed= 55 t=      404  ep=  65  ep_reward=     3.00  ep_steps=3
[InvertedPendulum-v4] run=2 seed= 55 t=      409  ep=  66  ep_reward=     5.00  ep_steps=5
[InvertedPendulum-v4] run=2 seed= 55 t=      412  ep=  67  ep_reward=     3.00  ep_steps=3
[InvertedPendulum-v4] run=2 seed= 55 t=      422  ep=  68  ep_reward=    10.00  ep_steps=10
[InvertedPendulum-v4] run=2 seed= 55 t=      436  ep=  69  ep_reward=    14.00  ep_steps=14
[InvertedPendulum-v4] run=2 seed= 55 t=      444  ep=  70  ep_reward=     8.00  ep_steps=8
[InvertedPendulum-v4] run=2 seed= 55 t=      449  ep=  71  ep_reward=     5.00  ep_steps=5
[InvertedPendulum-v4] run=2 seed= 55 t=      458  ep=  72  ep_reward=     9.00  ep_steps=9
[InvertedPendulum-v4] run=2 seed= 55 t=      466  ep=  73  ep_reward=     8.00  ep_steps=8
[InvertedPendulum-v4] run=2 seed= 55 t=      475  ep=  74  ep_reward=     9.00  ep_steps=9
[InvertedPendulum-v4] run=2 seed= 55 t=      480  ep=  75  ep_reward=     5.00  ep_steps=5
[InvertedPendulum-v4] run=2 seed= 55 t=      484  ep=  76  ep_reward=     4.00  ep_steps=4
[InvertedPendulum-v4] run=2 seed= 55 t=      495  ep=  77  ep_reward=    11.00  ep_steps=11
[InvertedPendulum-v4] run=2 seed= 55 t=      499  ep=  78  ep_reward=     4.00  ep_steps=4
[InvertedPendulum-v4] run=2 seed= 55 t=      502  ep=  79  ep_reward=     3.00  ep_steps=3
[InvertedPendulum-v4] run=2 seed= 55 t=      505  ep=  80  ep_reward=     3.00  ep_steps=3
[InvertedPendulum-v4] run=2 seed= 55 t=      511  ep=  81  ep_reward=     6.00  ep_steps=6
[InvertedPendulum-v4] run=2 seed= 55 t=      514  ep=  82  ep_reward=     3.00  ep_steps=3
[InvertedPendulum-v4] run=2 seed= 55 t=      517  ep=  83  ep_reward=     3.00  ep_steps=3
[InvertedPendulum-v4] run=2 seed= 55 t=      522  ep=  84  ep_reward=     5.00  ep_steps=5
[InvertedPendulum-v4] run=2 seed= 55 t=      526  ep=  85  ep_reward=     4.00  ep_steps=4
[InvertedPendulum-v4] run=2 seed= 55 t=      531  ep=  86  ep_reward=     5.00  ep_steps=5
[InvertedPendulum-v4] run=2 seed= 55 t=      535  ep=  87  ep_reward=     4.00  ep_steps=4
[InvertedPendulum-v4] run=2 seed= 55 t=      540  ep=  88  ep_reward=     5.00  ep_steps=5
[InvertedPendulum-v4] run=2 seed= 55 t=      543  ep=  89  ep_reward=     3.00  ep_steps=3
[InvertedPendulum-v4] run=2 seed= 55 t=      548  ep=  90  ep_reward=     5.00  ep_steps=5
[InvertedPendulum-v4] run=2 seed= 55 t=      551  ep=  91  ep_reward=     3.00  ep_steps=3
[InvertedPendulum-v4] run=2 seed= 55 t=      555  ep=  92  ep_reward=     4.00  ep_steps=4
[InvertedPendulum-v4] run=2 seed= 55 t=      564  ep=  93  ep_reward=     9.00  ep_steps=9
[InvertedPendulum-v4] run=2 seed= 55 t=      567  ep=  94  ep_reward=     3.00  ep_steps=3
[InvertedPendulum-v4] run=2 seed= 55 t=      570  ep=  95  ep_reward=     3.00  ep_steps=3
[InvertedPendulum-v4] run=2 seed= 55 t=      578  ep=  96  ep_reward=     8.00  ep_steps=8
[InvertedPendulum-v4] run=2 seed= 55 t=      581  ep=  97  ep_reward=     3.00  ep_steps=3
[InvertedPendulum-v4] run=2 seed= 55 t=      584  ep=  98  ep_reward=     3.00  ep_steps=3
[InvertedPendulum-v4] run=2 seed= 55 t=      594  ep=  99  ep_reward=    10.00  ep_steps=10
[InvertedPendulum-v4] run=2 seed= 55 t=      600  ep= 100  ep_reward=     6.00  ep_steps=6
[InvertedPendulum-v4] run=2 seed= 55 t=      603  ep= 101  ep_reward=     3.00  ep_steps=3
[InvertedPendulum-v4] run=2 seed= 55 t=      612  ep= 102  ep_reward=     9.00  ep_steps=9
[InvertedPendulum-v4] run=2 seed= 55 t=      617  ep= 103  ep_reward=     5.00  ep_steps=5
[InvertedPendulum-v4] run=2 seed= 55 t=      620  ep= 104  ep_reward=     3.00  ep_steps=3
[InvertedPendulum-v4] run=2 seed= 55 t=      631  ep= 105  ep_reward=    11.00  ep_steps=11
[InvertedPendulum-v4] run=2 seed= 55 t=      644  ep= 106  ep_reward=    13.00  ep_steps=13
[InvertedPendulum-v4] run=2 seed= 55 t=      650  ep= 107  ep_reward=     6.00  ep_steps=6
[InvertedPendulum-v4] run=2 seed= 55 t=      653  ep= 108  ep_reward=     3.00  ep_steps=3
[InvertedPendulum-v4] run=2 seed= 55 t=      656  ep= 109  ep_reward=     3.00  ep_steps=3
[InvertedPendulum-v4] run=2 seed= 55 t=      659  ep= 110  ep_reward=     3.00  ep_steps=3
[InvertedPendulum-v4] run=2 seed= 55 t=      666  ep= 111  ep_reward=     7.00  ep_steps=7
[InvertedPendulum-v4] run=2 seed= 55 t=      669  ep= 112  ep_reward=     3.00  ep_steps=3
[InvertedPendulum-v4] run=2 seed= 55 t=      676  ep= 113  ep_reward=     7.00  ep_steps=7
[InvertedPendulum-v4] run=2 seed= 55 t=      680  ep= 114  ep_reward=     4.00  ep_steps=4
[InvertedPendulum-v4] run=2 seed= 55 t=      686  ep= 115  ep_reward=     6.00  ep_steps=6
[InvertedPendulum-v4] run=2 seed= 55 t=      691  ep= 116  ep_reward=     5.00  ep_steps=5
[InvertedPendulum-v4] run=2 seed= 55 t=      694  ep= 117  ep_reward=     3.00  ep_steps=3
[InvertedPendulum-v4] run=2 seed= 55 t=      699  ep= 118  ep_reward=     5.00  ep_steps=5
[InvertedPendulum-v4] run=2 seed= 55 t=      715  ep= 119  ep_reward=    16.00  ep_steps=16
[InvertedPendulum-v4] run=2 seed= 55 t=      720  ep= 120  ep_reward=     5.00  ep_steps=5
[InvertedPendulum-v4] run=2 seed= 55 t=      727  ep= 121  ep_reward=     7.00  ep_steps=7
[InvertedPendulum-v4] run=2 seed= 55 t=      735  ep= 122  ep_reward=     8.00  ep_steps=8
[InvertedPendulum-v4] run=2 seed= 55 t=      740  ep= 123  ep_reward=     5.00  ep_steps=5
[InvertedPendulum-v4] run=2 seed= 55 t=      749  ep= 124  ep_reward=     9.00  ep_steps=9
[InvertedPendulum-v4] run=2 seed= 55 t=      752  ep= 125  ep_reward=     3.00  ep_steps=3
[InvertedPendulum-v4] run=2 seed= 55 t=      758  ep= 126  ep_reward=     6.00  ep_steps=6
[InvertedPendulum-v4] run=2 seed= 55 t=      761  ep= 127  ep_reward=     3.00  ep_steps=3
[InvertedPendulum-v4] run=2 seed= 55 t=      764  ep= 128  ep_reward=     3.00  ep_steps=3
[InvertedPendulum-v4] run=2 seed= 55 t=      767  ep= 129  ep_reward=     3.00  ep_steps=3
[InvertedPendulum-v4] run=2 seed= 55 t=      770  ep= 130  ep_reward=     3.00  ep_steps=3
[InvertedPendulum-v4] run=2 seed= 55 t=      773  ep= 131  ep_reward=     3.00  ep_steps=3
[InvertedPendulum-v4] run=2 seed= 55 t=      777  ep= 132  ep_reward=     4.00  ep_steps=4
[InvertedPendulum-v4] run=2 seed= 55 t=      781  ep= 133  ep_reward=     4.00  ep_steps=4
[InvertedPendulum-v4] run=2 seed= 55 t=      784  ep= 134  ep_reward=     3.00  ep_steps=3
[InvertedPendulum-v4] run=2 seed= 55 t=      788  ep= 135  ep_reward=     4.00  ep_steps=4
[InvertedPendulum-v4] run=2 seed= 55 t=      793  ep= 136  ep_reward=     5.00  ep_steps=5
[InvertedPendulum-v4] run=2 seed= 55 t=      796  ep= 137  ep_reward=     3.00  ep_steps=3
[InvertedPendulum-v4] run=2 seed= 55 t=      803  ep= 138  ep_reward=     7.00  ep_steps=7
[InvertedPendulum-v4] run=2 seed= 55 t=      807  ep= 139  ep_reward=     4.00  ep_steps=4
[InvertedPendulum-v4] run=2 seed= 55 t=      811  ep= 140  ep_reward=     4.00  ep_steps=4
[InvertedPendulum-v4] run=2 seed= 55 t=      815  ep= 141  ep_reward=     4.00  ep_steps=4
[InvertedPendulum-v4] run=2 seed= 55 t=      821  ep= 142  ep_reward=     6.00  ep_steps=6
[InvertedPendulum-v4] run=2 seed= 55 t=      825  ep= 143  ep_reward=     4.00  ep_steps=4
[InvertedPendulum-v4] run=2 seed= 55 t=      833  ep= 144  ep_reward=     8.00  ep_steps=8
[InvertedPendulum-v4] run=2 seed= 55 t=      836  ep= 145  ep_reward=     3.00  ep_steps=3
[InvertedPendulum-v4] run=2 seed= 55 t=      853  ep= 146  ep_reward=    17.00  ep_steps=17
[InvertedPendulum-v4] run=2 seed= 55 t=      858  ep= 147  ep_reward=     5.00  ep_steps=5
[InvertedPendulum-v4] run=2 seed= 55 t=      865  ep= 148  ep_reward=     7.00  ep_steps=7
[InvertedPendulum-v4] run=2 seed= 55 t=      872  ep= 149  ep_reward=     7.00  ep_steps=7
[InvertedPendulum-v4] run=2 seed= 55 t=      881  ep= 150  ep_reward=     9.00  ep_steps=9
[InvertedPendulum-v4] run=2 seed= 55 t=      890  ep= 151  ep_reward=     9.00  ep_steps=9
[InvertedPendulum-v4] run=2 seed= 55 t=      895  ep= 152  ep_reward=     5.00  ep_steps=5
[InvertedPendulum-v4] run=2 seed= 55 t=      898  ep= 153  ep_reward=     3.00  ep_steps=3
[InvertedPendulum-v4] run=2 seed= 55 t=      913  ep= 154  ep_reward=    15.00  ep_steps=15
[InvertedPendulum-v4] run=2 seed= 55 t=      916  ep= 155  ep_reward=     3.00  ep_steps=3
[InvertedPendulum-v4] run=2 seed= 55 t=      919  ep= 156  ep_reward=     3.00  ep_steps=3
[InvertedPendulum-v4] run=2 seed= 55 t=      923  ep= 157  ep_reward=     4.00  ep_steps=4
[InvertedPendulum-v4] run=2 seed= 55 t=      926  ep= 158  ep_reward=     3.00  ep_steps=3
[InvertedPendulum-v4] run=2 seed= 55 t=      932  ep= 159  ep_reward=     6.00  ep_steps=6
[InvertedPendulum-v4] run=2 seed= 55 t=      935  ep= 160  ep_reward=     3.00  ep_steps=3
[InvertedPendulum-v4] run=2 seed= 55 t=      953  ep= 161  ep_reward=    18.00  ep_steps=18
[InvertedPendulum-v4] run=2 seed= 55 t=      957  ep= 162  ep_reward=     4.00  ep_steps=4
[InvertedPendulum-v4] run=2 seed= 55 t=      964  ep= 163  ep_reward=     7.00  ep_steps=7
[InvertedPendulum-v4] run=2 seed= 55 t=      972  ep= 164  ep_reward=     8.00  ep_steps=8
[InvertedPendulum-v4] run=2 seed= 55 t=      979  ep= 165  ep_reward=     7.00  ep_steps=7
[InvertedPendulum-v4] run=2 seed= 55 t=      983  ep= 166  ep_reward=     4.00  ep_steps=4
[InvertedPendulum-v4] run=2 seed= 55 t=      988  ep= 167  ep_reward=     5.00  ep_steps=5
[InvertedPendulum-v4] run=2 seed= 55 t=      993  ep= 168  ep_reward=     5.00  ep_steps=5
[InvertedPendulum-v4] run=2 seed= 55 t=    1,000  ep= 169  ep_reward=     7.00  ep_steps=7
[InvertedPendulum-v4] run=2 seed= 55 t=    1,008  ep= 170  ep_reward=     8.00  ep_steps=8
[InvertedPendulum-v4] run=2 seed= 55 t=    1,019  ep= 171  ep_reward=    11.00  ep_steps=11
[InvertedPendulum-v4] run=2 seed= 55 t=    1,031  ep= 172  ep_reward=    12.00  ep_steps=12
[InvertedPendulum-v4] run=2 seed= 55 t=    1,038  ep= 173  ep_reward=     7.00  ep_steps=7
[InvertedPendulum-v4] run=2 seed= 55 t=    1,047  ep= 174  ep_reward=     9.00  ep_steps=9
[InvertedPendulum-v4] run=2 seed= 55 t=    1,050  ep= 175  ep_reward=     3.00  ep_steps=3
[InvertedPendulum-v4] run=2 seed= 55 t=    1,053  ep= 176  ep_reward=     3.00  ep_steps=3
[InvertedPendulum-v4] run=2 seed= 55 t=    1,056  ep= 177  ep_reward=     3.00  ep_steps=3
[InvertedPendulum-v4] run=2 seed= 55 t=    1,063  ep= 178  ep_reward=     7.00  ep_steps=7
[InvertedPendulum-v4] run=2 seed= 55 t=    1,069  ep= 179  ep_reward=     6.00  ep_steps=6
[InvertedPendulum-v4] run=2 seed= 55 t=    1,075  ep= 180  ep_reward=     6.00  ep_steps=6
[InvertedPendulum-v4] run=2 seed= 55 t=    1,079  ep= 181  ep_reward=     4.00  ep_steps=4
[InvertedPendulum-v4] run=2 seed= 55 t=    1,084  ep= 182  ep_reward=     5.00  ep_steps=5
[InvertedPendulum-v4] run=2 seed= 55 t=    1,100  ep= 183  ep_reward=    16.00  ep_steps=16
[InvertedPendulum-v4] run=2 seed= 55 t=    1,103  ep= 184  ep_reward=     3.00  ep_steps=3
[InvertedPendulum-v4] run=2 seed= 55 t=    1,118  ep= 185  ep_reward=    15.00  ep_steps=15
[InvertedPendulum-v4] run=2 seed= 55 t=    1,126  ep= 186  ep_reward=     8.00  ep_steps=8
[InvertedPendulum-v4] run=2 seed= 55 t=    1,135  ep= 187  ep_reward=     9.00  ep_steps=9
[InvertedPendulum-v4] run=2 seed= 55 t=    1,140  ep= 188  ep_reward=     5.00  ep_steps=5
[InvertedPendulum-v4] run=2 seed= 55 t=    1,143  ep= 189  ep_reward=     3.00  ep_steps=3
[InvertedPendulum-v4] run=2 seed= 55 t=    1,148  ep= 190  ep_reward=     5.00  ep_steps=5
[InvertedPendulum-v4] run=2 seed= 55 t=    1,152  ep= 191  ep_reward=     4.00  ep_steps=4
[InvertedPendulum-v4] run=2 seed= 55 t=    1,157  ep= 192  ep_reward=     5.00  ep_steps=5
[InvertedPendulum-v4] run=2 seed= 55 t=    1,169  ep= 193  ep_reward=    12.00  ep_steps=12
[InvertedPendulum-v4] run=2 seed= 55 t=    1,181  ep= 194  ep_reward=    12.00  ep_steps=12
[InvertedPendulum-v4] run=2 seed= 55 t=    1,187  ep= 195  ep_reward=     6.00  ep_steps=6
[InvertedPendulum-v4] run=2 seed= 55 t=    1,190  ep= 196  ep_reward=     3.00  ep_steps=3
[InvertedPendulum-v4] run=2 seed= 55 t=    1,195  ep= 197  ep_reward=     5.00  ep_steps=5
[InvertedPendulum-v4] run=2 seed= 55 t=    1,207  ep= 198  ep_reward=    12.00  ep_steps=12
[InvertedPendulum-v4] run=2 seed= 55 t=    1,212  ep= 199  ep_reward=     5.00  ep_steps=5
[InvertedPendulum-v4] run=2 seed= 55 t=    1,215  ep= 200  ep_reward=     3.00  ep_steps=3
[InvertedPendulum-v4] run=2 seed= 55 t=    1,218  ep= 201  ep_reward=     3.00  ep_steps=3
[InvertedPendulum-v4] run=2 seed= 55 t=    1,226  ep= 202  ep_reward=     8.00  ep_steps=8
[InvertedPendulum-v4] run=2 seed= 55 t=    1,234  ep= 203  ep_reward=     8.00  ep_steps=8
[InvertedPendulum-v4] run=2 seed= 55 t=    1,238  ep= 204  ep_reward=     4.00  ep_steps=4
[InvertedPendulum-v4] run=2 seed= 55 t=    1,244  ep= 205  ep_reward=     6.00  ep_steps=6
[InvertedPendulum-v4] run=2 seed= 55 t=    1,248  ep= 206  ep_reward=     4.00  ep_steps=4
[InvertedPendulum-v4] run=2 seed= 55 t=    1,256  ep= 207  ep_reward=     8.00  ep_steps=8
[InvertedPendulum-v4] run=2 seed= 55 t=    1,261  ep= 208  ep_reward=     5.00  ep_steps=5
[InvertedPendulum-v4] run=2 seed= 55 t=    1,265  ep= 209  ep_reward=     4.00  ep_steps=4
[InvertedPendulum-v4] run=2 seed= 55 t=    1,268  ep= 210  ep_reward=     3.00  ep_steps=3
[InvertedPendulum-v4] run=2 seed= 55 t=    1,272  ep= 211  ep_reward=     4.00  ep_steps=4
[InvertedPendulum-v4] run=2 seed= 55 t=    1,276  ep= 212  ep_reward=     4.00  ep_steps=4
[InvertedPendulum-v4] run=2 seed= 55 t=    1,284  ep= 213  ep_reward=     8.00  ep_steps=8
[InvertedPendulum-v4] run=2 seed= 55 t=    1,289  ep= 214  ep_reward=     5.00  ep_steps=5
[InvertedPendulum-v4] run=2 seed= 55 t=    1,294  ep= 215  ep_reward=     5.00  ep_steps=5
[InvertedPendulum-v4] run=2 seed= 55 t=    1,300  ep= 216  ep_reward=     6.00  ep_steps=6
[InvertedPendulum-v4] run=2 seed= 55 t=    1,303  ep= 217  ep_reward=     3.00  ep_steps=3
[InvertedPendulum-v4] run=2 seed= 55 t=    1,313  ep= 218  ep_reward=    10.00  ep_steps=10
[InvertedPendulum-v4] run=2 seed= 55 t=    1,317  ep= 219  ep_reward=     4.00  ep_steps=4
[InvertedPendulum-v4] run=2 seed= 55 t=    1,326  ep= 220  ep_reward=     9.00  ep_steps=9
[InvertedPendulum-v4] run=2 seed= 55 t=    1,331  ep= 221  ep_reward=     5.00  ep_steps=5
[InvertedPendulum-v4] run=2 seed= 55 t=    1,347  ep= 222  ep_reward=    16.00  ep_steps=16
[InvertedPendulum-v4] run=2 seed= 55 t=    1,355  ep= 223  ep_reward=     8.00  ep_steps=8
[InvertedPendulum-v4] run=2 seed= 55 t=    1,358  ep= 224  ep_reward=     3.00  ep_steps=3
[InvertedPendulum-v4] run=2 seed= 55 t=    1,363  ep= 225  ep_reward=     5.00  ep_steps=5
[InvertedPendulum-v4] run=2 seed= 55 t=    1,376  ep= 226  ep_reward=    13.00  ep_steps=13
[InvertedPendulum-v4] run=2 seed= 55 t=    1,389  ep= 227  ep_reward=    13.00  ep_steps=13
[InvertedPendulum-v4] run=2 seed= 55 t=    1,392  ep= 228  ep_reward=     3.00  ep_steps=3
[InvertedPendulum-v4] run=2 seed= 55 t=    1,396  ep= 229  ep_reward=     4.00  ep_steps=4
[InvertedPendulum-v4] run=2 seed= 55 t=    1,405  ep= 230  ep_reward=     9.00  ep_steps=9
[InvertedPendulum-v4] run=2 seed= 55 t=    1,410  ep= 231  ep_reward=     5.00  ep_steps=5
[InvertedPendulum-v4] run=2 seed= 55 t=    1,416  ep= 232  ep_reward=     6.00  ep_steps=6
[InvertedPendulum-v4] run=2 seed= 55 t=    1,425  ep= 233  ep_reward=     9.00  ep_steps=9
[InvertedPendulum-v4] run=2 seed= 55 t=    1,439  ep= 234  ep_reward=    14.00  ep_steps=14
[InvertedPendulum-v4] run=2 seed= 55 t=    1,443  ep= 235  ep_reward=     4.00  ep_steps=4
[InvertedPendulum-v4] run=2 seed= 55 t=    1,447  ep= 236  ep_reward=     4.00  ep_steps=4
[InvertedPendulum-v4] run=2 seed= 55 t=    1,455  ep= 237  ep_reward=     8.00  ep_steps=8
[InvertedPendulum-v4] run=2 seed= 55 t=    1,461  ep= 238  ep_reward=     6.00  ep_steps=6
[InvertedPendulum-v4] run=2 seed= 55 t=    1,471  ep= 239  ep_reward=    10.00  ep_steps=10
[InvertedPendulum-v4] run=2 seed= 55 t=    1,476  ep= 240  ep_reward=     5.00  ep_steps=5
[InvertedPendulum-v4] run=2 seed= 55 t=    1,482  ep= 241  ep_reward=     6.00  ep_steps=6
[InvertedPendulum-v4] run=2 seed= 55 t=    1,486  ep= 242  ep_reward=     4.00  ep_steps=4
[InvertedPendulum-v4] run=2 seed= 55 t=    1,492  ep= 243  ep_reward=     6.00  ep_steps=6
[InvertedPendulum-v4] run=2 seed= 55 t=    1,505  ep= 244  ep_reward=    13.00  ep_steps=13
[InvertedPendulum-v4] run=2 seed= 55 t=    1,518  ep= 245  ep_reward=    13.00  ep_steps=13
[InvertedPendulum-v4] run=2 seed= 55 t=    1,523  ep= 246  ep_reward=     5.00  ep_steps=5
[InvertedPendulum-v4] run=2 seed= 55 t=    1,530  ep= 247  ep_reward=     7.00  ep_steps=7
[InvertedPendulum-v4] run=2 seed= 55 t=    1,540  ep= 248  ep_reward=    10.00  ep_steps=10
[InvertedPendulum-v4] run=2 seed= 55 t=    1,543  ep= 249  ep_reward=     3.00  ep_steps=3
[InvertedPendulum-v4] run=2 seed= 55 t=    1,546  ep= 250  ep_reward=     3.00  ep_steps=3
[InvertedPendulum-v4] run=2 seed= 55 t=    1,552  ep= 251  ep_reward=     6.00  ep_steps=6
[InvertedPendulum-v4] run=2 seed= 55 t=    1,557  ep= 252  ep_reward=     5.00  ep_steps=5
[InvertedPendulum-v4] run=2 seed= 55 t=    1,560  ep= 253  ep_reward=     3.00  ep_steps=3
[InvertedPendulum-v4] run=2 seed= 55 t=    1,563  ep= 254  ep_reward=     3.00  ep_steps=3
[InvertedPendulum-v4] run=2 seed= 55 t=    1,569  ep= 255  ep_reward=     6.00  ep_steps=6
[InvertedPendulum-v4] run=2 seed= 55 t=    1,577  ep= 256  ep_reward=     8.00  ep_steps=8
[InvertedPendulum-v4] run=2 seed= 55 t=    1,583  ep= 257  ep_reward=     6.00  ep_steps=6
[InvertedPendulum-v4] run=2 seed= 55 t=    1,587  ep= 258  ep_reward=     4.00  ep_steps=4
[InvertedPendulum-v4] run=2 seed= 55 t=    1,594  ep= 259  ep_reward=     7.00  ep_steps=7
[InvertedPendulum-v4] run=2 seed= 55 t=    1,597  ep= 260  ep_reward=     3.00  ep_steps=3
[InvertedPendulum-v4] run=2 seed= 55 t=    1,601  ep= 261  ep_reward=     4.00  ep_steps=4
[InvertedPendulum-v4] run=2 seed= 55 t=    1,608  ep= 262  ep_reward=     7.00  ep_steps=7
[InvertedPendulum-v4] run=2 seed= 55 t=    1,619  ep= 263  ep_reward=    11.00  ep_steps=11
[InvertedPendulum-v4] run=2 seed= 55 t=    1,622  ep= 264  ep_reward=     3.00  ep_steps=3
[InvertedPendulum-v4] run=2 seed= 55 t=    1,627  ep= 265  ep_reward=     5.00  ep_steps=5
[InvertedPendulum-v4] run=2 seed= 55 t=    1,631  ep= 266  ep_reward=     4.00  ep_steps=4
[InvertedPendulum-v4] run=2 seed= 55 t=    1,634  ep= 267  ep_reward=     3.00  ep_steps=3
[InvertedPendulum-v4] run=2 seed= 55 t=    1,647  ep= 268  ep_reward=    13.00  ep_steps=13
[InvertedPendulum-v4] run=2 seed= 55 t=    1,654  ep= 269  ep_reward=     7.00  ep_steps=7
[InvertedPendulum-v4] run=2 seed= 55 t=    1,663  ep= 270  ep_reward=     9.00  ep_steps=9
[InvertedPendulum-v4] run=2 seed= 55 t=    1,670  ep= 271  ep_reward=     7.00  ep_steps=7
[InvertedPendulum-v4] run=2 seed= 55 t=    1,675  ep= 272  ep_reward=     5.00  ep_steps=5
[InvertedPendulum-v4] run=2 seed= 55 t=    1,682  ep= 273  ep_reward=     7.00  ep_steps=7
[InvertedPendulum-v4] run=2 seed= 55 t=    1,685  ep= 274  ep_reward=     3.00  ep_steps=3
[InvertedPendulum-v4] run=2 seed= 55 t=    1,688  ep= 275  ep_reward=     3.00  ep_steps=3
[InvertedPendulum-v4] run=2 seed= 55 t=    1,691  ep= 276  ep_reward=     3.00  ep_steps=3
[InvertedPendulum-v4] run=2 seed= 55 t=    1,696  ep= 277  ep_reward=     5.00  ep_steps=5
[InvertedPendulum-v4] run=2 seed= 55 t=    1,699  ep= 278  ep_reward=     3.00  ep_steps=3
[InvertedPendulum-v4] run=2 seed= 55 t=    1,702  ep= 279  ep_reward=     3.00  ep_steps=3
[InvertedPendulum-v4] run=2 seed= 55 t=    1,712  ep= 280  ep_reward=    10.00  ep_steps=10
[InvertedPendulum-v4] run=2 seed= 55 t=    1,715  ep= 281  ep_reward=     3.00  ep_steps=3
[InvertedPendulum-v4] run=2 seed= 55 t=    1,719  ep= 282  ep_reward=     4.00  ep_steps=4
[InvertedPendulum-v4] run=2 seed= 55 t=    1,723  ep= 283  ep_reward=     4.00  ep_steps=4
[InvertedPendulum-v4] run=2 seed= 55 t=    1,732  ep= 284  ep_reward=     9.00  ep_steps=9
[InvertedPendulum-v4] run=2 seed= 55 t=    1,739  ep= 285  ep_reward=     7.00  ep_steps=7
[InvertedPendulum-v4] run=2 seed= 55 t=    1,745  ep= 286  ep_reward=     6.00  ep_steps=6
[InvertedPendulum-v4] run=2 seed= 55 t=    1,750  ep= 287  ep_reward=     5.00  ep_steps=5
[InvertedPendulum-v4] run=2 seed= 55 t=    1,754  ep= 288  ep_reward=     4.00  ep_steps=4
[InvertedPendulum-v4] run=2 seed= 55 t=    1,758  ep= 289  ep_reward=     4.00  ep_steps=4
[InvertedPendulum-v4] run=2 seed= 55 t=    1,764  ep= 290  ep_reward=     6.00  ep_steps=6
[InvertedPendulum-v4] run=2 seed= 55 t=    1,772  ep= 291  ep_reward=     8.00  ep_steps=8
[InvertedPendulum-v4] run=2 seed= 55 t=    1,778  ep= 292  ep_reward=     6.00  ep_steps=6
[InvertedPendulum-v4] run=2 seed= 55 t=    1,782  ep= 293  ep_reward=     4.00  ep_steps=4
[InvertedPendulum-v4] run=2 seed= 55 t=    1,785  ep= 294  ep_reward=     3.00  ep_steps=3
[InvertedPendulum-v4] run=2 seed= 55 t=    1,789  ep= 295  ep_reward=     4.00  ep_steps=4
[InvertedPendulum-v4] run=2 seed= 55 t=    1,792  ep= 296  ep_reward=     3.00  ep_steps=3
[InvertedPendulum-v4] run=2 seed= 55 t=    1,804  ep= 297  ep_reward=    12.00  ep_steps=12
[InvertedPendulum-v4] run=2 seed= 55 t=    1,807  ep= 298  ep_reward=     3.00  ep_steps=3
[InvertedPendulum-v4] run=2 seed= 55 t=    1,811  ep= 299  ep_reward=     4.00  ep_steps=4
[InvertedPendulum-v4] run=2 seed= 55 t=    1,814  ep= 300  ep_reward=     3.00  ep_steps=3
[InvertedPendulum-v4] run=2 seed= 55 t=    1,817  ep= 301  ep_reward=     3.00  ep_steps=3
[InvertedPendulum-v4] run=2 seed= 55 t=    1,821  ep= 302  ep_reward=     4.00  ep_steps=4
[InvertedPendulum-v4] run=2 seed= 55 t=    1,829  ep= 303  ep_reward=     8.00  ep_steps=8
[InvertedPendulum-v4] run=2 seed= 55 t=    1,834  ep= 304  ep_reward=     5.00  ep_steps=5
[InvertedPendulum-v4] run=2 seed= 55 t=    1,837  ep= 305  ep_reward=     3.00  ep_steps=3
[InvertedPendulum-v4] run=2 seed= 55 t=    1,843  ep= 306  ep_reward=     6.00  ep_steps=6
[InvertedPendulum-v4] run=2 seed= 55 t=    1,847  ep= 307  ep_reward=     4.00  ep_steps=4
[InvertedPendulum-v4] run=2 seed= 55 t=    1,851  ep= 308  ep_reward=     4.00  ep_steps=4
[InvertedPendulum-v4] run=2 seed= 55 t=    1,855  ep= 309  ep_reward=     4.00  ep_steps=4
[InvertedPendulum-v4] run=2 seed= 55 t=    1,861  ep= 310  ep_reward=     6.00  ep_steps=6
[InvertedPendulum-v4] run=2 seed= 55 t=    1,864  ep= 311  ep_reward=     3.00  ep_steps=3
[InvertedPendulum-v4] run=2 seed= 55 t=    1,869  ep= 312  ep_reward=     5.00  ep_steps=5
[InvertedPendulum-v4] run=2 seed= 55 t=    1,874  ep= 313  ep_reward=     5.00  ep_steps=5
[InvertedPendulum-v4] run=2 seed= 55 t=    1,884  ep= 314  ep_reward=    10.00  ep_steps=10
[InvertedPendulum-v4] run=2 seed= 55 t=    1,889  ep= 315  ep_reward=     5.00  ep_steps=5
[InvertedPendulum-v4] run=2 seed= 55 t=    1,895  ep= 316  ep_reward=     6.00  ep_steps=6
[InvertedPendulum-v4] run=2 seed= 55 t=    1,899  ep= 317  ep_reward=     4.00  ep_steps=4
[InvertedPendulum-v4] run=2 seed= 55 t=    1,902  ep= 318  ep_reward=     3.00  ep_steps=3
[InvertedPendulum-v4] run=2 seed= 55 t=    1,907  ep= 319  ep_reward=     5.00  ep_steps=5
[InvertedPendulum-v4] run=2 seed= 55 t=    1,911  ep= 320  ep_reward=     4.00  ep_steps=4
[InvertedPendulum-v4] run=2 seed= 55 t=    1,915  ep= 321  ep_reward=     4.00  ep_steps=4
[InvertedPendulum-v4] run=2 seed= 55 t=    1,921  ep= 322  ep_reward=     6.00  ep_steps=6
[InvertedPendulum-v4] run=2 seed= 55 t=    1,925  ep= 323  ep_reward=     4.00  ep_steps=4
[InvertedPendulum-v4] run=2 seed= 55 t=    1,930  ep= 324  ep_reward=     5.00  ep_steps=5
[InvertedPendulum-v4] run=2 seed= 55 t=    1,934  ep= 325  ep_reward=     4.00  ep_steps=4
[InvertedPendulum-v4] run=2 seed= 55 t=    1,942  ep= 326  ep_reward=     8.00  ep_steps=8
[InvertedPendulum-v4] run=2 seed= 55 t=    1,949  ep= 327  ep_reward=     7.00  ep_steps=7
[InvertedPendulum-v4] run=2 seed= 55 t=    1,955  ep= 328  ep_reward=     6.00  ep_steps=6
[InvertedPendulum-v4] run=2 seed= 55 t=    1,969  ep= 329  ep_reward=    14.00  ep_steps=14
[InvertedPendulum-v4] run=2 seed= 55 t=    1,975  ep= 330  ep_reward=     6.00  ep_steps=6
[InvertedPendulum-v4] run=2 seed= 55 t=    1,980  ep= 331  ep_reward=     5.00  ep_steps=5
[InvertedPendulum-v4] run=2 seed= 55 t=    1,983  ep= 332  ep_reward=     3.00  ep_steps=3
[InvertedPendulum-v4] run=2 seed= 55 t=    1,986  ep= 333  ep_reward=     3.00  ep_steps=3
[InvertedPendulum-v4] run=2 seed= 55 t=    1,991  ep= 334  ep_reward=     5.00  ep_steps=5
[InvertedPendulum-v4] run=2 seed= 55 t=    1,996  ep= 335  ep_reward=     5.00  ep_steps=5
[InvertedPendulum-v4] run=2 seed= 55 t=    2,001  ep= 336  ep_reward=     5.00  ep_steps=5
[InvertedPendulum-v4] run=2 seed= 55 t=    2,010  ep= 337  ep_reward=     9.00  ep_steps=9
[InvertedPendulum-v4] run=2 seed= 55 t=    2,022  ep= 338  ep_reward=    12.00  ep_steps=12
[InvertedPendulum-v4] run=2 seed= 55 t=    2,037  ep= 339  ep_reward=    15.00  ep_steps=15
[InvertedPendulum-v4] run=2 seed= 55 t=    2,048  ep= 340  ep_reward=    11.00  ep_steps=11
[InvertedPendulum-v4] run=2 seed= 55 t=    2,054  ep= 341  ep_reward=     6.00  ep_steps=6
[InvertedPendulum-v4] run=2 seed= 55 t=    2,062  ep= 342  ep_reward=     8.00  ep_steps=8
[InvertedPendulum-v4] run=2 seed= 55 t=    2,066  ep= 343  ep_reward=     4.00  ep_steps=4
[InvertedPendulum-v4] run=2 seed= 55 t=    2,080  ep= 344  ep_reward=    14.00  ep_steps=14
[InvertedPendulum-v4] run=2 seed= 55 t=    2,084  ep= 345  ep_reward=     4.00  ep_steps=4
[InvertedPendulum-v4] run=2 seed= 55 t=    2,088  ep= 346  ep_reward=     4.00  ep_steps=4
[InvertedPendulum-v4] run=2 seed= 55 t=    2,097  ep= 347  ep_reward=     9.00  ep_steps=9
[InvertedPendulum-v4] run=2 seed= 55 t=    2,101  ep= 348  ep_reward=     4.00  ep_steps=4
[InvertedPendulum-v4] run=2 seed= 55 t=    2,107  ep= 349  ep_reward=     6.00  ep_steps=6
[InvertedPendulum-v4] run=2 seed= 55 t=    2,110  ep= 350  ep_reward=     3.00  ep_steps=3
[InvertedPendulum-v4] run=2 seed= 55 t=    2,114  ep= 351  ep_reward=     4.00  ep_steps=4
[InvertedPendulum-v4] run=2 seed= 55 t=    2,117  ep= 352  ep_reward=     3.00  ep_steps=3
[InvertedPendulum-v4] run=2 seed= 55 t=    2,121  ep= 353  ep_reward=     4.00  ep_steps=4
[InvertedPendulum-v4] run=2 seed= 55 t=    2,124  ep= 354  ep_reward=     3.00  ep_steps=3
[InvertedPendulum-v4] run=2 seed= 55 t=    2,128  ep= 355  ep_reward=     4.00  ep_steps=4
[InvertedPendulum-v4] run=2 seed= 55 t=    2,133  ep= 356  ep_reward=     5.00  ep_steps=5
[InvertedPendulum-v4] run=2 seed= 55 t=    2,137  ep= 357  ep_reward=     4.00  ep_steps=4
[InvertedPendulum-v4] run=2 seed= 55 t=    2,143  ep= 358  ep_reward=     6.00  ep_steps=6
[InvertedPendulum-v4] run=2 seed= 55 t=    2,157  ep= 359  ep_reward=    14.00  ep_steps=14
[InvertedPendulum-v4] run=2 seed= 55 t=    2,162  ep= 360  ep_reward=     5.00  ep_steps=5
[InvertedPendulum-v4] run=2 seed= 55 t=    2,166  ep= 361  ep_reward=     4.00  ep_steps=4
[InvertedPendulum-v4] run=2 seed= 55 t=    2,170  ep= 362  ep_reward=     4.00  ep_steps=4
[InvertedPendulum-v4] run=2 seed= 55 t=    2,176  ep= 363  ep_reward=     6.00  ep_steps=6
[InvertedPendulum-v4] run=2 seed= 55 t=    2,180  ep= 364  ep_reward=     4.00  ep_steps=4
[InvertedPendulum-v4] run=2 seed= 55 t=    2,191  ep= 365  ep_reward=    11.00  ep_steps=11
[InvertedPendulum-v4] run=2 seed= 55 t=    2,197  ep= 366  ep_reward=     6.00  ep_steps=6
[InvertedPendulum-v4] run=2 seed= 55 t=    2,203  ep= 367  ep_reward=     6.00  ep_steps=6
[InvertedPendulum-v4] run=2 seed= 55 t=    2,206  ep= 368  ep_reward=     3.00  ep_steps=3
[InvertedPendulum-v4] run=2 seed= 55 t=    2,209  ep= 369  ep_reward=     3.00  ep_steps=3
[InvertedPendulum-v4] run=2 seed= 55 t=    2,213  ep= 370  ep_reward=     4.00  ep_steps=4
[InvertedPendulum-v4] run=2 seed= 55 t=    2,229  ep= 371  ep_reward=    16.00  ep_steps=16
[InvertedPendulum-v4] run=2 seed= 55 t=    2,233  ep= 372  ep_reward=     4.00  ep_steps=4
[InvertedPendulum-v4] run=2 seed= 55 t=    2,240  ep= 373  ep_reward=     7.00  ep_steps=7
[InvertedPendulum-v4] run=2 seed= 55 t=    2,249  ep= 374  ep_reward=     9.00  ep_steps=9
[InvertedPendulum-v4] run=2 seed= 55 t=    2,253  ep= 375  ep_reward=     4.00  ep_steps=4
[InvertedPendulum-v4] run=2 seed= 55 t=    2,262  ep= 376  ep_reward=     9.00  ep_steps=9
[InvertedPendulum-v4] run=2 seed= 55 t=    2,267  ep= 377  ep_reward=     5.00  ep_steps=5
[InvertedPendulum-v4] run=2 seed= 55 t=    2,282  ep= 378  ep_reward=    15.00  ep_steps=15
[InvertedPendulum-v4] run=2 seed= 55 t=    2,287  ep= 379  ep_reward=     5.00  ep_steps=5
[InvertedPendulum-v4] run=2 seed= 55 t=    2,290  ep= 380  ep_reward=     3.00  ep_steps=3
[InvertedPendulum-v4] run=2 seed= 55 t=    2,293  ep= 381  ep_reward=     3.00  ep_steps=3
[InvertedPendulum-v4] run=2 seed= 55 t=    2,305  ep= 382  ep_reward=    12.00  ep_steps=12
[InvertedPendulum-v4] run=2 seed= 55 t=    2,308  ep= 383  ep_reward=     3.00  ep_steps=3
[InvertedPendulum-v4] run=2 seed= 55 t=    2,313  ep= 384  ep_reward=     5.00  ep_steps=5
[InvertedPendulum-v4] run=2 seed= 55 t=    2,317  ep= 385  ep_reward=     4.00  ep_steps=4
[InvertedPendulum-v4] run=2 seed= 55 t=    2,321  ep= 386  ep_reward=     4.00  ep_steps=4
[InvertedPendulum-v4] run=2 seed= 55 t=    2,325  ep= 387  ep_reward=     4.00  ep_steps=4
[InvertedPendulum-v4] run=2 seed= 55 t=    2,335  ep= 388  ep_reward=    10.00  ep_steps=10
[InvertedPendulum-v4] run=2 seed= 55 t=    2,338  ep= 389  ep_reward=     3.00  ep_steps=3
[InvertedPendulum-v4] run=2 seed= 55 t=    2,347  ep= 390  ep_reward=     9.00  ep_steps=9
[InvertedPendulum-v4] run=2 seed= 55 t=    2,352  ep= 391  ep_reward=     5.00  ep_steps=5
[InvertedPendulum-v4] run=2 seed= 55 t=    2,358  ep= 392  ep_reward=     6.00  ep_steps=6
[InvertedPendulum-v4] run=2 seed= 55 t=    2,366  ep= 393  ep_reward=     8.00  ep_steps=8
[InvertedPendulum-v4] run=2 seed= 55 t=    2,371  ep= 394  ep_reward=     5.00  ep_steps=5
[InvertedPendulum-v4] run=2 seed= 55 t=    2,376  ep= 395  ep_reward=     5.00  ep_steps=5
[InvertedPendulum-v4] run=2 seed= 55 t=    2,379  ep= 396  ep_reward=     3.00  ep_steps=3
[InvertedPendulum-v4] run=2 seed= 55 t=    2,392  ep= 397  ep_reward=    13.00  ep_steps=13
[InvertedPendulum-v4] run=2 seed= 55 t=    2,396  ep= 398  ep_reward=     4.00  ep_steps=4
[InvertedPendulum-v4] run=2 seed= 55 t=    2,404  ep= 399  ep_reward=     8.00  ep_steps=8
[InvertedPendulum-v4] run=2 seed= 55 t=    2,408  ep= 400  ep_reward=     4.00  ep_steps=4
[InvertedPendulum-v4] run=2 seed= 55 t=    2,411  ep= 401  ep_reward=     3.00  ep_steps=3
[InvertedPendulum-v4] run=2 seed= 55 t=    2,420  ep= 402  ep_reward=     9.00  ep_steps=9
[InvertedPendulum-v4] run=2 seed= 55 t=    2,425  ep= 403  ep_reward=     5.00  ep_steps=5
[InvertedPendulum-v4] run=2 seed= 55 t=    2,430  ep= 404  ep_reward=     5.00  ep_steps=5
[InvertedPendulum-v4] run=2 seed= 55 t=    2,433  ep= 405  ep_reward=     3.00  ep_steps=3
[InvertedPendulum-v4] run=2 seed= 55 t=    2,436  ep= 406  ep_reward=     3.00  ep_steps=3
[InvertedPendulum-v4] run=2 seed= 55 t=    2,439  ep= 407  ep_reward=     3.00  ep_steps=3
[InvertedPendulum-v4] run=2 seed= 55 t=    2,444  ep= 408  ep_reward=     5.00  ep_steps=5
[InvertedPendulum-v4] run=2 seed= 55 t=    2,448  ep= 409  ep_reward=     4.00  ep_steps=4
[InvertedPendulum-v4] run=2 seed= 55 t=    2,453  ep= 410  ep_reward=     5.00  ep_steps=5
[InvertedPendulum-v4] run=2 seed= 55 t=    2,457  ep= 411  ep_reward=     4.00  ep_steps=4
[InvertedPendulum-v4] run=2 seed= 55 t=    2,460  ep= 412  ep_reward=     3.00  ep_steps=3
[InvertedPendulum-v4] run=2 seed= 55 t=    2,464  ep= 413  ep_reward=     4.00  ep_steps=4
[InvertedPendulum-v4] run=2 seed= 55 t=    2,467  ep= 414  ep_reward=     3.00  ep_steps=3
[InvertedPendulum-v4] run=2 seed= 55 t=    2,471  ep= 415  ep_reward=     4.00  ep_steps=4
[InvertedPendulum-v4] run=2 seed= 55 t=    2,474  ep= 416  ep_reward=     3.00  ep_steps=3
[InvertedPendulum-v4] run=2 seed= 55 t=    2,478  ep= 417  ep_reward=     4.00  ep_steps=4
[InvertedPendulum-v4] run=2 seed= 55 t=    2,482  ep= 418  ep_reward=     4.00  ep_steps=4
[InvertedPendulum-v4] run=2 seed= 55 t=    2,489  ep= 419  ep_reward=     7.00  ep_steps=7
[InvertedPendulum-v4] run=2 seed= 55 t=    2,502  ep= 420  ep_reward=    13.00  ep_steps=13
[InvertedPendulum-v4] run=2 seed= 55 t=    2,506  ep= 421  ep_reward=     4.00  ep_steps=4
[InvertedPendulum-v4] run=2 seed= 55 t=    2,516  ep= 422  ep_reward=    10.00  ep_steps=10
[InvertedPendulum-v4] run=2 seed= 55 t=    2,519  ep= 423  ep_reward=     3.00  ep_steps=3
[InvertedPendulum-v4] run=2 seed= 55 t=    2,523  ep= 424  ep_reward=     4.00  ep_steps=4
[InvertedPendulum-v4] run=2 seed= 55 t=    2,528  ep= 425  ep_reward=     5.00  ep_steps=5
[InvertedPendulum-v4] run=2 seed= 55 t=    2,532  ep= 426  ep_reward=     4.00  ep_steps=4
[InvertedPendulum-v4] run=2 seed= 55 t=    2,539  ep= 427  ep_reward=     7.00  ep_steps=7
[InvertedPendulum-v4] run=2 seed= 55 t=    2,546  ep= 428  ep_reward=     7.00  ep_steps=7
[InvertedPendulum-v4] run=2 seed= 55 t=    2,549  ep= 429  ep_reward=     3.00  ep_steps=3
[InvertedPendulum-v4] run=2 seed= 55 t=    2,556  ep= 430  ep_reward=     7.00  ep_steps=7
[InvertedPendulum-v4] run=2 seed= 55 t=    2,585  ep= 431  ep_reward=    29.00  ep_steps=29
[InvertedPendulum-v4] run=2 seed= 55 t=    2,592  ep= 432  ep_reward=     7.00  ep_steps=7
[InvertedPendulum-v4] run=2 seed= 55 t=    2,596  ep= 433  ep_reward=     4.00  ep_steps=4
[InvertedPendulum-v4] run=2 seed= 55 t=    2,603  ep= 434  ep_reward=     7.00  ep_steps=7
[InvertedPendulum-v4] run=2 seed= 55 t=    2,607  ep= 435  ep_reward=     4.00  ep_steps=4
[InvertedPendulum-v4] run=2 seed= 55 t=    2,616  ep= 436  ep_reward=     9.00  ep_steps=9
[InvertedPendulum-v4] run=2 seed= 55 t=    2,620  ep= 437  ep_reward=     4.00  ep_steps=4
[InvertedPendulum-v4] run=2 seed= 55 t=    2,630  ep= 438  ep_reward=    10.00  ep_steps=10
[InvertedPendulum-v4] run=2 seed= 55 t=    2,640  ep= 439  ep_reward=    10.00  ep_steps=10
[InvertedPendulum-v4] run=2 seed= 55 t=    2,648  ep= 440  ep_reward=     8.00  ep_steps=8
[InvertedPendulum-v4] run=2 seed= 55 t=    2,658  ep= 441  ep_reward=    10.00  ep_steps=10
[InvertedPendulum-v4] run=2 seed= 55 t=    2,662  ep= 442  ep_reward=     4.00  ep_steps=4
[InvertedPendulum-v4] run=2 seed= 55 t=    2,668  ep= 443  ep_reward=     6.00  ep_steps=6
[InvertedPendulum-v4] run=2 seed= 55 t=    2,672  ep= 444  ep_reward=     4.00  ep_steps=4
[InvertedPendulum-v4] run=2 seed= 55 t=    2,678  ep= 445  ep_reward=     6.00  ep_steps=6
[InvertedPendulum-v4] run=2 seed= 55 t=    2,685  ep= 446  ep_reward=     7.00  ep_steps=7
[InvertedPendulum-v4] run=2 seed= 55 t=    2,690  ep= 447  ep_reward=     5.00  ep_steps=5
[InvertedPendulum-v4] run=2 seed= 55 t=    2,697  ep= 448  ep_reward=     7.00  ep_steps=7
[InvertedPendulum-v4] run=2 seed= 55 t=    2,701  ep= 449  ep_reward=     4.00  ep_steps=4
[InvertedPendulum-v4] run=2 seed= 55 t=    2,704  ep= 450  ep_reward=     3.00  ep_steps=3
[InvertedPendulum-v4] run=2 seed= 55 t=    2,708  ep= 451  ep_reward=     4.00  ep_steps=4
[InvertedPendulum-v4] run=2 seed= 55 t=    2,712  ep= 452  ep_reward=     4.00  ep_steps=4
[InvertedPendulum-v4] run=2 seed= 55 t=    2,717  ep= 453  ep_reward=     5.00  ep_steps=5
[InvertedPendulum-v4] run=2 seed= 55 t=    2,724  ep= 454  ep_reward=     7.00  ep_steps=7
[InvertedPendulum-v4] run=2 seed= 55 t=    2,732  ep= 455  ep_reward=     8.00  ep_steps=8
[InvertedPendulum-v4] run=2 seed= 55 t=    2,736  ep= 456  ep_reward=     4.00  ep_steps=4
[InvertedPendulum-v4] run=2 seed= 55 t=    2,745  ep= 457  ep_reward=     9.00  ep_steps=9
[InvertedPendulum-v4] run=2 seed= 55 t=    2,749  ep= 458  ep_reward=     4.00  ep_steps=4
[InvertedPendulum-v4] run=2 seed= 55 t=    2,752  ep= 459  ep_reward=     3.00  ep_steps=3
[InvertedPendulum-v4] run=2 seed= 55 t=    2,755  ep= 460  ep_reward=     3.00  ep_steps=3
[InvertedPendulum-v4] run=2 seed= 55 t=    2,758  ep= 461  ep_reward=     3.00  ep_steps=3
[InvertedPendulum-v4] run=2 seed= 55 t=    2,761  ep= 462  ep_reward=     3.00  ep_steps=3
[InvertedPendulum-v4] run=2 seed= 55 t=    2,764  ep= 463  ep_reward=     3.00  ep_steps=3
[InvertedPendulum-v4] run=2 seed= 55 t=    2,771  ep= 464  ep_reward=     7.00  ep_steps=7
[InvertedPendulum-v4] run=2 seed= 55 t=    2,776  ep= 465  ep_reward=     5.00  ep_steps=5
[InvertedPendulum-v4] run=2 seed= 55 t=    2,784  ep= 466  ep_reward=     8.00  ep_steps=8
[InvertedPendulum-v4] run=2 seed= 55 t=    2,788  ep= 467  ep_reward=     4.00  ep_steps=4
[InvertedPendulum-v4] run=2 seed= 55 t=    2,792  ep= 468  ep_reward=     4.00  ep_steps=4
[InvertedPendulum-v4] run=2 seed= 55 t=    2,795  ep= 469  ep_reward=     3.00  ep_steps=3
[InvertedPendulum-v4] run=2 seed= 55 t=    2,800  ep= 470  ep_reward=     5.00  ep_steps=5
[InvertedPendulum-v4] run=2 seed= 55 t=    2,804  ep= 471  ep_reward=     4.00  ep_steps=4
[InvertedPendulum-v4] run=2 seed= 55 t=    2,813  ep= 472  ep_reward=     9.00  ep_steps=9
[InvertedPendulum-v4] run=2 seed= 55 t=    2,818  ep= 473  ep_reward=     5.00  ep_steps=5
[InvertedPendulum-v4] run=2 seed= 55 t=    2,825  ep= 474  ep_reward=     7.00  ep_steps=7
[InvertedPendulum-v4] run=2 seed= 55 t=    2,828  ep= 475  ep_reward=     3.00  ep_steps=3
[InvertedPendulum-v4] run=2 seed= 55 t=    2,831  ep= 476  ep_reward=     3.00  ep_steps=3
[InvertedPendulum-v4] run=2 seed= 55 t=    2,834  ep= 477  ep_reward=     3.00  ep_steps=3
[InvertedPendulum-v4] run=2 seed= 55 t=    2,837  ep= 478  ep_reward=     3.00  ep_steps=3
[InvertedPendulum-v4] run=2 seed= 55 t=    2,840  ep= 479  ep_reward=     3.00  ep_steps=3
[InvertedPendulum-v4] run=2 seed= 55 t=    2,849  ep= 480  ep_reward=     9.00  ep_steps=9
[InvertedPendulum-v4] run=2 seed= 55 t=    2,854  ep= 481  ep_reward=     5.00  ep_steps=5
[InvertedPendulum-v4] run=2 seed= 55 t=    2,858  ep= 482  ep_reward=     4.00  ep_steps=4
[InvertedPendulum-v4] run=2 seed= 55 t=    2,866  ep= 483  ep_reward=     8.00  ep_steps=8
[InvertedPendulum-v4] run=2 seed= 55 t=    2,873  ep= 484  ep_reward=     7.00  ep_steps=7
[InvertedPendulum-v4] run=2 seed= 55 t=    2,878  ep= 485  ep_reward=     5.00  ep_steps=5
[InvertedPendulum-v4] run=2 seed= 55 t=    2,885  ep= 486  ep_reward=     7.00  ep_steps=7
[InvertedPendulum-v4] run=2 seed= 55 t=    2,890  ep= 487  ep_reward=     5.00  ep_steps=5
[InvertedPendulum-v4] run=2 seed= 55 t=    2,895  ep= 488  ep_reward=     5.00  ep_steps=5
[InvertedPendulum-v4] run=2 seed= 55 t=    2,900  ep= 489  ep_reward=     5.00  ep_steps=5
[InvertedPendulum-v4] run=2 seed= 55 t=    2,906  ep= 490  ep_reward=     6.00  ep_steps=6
[InvertedPendulum-v4] run=2 seed= 55 t=    2,909  ep= 491  ep_reward=     3.00  ep_steps=3
[InvertedPendulum-v4] run=2 seed= 55 t=    2,912  ep= 492  ep_reward=     3.00  ep_steps=3
[InvertedPendulum-v4] run=2 seed= 55 t=    2,915  ep= 493  ep_reward=     3.00  ep_steps=3
[InvertedPendulum-v4] run=2 seed= 55 t=    2,919  ep= 494  ep_reward=     4.00  ep_steps=4
[InvertedPendulum-v4] run=2 seed= 55 t=    2,922  ep= 495  ep_reward=     3.00  ep_steps=3
[InvertedPendulum-v4] run=2 seed= 55 t=    2,925  ep= 496  ep_reward=     3.00  ep_steps=3
[InvertedPendulum-v4] run=2 seed= 55 t=    2,932  ep= 497  ep_reward=     7.00  ep_steps=7
[InvertedPendulum-v4] run=2 seed= 55 t=    2,937  ep= 498  ep_reward=     5.00  ep_steps=5
[InvertedPendulum-v4] run=2 seed= 55 t=    2,940  ep= 499  ep_reward=     3.00  ep_steps=3
[InvertedPendulum-v4] run=2 seed= 55 t=    2,954  ep= 500  ep_reward=    14.00  ep_steps=14
[InvertedPendulum-v4] run=2 seed= 55 t=    2,961  ep= 501  ep_reward=     7.00  ep_steps=7
[InvertedPendulum-v4] run=2 seed= 55 t=    2,965  ep= 502  ep_reward=     4.00  ep_steps=4
[InvertedPendulum-v4] run=2 seed= 55 t=    2,977  ep= 503  ep_reward=    12.00  ep_steps=12
[InvertedPendulum-v4] run=2 seed= 55 t=    2,980  ep= 504  ep_reward=     3.00  ep_steps=3
[InvertedPendulum-v4] run=2 seed= 55 t=    2,984  ep= 505  ep_reward=     4.00  ep_steps=4
[InvertedPendulum-v4] run=2 seed= 55 t=    2,997  ep= 506  ep_reward=    13.00  ep_steps=13
[InvertedPendulum-v4] run=2 seed= 55 t=    3,000  ep= 507  ep_reward=     3.00  ep_steps=3
[InvertedPendulum-v4] run=2 seed= 55 t=    3,004  ep= 508  ep_reward=     4.00  ep_steps=4
[InvertedPendulum-v4] run=2 seed= 55 t=    3,007  ep= 509  ep_reward=     3.00  ep_steps=3
[InvertedPendulum-v4] run=2 seed= 55 t=    3,011  ep= 510  ep_reward=     4.00  ep_steps=4
[InvertedPendulum-v4] run=2 seed= 55 t=    3,017  ep= 511  ep_reward=     6.00  ep_steps=6
[InvertedPendulum-v4] run=2 seed= 55 t=    3,023  ep= 512  ep_reward=     6.00  ep_steps=6
[InvertedPendulum-v4] run=2 seed= 55 t=    3,029  ep= 513  ep_reward=     6.00  ep_steps=6
[InvertedPendulum-v4] run=2 seed= 55 t=    3,033  ep= 514  ep_reward=     4.00  ep_steps=4
[InvertedPendulum-v4] run=2 seed= 55 t=    3,043  ep= 515  ep_reward=    10.00  ep_steps=10
[InvertedPendulum-v4] run=2 seed= 55 t=    3,048  ep= 516  ep_reward=     5.00  ep_steps=5
[InvertedPendulum-v4] run=2 seed= 55 t=    3,053  ep= 517  ep_reward=     5.00  ep_steps=5
[InvertedPendulum-v4] run=2 seed= 55 t=    3,065  ep= 518  ep_reward=    12.00  ep_steps=12
[InvertedPendulum-v4] run=2 seed= 55 t=    3,069  ep= 519  ep_reward=     4.00  ep_steps=4
[InvertedPendulum-v4] run=2 seed= 55 t=    3,072  ep= 520  ep_reward=     3.00  ep_steps=3
[InvertedPendulum-v4] run=2 seed= 55 t=    3,079  ep= 521  ep_reward=     7.00  ep_steps=7
[InvertedPendulum-v4] run=2 seed= 55 t=    3,089  ep= 522  ep_reward=    10.00  ep_steps=10
[InvertedPendulum-v4] run=2 seed= 55 t=    3,095  ep= 523  ep_reward=     6.00  ep_steps=6
[InvertedPendulum-v4] run=2 seed= 55 t=    3,099  ep= 524  ep_reward=     4.00  ep_steps=4
[InvertedPendulum-v4] run=2 seed= 55 t=    3,104  ep= 525  ep_reward=     5.00  ep_steps=5
[InvertedPendulum-v4] run=2 seed= 55 t=    3,107  ep= 526  ep_reward=     3.00  ep_steps=3
[InvertedPendulum-v4] run=2 seed= 55 t=    3,112  ep= 527  ep_reward=     5.00  ep_steps=5
[InvertedPendulum-v4] run=2 seed= 55 t=    3,122  ep= 528  ep_reward=    10.00  ep_steps=10
[InvertedPendulum-v4] run=2 seed= 55 t=    3,125  ep= 529  ep_reward=     3.00  ep_steps=3
[InvertedPendulum-v4] run=2 seed= 55 t=    3,133  ep= 530  ep_reward=     8.00  ep_steps=8
[InvertedPendulum-v4] run=2 seed= 55 t=    3,140  ep= 531  ep_reward=     7.00  ep_steps=7
[InvertedPendulum-v4] run=2 seed= 55 t=    3,144  ep= 532  ep_reward=     4.00  ep_steps=4
[InvertedPendulum-v4] run=2 seed= 55 t=    3,147  ep= 533  ep_reward=     3.00  ep_steps=3
[InvertedPendulum-v4] run=2 seed= 55 t=    3,151  ep= 534  ep_reward=     4.00  ep_steps=4
[InvertedPendulum-v4] run=2 seed= 55 t=    3,157  ep= 535  ep_reward=     6.00  ep_steps=6
[InvertedPendulum-v4] run=2 seed= 55 t=    3,163  ep= 536  ep_reward=     6.00  ep_steps=6
[InvertedPendulum-v4] run=2 seed= 55 t=    3,171  ep= 537  ep_reward=     8.00  ep_steps=8
[InvertedPendulum-v4] run=2 seed= 55 t=    3,176  ep= 538  ep_reward=     5.00  ep_steps=5
[InvertedPendulum-v4] run=2 seed= 55 t=    3,180  ep= 539  ep_reward=     4.00  ep_steps=4
[InvertedPendulum-v4] run=2 seed= 55 t=    3,183  ep= 540  ep_reward=     3.00  ep_steps=3
[InvertedPendulum-v4] run=2 seed= 55 t=    3,188  ep= 541  ep_reward=     5.00  ep_steps=5
[InvertedPendulum-v4] run=2 seed= 55 t=    3,192  ep= 542  ep_reward=     4.00  ep_steps=4
[InvertedPendulum-v4] run=2 seed= 55 t=    3,198  ep= 543  ep_reward=     6.00  ep_steps=6
[InvertedPendulum-v4] run=2 seed= 55 t=    3,203  ep= 544  ep_reward=     5.00  ep_steps=5
[InvertedPendulum-v4] run=2 seed= 55 t=    3,206  ep= 545  ep_reward=     3.00  ep_steps=3
[InvertedPendulum-v4] run=2 seed= 55 t=    3,221  ep= 546  ep_reward=    15.00  ep_steps=15
[InvertedPendulum-v4] run=2 seed= 55 t=    3,224  ep= 547  ep_reward=     3.00  ep_steps=3
[InvertedPendulum-v4] run=2 seed= 55 t=    3,227  ep= 548  ep_reward=     3.00  ep_steps=3
[InvertedPendulum-v4] run=2 seed= 55 t=    3,241  ep= 549  ep_reward=    14.00  ep_steps=14
[InvertedPendulum-v4] run=2 seed= 55 t=    3,248  ep= 550  ep_reward=     7.00  ep_steps=7
[InvertedPendulum-v4] run=2 seed= 55 t=    3,251  ep= 551  ep_reward=     3.00  ep_steps=3
[InvertedPendulum-v4] run=2 seed= 55 t=    3,260  ep= 552  ep_reward=     9.00  ep_steps=9
[InvertedPendulum-v4] run=2 seed= 55 t=    3,270  ep= 553  ep_reward=    10.00  ep_steps=10
[InvertedPendulum-v4] run=2 seed= 55 t=    3,276  ep= 554  ep_reward=     6.00  ep_steps=6
[InvertedPendulum-v4] run=2 seed= 55 t=    3,284  ep= 555  ep_reward=     8.00  ep_steps=8
[InvertedPendulum-v4] run=2 seed= 55 t=    3,288  ep= 556  ep_reward=     4.00  ep_steps=4
[InvertedPendulum-v4] run=2 seed= 55 t=    3,308  ep= 557  ep_reward=    20.00  ep_steps=20
[InvertedPendulum-v4] run=2 seed= 55 t=    3,312  ep= 558  ep_reward=     4.00  ep_steps=4
[InvertedPendulum-v4] run=2 seed= 55 t=    3,315  ep= 559  ep_reward=     3.00  ep_steps=3
[InvertedPendulum-v4] run=2 seed= 55 t=    3,322  ep= 560  ep_reward=     7.00  ep_steps=7
[InvertedPendulum-v4] run=2 seed= 55 t=    3,335  ep= 561  ep_reward=    13.00  ep_steps=13
[InvertedPendulum-v4] run=2 seed= 55 t=    3,339  ep= 562  ep_reward=     4.00  ep_steps=4
[InvertedPendulum-v4] run=2 seed= 55 t=    3,345  ep= 563  ep_reward=     6.00  ep_steps=6
[InvertedPendulum-v4] run=2 seed= 55 t=    3,350  ep= 564  ep_reward=     5.00  ep_steps=5
[InvertedPendulum-v4] run=2 seed= 55 t=    3,355  ep= 565  ep_reward=     5.00  ep_steps=5
[InvertedPendulum-v4] run=2 seed= 55 t=    3,362  ep= 566  ep_reward=     7.00  ep_steps=7
[InvertedPendulum-v4] run=2 seed= 55 t=    3,365  ep= 567  ep_reward=     3.00  ep_steps=3
[InvertedPendulum-v4] run=2 seed= 55 t=    3,369  ep= 568  ep_reward=     4.00  ep_steps=4
[InvertedPendulum-v4] run=2 seed= 55 t=    3,374  ep= 569  ep_reward=     5.00  ep_steps=5
[InvertedPendulum-v4] run=2 seed= 55 t=    3,378  ep= 570  ep_reward=     4.00  ep_steps=4
[InvertedPendulum-v4] run=2 seed= 55 t=    3,384  ep= 571  ep_reward=     6.00  ep_steps=6
[InvertedPendulum-v4] run=2 seed= 55 t=    3,391  ep= 572  ep_reward=     7.00  ep_steps=7
[InvertedPendulum-v4] run=2 seed= 55 t=    3,395  ep= 573  ep_reward=     4.00  ep_steps=4
[InvertedPendulum-v4] run=2 seed= 55 t=    3,400  ep= 574  ep_reward=     5.00  ep_steps=5
[InvertedPendulum-v4] run=2 seed= 55 t=    3,405  ep= 575  ep_reward=     5.00  ep_steps=5
[InvertedPendulum-v4] run=2 seed= 55 t=    3,410  ep= 576  ep_reward=     5.00  ep_steps=5
[InvertedPendulum-v4] run=2 seed= 55 t=    3,415  ep= 577  ep_reward=     5.00  ep_steps=5
[InvertedPendulum-v4] run=2 seed= 55 t=    3,421  ep= 578  ep_reward=     6.00  ep_steps=6
[InvertedPendulum-v4] run=2 seed= 55 t=    3,427  ep= 579  ep_reward=     6.00  ep_steps=6
[InvertedPendulum-v4] run=2 seed= 55 t=    3,430  ep= 580  ep_reward=     3.00  ep_steps=3
[InvertedPendulum-v4] run=2 seed= 55 t=    3,435  ep= 581  ep_reward=     5.00  ep_steps=5
[InvertedPendulum-v4] run=2 seed= 55 t=    3,438  ep= 582  ep_reward=     3.00  ep_steps=3
[InvertedPendulum-v4] run=2 seed= 55 t=    3,449  ep= 583  ep_reward=    11.00  ep_steps=11
[InvertedPendulum-v4] run=2 seed= 55 t=    3,454  ep= 584  ep_reward=     5.00  ep_steps=5
[InvertedPendulum-v4] run=2 seed= 55 t=    3,458  ep= 585  ep_reward=     4.00  ep_steps=4
[InvertedPendulum-v4] run=2 seed= 55 t=    3,462  ep= 586  ep_reward=     4.00  ep_steps=4
[InvertedPendulum-v4] run=2 seed= 55 t=    3,467  ep= 587  ep_reward=     5.00  ep_steps=5
[InvertedPendulum-v4] run=2 seed= 55 t=    3,470  ep= 588  ep_reward=     3.00  ep_steps=3
[InvertedPendulum-v4] run=2 seed= 55 t=    3,478  ep= 589  ep_reward=     8.00  ep_steps=8
[InvertedPendulum-v4] run=2 seed= 55 t=    3,488  ep= 590  ep_reward=    10.00  ep_steps=10
[InvertedPendulum-v4] run=2 seed= 55 t=    3,492  ep= 591  ep_reward=     4.00  ep_steps=4
[InvertedPendulum-v4] run=2 seed= 55 t=    3,495  ep= 592  ep_reward=     3.00  ep_steps=3
[InvertedPendulum-v4] run=2 seed= 55 t=    3,502  ep= 593  ep_reward=     7.00  ep_steps=7
[InvertedPendulum-v4] run=2 seed= 55 t=    3,514  ep= 594  ep_reward=    12.00  ep_steps=12
[InvertedPendulum-v4] run=2 seed= 55 t=    3,517  ep= 595  ep_reward=     3.00  ep_steps=3
[InvertedPendulum-v4] run=2 seed= 55 t=    3,520  ep= 596  ep_reward=     3.00  ep_steps=3
[InvertedPendulum-v4] run=2 seed= 55 t=    3,523  ep= 597  ep_reward=     3.00  ep_steps=3
[InvertedPendulum-v4] run=2 seed= 55 t=    3,526  ep= 598  ep_reward=     3.00  ep_steps=3
[InvertedPendulum-v4] run=2 seed= 55 t=    3,532  ep= 599  ep_reward=     6.00  ep_steps=6
[InvertedPendulum-v4] run=2 seed= 55 t=    3,535  ep= 600  ep_reward=     3.00  ep_steps=3
[InvertedPendulum-v4] run=2 seed= 55 t=    3,539  ep= 601  ep_reward=     4.00  ep_steps=4
[InvertedPendulum-v4] run=2 seed= 55 t=    3,544  ep= 602  ep_reward=     5.00  ep_steps=5
[InvertedPendulum-v4] run=2 seed= 55 t=    3,550  ep= 603  ep_reward=     6.00  ep_steps=6
[InvertedPendulum-v4] run=2 seed= 55 t=    3,553  ep= 604  ep_reward=     3.00  ep_steps=3
[InvertedPendulum-v4] run=2 seed= 55 t=    3,560  ep= 605  ep_reward=     7.00  ep_steps=7
[InvertedPendulum-v4] run=2 seed= 55 t=    3,565  ep= 606  ep_reward=     5.00  ep_steps=5
[InvertedPendulum-v4] run=2 seed= 55 t=    3,574  ep= 607  ep_reward=     9.00  ep_steps=9
[InvertedPendulum-v4] run=2 seed= 55 t=    3,578  ep= 608  ep_reward=     4.00  ep_steps=4
[InvertedPendulum-v4] run=2 seed= 55 t=    3,582  ep= 609  ep_reward=     4.00  ep_steps=4
[InvertedPendulum-v4] run=2 seed= 55 t=    3,589  ep= 610  ep_reward=     7.00  ep_steps=7
[InvertedPendulum-v4] run=2 seed= 55 t=    3,593  ep= 611  ep_reward=     4.00  ep_steps=4
[InvertedPendulum-v4] run=2 seed= 55 t=    3,597  ep= 612  ep_reward=     4.00  ep_steps=4
[InvertedPendulum-v4] run=2 seed= 55 t=    3,601  ep= 613  ep_reward=     4.00  ep_steps=4
[InvertedPendulum-v4] run=2 seed= 55 t=    3,612  ep= 614  ep_reward=    11.00  ep_steps=11
[InvertedPendulum-v4] run=2 seed= 55 t=    3,618  ep= 615  ep_reward=     6.00  ep_steps=6
[InvertedPendulum-v4] run=2 seed= 55 t=    3,621  ep= 616  ep_reward=     3.00  ep_steps=3
[InvertedPendulum-v4] run=2 seed= 55 t=    3,624  ep= 617  ep_reward=     3.00  ep_steps=3
[InvertedPendulum-v4] run=2 seed= 55 t=    3,632  ep= 618  ep_reward=     8.00  ep_steps=8
[InvertedPendulum-v4] run=2 seed= 55 t=    3,637  ep= 619  ep_reward=     5.00  ep_steps=5
[InvertedPendulum-v4] run=2 seed= 55 t=    3,644  ep= 620  ep_reward=     7.00  ep_steps=7
[InvertedPendulum-v4] run=2 seed= 55 t=    3,648  ep= 621  ep_reward=     4.00  ep_steps=4
[InvertedPendulum-v4] run=2 seed= 55 t=    3,657  ep= 622  ep_reward=     9.00  ep_steps=9
[InvertedPendulum-v4] run=2 seed= 55 t=    3,667  ep= 623  ep_reward=    10.00  ep_steps=10
[InvertedPendulum-v4] run=2 seed= 55 t=    3,670  ep= 624  ep_reward=     3.00  ep_steps=3
[InvertedPendulum-v4] run=2 seed= 55 t=    3,673  ep= 625  ep_reward=     3.00  ep_steps=3
[InvertedPendulum-v4] run=2 seed= 55 t=    3,684  ep= 626  ep_reward=    11.00  ep_steps=11
[InvertedPendulum-v4] run=2 seed= 55 t=    3,692  ep= 627  ep_reward=     8.00  ep_steps=8
[InvertedPendulum-v4] run=2 seed= 55 t=    3,696  ep= 628  ep_reward=     4.00  ep_steps=4
[InvertedPendulum-v4] run=2 seed= 55 t=    3,702  ep= 629  ep_reward=     6.00  ep_steps=6
[InvertedPendulum-v4] run=2 seed= 55 t=    3,705  ep= 630  ep_reward=     3.00  ep_steps=3
[InvertedPendulum-v4] run=2 seed= 55 t=    3,714  ep= 631  ep_reward=     9.00  ep_steps=9
[InvertedPendulum-v4] run=2 seed= 55 t=    3,718  ep= 632  ep_reward=     4.00  ep_steps=4
[InvertedPendulum-v4] run=2 seed= 55 t=    3,731  ep= 633  ep_reward=    13.00  ep_steps=13
[InvertedPendulum-v4] run=2 seed= 55 t=    3,734  ep= 634  ep_reward=     3.00  ep_steps=3
[InvertedPendulum-v4] run=2 seed= 55 t=    3,737  ep= 635  ep_reward=     3.00  ep_steps=3
[InvertedPendulum-v4] run=2 seed= 55 t=    3,740  ep= 636  ep_reward=     3.00  ep_steps=3
[InvertedPendulum-v4] run=2 seed= 55 t=    3,744  ep= 637  ep_reward=     4.00  ep_steps=4
[InvertedPendulum-v4] run=2 seed= 55 t=    3,754  ep= 638  ep_reward=    10.00  ep_steps=10
[InvertedPendulum-v4] run=2 seed= 55 t=    3,761  ep= 639  ep_reward=     7.00  ep_steps=7
[InvertedPendulum-v4] run=2 seed= 55 t=    3,764  ep= 640  ep_reward=     3.00  ep_steps=3
[InvertedPendulum-v4] run=2 seed= 55 t=    3,767  ep= 641  ep_reward=     3.00  ep_steps=3
[InvertedPendulum-v4] run=2 seed= 55 t=    3,771  ep= 642  ep_reward=     4.00  ep_steps=4
[InvertedPendulum-v4] run=2 seed= 55 t=    3,777  ep= 643  ep_reward=     6.00  ep_steps=6
[InvertedPendulum-v4] run=2 seed= 55 t=    3,780  ep= 644  ep_reward=     3.00  ep_steps=3
[InvertedPendulum-v4] run=2 seed= 55 t=    3,791  ep= 645  ep_reward=    11.00  ep_steps=11
[InvertedPendulum-v4] run=2 seed= 55 t=    3,796  ep= 646  ep_reward=     5.00  ep_steps=5
[InvertedPendulum-v4] run=2 seed= 55 t=    3,801  ep= 647  ep_reward=     5.00  ep_steps=5
[InvertedPendulum-v4] run=2 seed= 55 t=    3,804  ep= 648  ep_reward=     3.00  ep_steps=3
[InvertedPendulum-v4] run=2 seed= 55 t=    3,808  ep= 649  ep_reward=     4.00  ep_steps=4
[InvertedPendulum-v4] run=2 seed= 55 t=    3,813  ep= 650  ep_reward=     5.00  ep_steps=5
[InvertedPendulum-v4] run=2 seed= 55 t=    3,817  ep= 651  ep_reward=     4.00  ep_steps=4
[InvertedPendulum-v4] run=2 seed= 55 t=    3,839  ep= 652  ep_reward=    22.00  ep_steps=22
[InvertedPendulum-v4] run=2 seed= 55 t=    3,848  ep= 653  ep_reward=     9.00  ep_steps=9
[InvertedPendulum-v4] run=2 seed= 55 t=    3,858  ep= 654  ep_reward=    10.00  ep_steps=10
[InvertedPendulum-v4] run=2 seed= 55 t=    3,878  ep= 655  ep_reward=    20.00  ep_steps=20
[InvertedPendulum-v4] run=2 seed= 55 t=    3,884  ep= 656  ep_reward=     6.00  ep_steps=6
[InvertedPendulum-v4] run=2 seed= 55 t=    3,890  ep= 657  ep_reward=     6.00  ep_steps=6
[InvertedPendulum-v4] run=2 seed= 55 t=    3,903  ep= 658  ep_reward=    13.00  ep_steps=13
[InvertedPendulum-v4] run=2 seed= 55 t=    3,908  ep= 659  ep_reward=     5.00  ep_steps=5
[InvertedPendulum-v4] run=2 seed= 55 t=    3,912  ep= 660  ep_reward=     4.00  ep_steps=4
[InvertedPendulum-v4] run=2 seed= 55 t=    3,916  ep= 661  ep_reward=     4.00  ep_steps=4
[InvertedPendulum-v4] run=2 seed= 55 t=    3,929  ep= 662  ep_reward=    13.00  ep_steps=13
[InvertedPendulum-v4] run=2 seed= 55 t=    3,934  ep= 663  ep_reward=     5.00  ep_steps=5
[InvertedPendulum-v4] run=2 seed= 55 t=    3,945  ep= 664  ep_reward=    11.00  ep_steps=11
[InvertedPendulum-v4] run=2 seed= 55 t=    3,949  ep= 665  ep_reward=     4.00  ep_steps=4
[InvertedPendulum-v4] run=2 seed= 55 t=    3,952  ep= 666  ep_reward=     3.00  ep_steps=3
[InvertedPendulum-v4] run=2 seed= 55 t=    3,956  ep= 667  ep_reward=     4.00  ep_steps=4
[InvertedPendulum-v4] run=2 seed= 55 t=    3,963  ep= 668  ep_reward=     7.00  ep_steps=7
[InvertedPendulum-v4] run=2 seed= 55 t=    3,969  ep= 669  ep_reward=     6.00  ep_steps=6
[InvertedPendulum-v4] run=2 seed= 55 t=    3,974  ep= 670  ep_reward=     5.00  ep_steps=5
[InvertedPendulum-v4] run=2 seed= 55 t=    3,980  ep= 671  ep_reward=     6.00  ep_steps=6
[InvertedPendulum-v4] run=2 seed= 55 t=    3,985  ep= 672  ep_reward=     5.00  ep_steps=5
[InvertedPendulum-v4] run=2 seed= 55 t=    3,989  ep= 673  ep_reward=     4.00  ep_steps=4
[InvertedPendulum-v4] run=2 seed= 55 t=    3,992  ep= 674  ep_reward=     3.00  ep_steps=3
[InvertedPendulum-v4] run=2 seed= 55 t=    4,002  ep= 675  ep_reward=    10.00  ep_steps=10
[InvertedPendulum-v4] run=2 seed= 55 t=    4,006  ep= 676  ep_reward=     4.00  ep_steps=4
[InvertedPendulum-v4] run=2 seed= 55 t=    4,015  ep= 677  ep_reward=     9.00  ep_steps=9
[InvertedPendulum-v4] run=2 seed= 55 t=    4,023  ep= 678  ep_reward=     8.00  ep_steps=8
[InvertedPendulum-v4] run=2 seed= 55 t=    4,028  ep= 679  ep_reward=     5.00  ep_steps=5
[InvertedPendulum-v4] run=2 seed= 55 t=    4,032  ep= 680  ep_reward=     4.00  ep_steps=4
[InvertedPendulum-v4] run=2 seed= 55 t=    4,041  ep= 681  ep_reward=     9.00  ep_steps=9
[InvertedPendulum-v4] run=2 seed= 55 t=    4,057  ep= 682  ep_reward=    16.00  ep_steps=16
[InvertedPendulum-v4] run=2 seed= 55 t=    4,061  ep= 683  ep_reward=     4.00  ep_steps=4
[InvertedPendulum-v4] run=2 seed= 55 t=    4,064  ep= 684  ep_reward=     3.00  ep_steps=3
[InvertedPendulum-v4] run=2 seed= 55 t=    4,067  ep= 685  ep_reward=     3.00  ep_steps=3
[InvertedPendulum-v4] run=2 seed= 55 t=    4,071  ep= 686  ep_reward=     4.00  ep_steps=4
[InvertedPendulum-v4] run=2 seed= 55 t=    4,079  ep= 687  ep_reward=     8.00  ep_steps=8
[InvertedPendulum-v4] run=2 seed= 55 t=    4,085  ep= 688  ep_reward=     6.00  ep_steps=6
[InvertedPendulum-v4] run=2 seed= 55 t=    4,090  ep= 689  ep_reward=     5.00  ep_steps=5
[InvertedPendulum-v4] run=2 seed= 55 t=    4,094  ep= 690  ep_reward=     4.00  ep_steps=4
[InvertedPendulum-v4] run=2 seed= 55 t=    4,098  ep= 691  ep_reward=     4.00  ep_steps=4
[InvertedPendulum-v4] run=2 seed= 55 t=    4,110  ep= 692  ep_reward=    12.00  ep_steps=12
[InvertedPendulum-v4] run=2 seed= 55 t=    4,115  ep= 693  ep_reward=     5.00  ep_steps=5
[InvertedPendulum-v4] run=2 seed= 55 t=    4,126  ep= 694  ep_reward=    11.00  ep_steps=11
[InvertedPendulum-v4] run=2 seed= 55 t=    4,129  ep= 695  ep_reward=     3.00  ep_steps=3
[InvertedPendulum-v4] run=2 seed= 55 t=    4,133  ep= 696  ep_reward=     4.00  ep_steps=4
[InvertedPendulum-v4] run=2 seed= 55 t=    4,138  ep= 697  ep_reward=     5.00  ep_steps=5
[InvertedPendulum-v4] run=2 seed= 55 t=    4,141  ep= 698  ep_reward=     3.00  ep_steps=3
[InvertedPendulum-v4] run=2 seed= 55 t=    4,145  ep= 699  ep_reward=     4.00  ep_steps=4
[InvertedPendulum-v4] run=2 seed= 55 t=    4,149  ep= 700  ep_reward=     4.00  ep_steps=4
[InvertedPendulum-v4] run=2 seed= 55 t=    4,158  ep= 701  ep_reward=     9.00  ep_steps=9
[InvertedPendulum-v4] run=2 seed= 55 t=    4,171  ep= 702  ep_reward=    13.00  ep_steps=13
[InvertedPendulum-v4] run=2 seed= 55 t=    4,178  ep= 703  ep_reward=     7.00  ep_steps=7
[InvertedPendulum-v4] run=2 seed= 55 t=    4,186  ep= 704  ep_reward=     8.00  ep_steps=8
[InvertedPendulum-v4] run=2 seed= 55 t=    4,192  ep= 705  ep_reward=     6.00  ep_steps=6
[InvertedPendulum-v4] run=2 seed= 55 t=    4,196  ep= 706  ep_reward=     4.00  ep_steps=4
[InvertedPendulum-v4] run=2 seed= 55 t=    4,203  ep= 707  ep_reward=     7.00  ep_steps=7
[InvertedPendulum-v4] run=2 seed= 55 t=    4,211  ep= 708  ep_reward=     8.00  ep_steps=8
[InvertedPendulum-v4] run=2 seed= 55 t=    4,218  ep= 709  ep_reward=     7.00  ep_steps=7
[InvertedPendulum-v4] run=2 seed= 55 t=    4,225  ep= 710  ep_reward=     7.00  ep_steps=7
[InvertedPendulum-v4] run=2 seed= 55 t=    4,238  ep= 711  ep_reward=    13.00  ep_steps=13
[InvertedPendulum-v4] run=2 seed= 55 t=    4,245  ep= 712  ep_reward=     7.00  ep_steps=7
[InvertedPendulum-v4] run=2 seed= 55 t=    4,249  ep= 713  ep_reward=     4.00  ep_steps=4
[InvertedPendulum-v4] run=2 seed= 55 t=    4,252  ep= 714  ep_reward=     3.00  ep_steps=3
[InvertedPendulum-v4] run=2 seed= 55 t=    4,258  ep= 715  ep_reward=     6.00  ep_steps=6
[InvertedPendulum-v4] run=2 seed= 55 t=    4,262  ep= 716  ep_reward=     4.00  ep_steps=4
[InvertedPendulum-v4] run=2 seed= 55 t=    4,267  ep= 717  ep_reward=     5.00  ep_steps=5
[InvertedPendulum-v4] run=2 seed= 55 t=    4,271  ep= 718  ep_reward=     4.00  ep_steps=4
[InvertedPendulum-v4] run=2 seed= 55 t=    4,274  ep= 719  ep_reward=     3.00  ep_steps=3
[InvertedPendulum-v4] run=2 seed= 55 t=    4,280  ep= 720  ep_reward=     6.00  ep_steps=6
[InvertedPendulum-v4] run=2 seed= 55 t=    4,288  ep= 721  ep_reward=     8.00  ep_steps=8
[InvertedPendulum-v4] run=2 seed= 55 t=    4,292  ep= 722  ep_reward=     4.00  ep_steps=4
[InvertedPendulum-v4] run=2 seed= 55 t=    4,302  ep= 723  ep_reward=    10.00  ep_steps=10
[InvertedPendulum-v4] run=2 seed= 55 t=    4,305  ep= 724  ep_reward=     3.00  ep_steps=3
[InvertedPendulum-v4] run=2 seed= 55 t=    4,311  ep= 725  ep_reward=     6.00  ep_steps=6
[InvertedPendulum-v4] run=2 seed= 55 t=    4,323  ep= 726  ep_reward=    12.00  ep_steps=12
[InvertedPendulum-v4] run=2 seed= 55 t=    4,327  ep= 727  ep_reward=     4.00  ep_steps=4
[InvertedPendulum-v4] run=2 seed= 55 t=    4,338  ep= 728  ep_reward=    11.00  ep_steps=11
[InvertedPendulum-v4] run=2 seed= 55 t=    4,342  ep= 729  ep_reward=     4.00  ep_steps=4
[InvertedPendulum-v4] run=2 seed= 55 t=    4,347  ep= 730  ep_reward=     5.00  ep_steps=5
[InvertedPendulum-v4] run=2 seed= 55 t=    4,351  ep= 731  ep_reward=     4.00  ep_steps=4
[InvertedPendulum-v4] run=2 seed= 55 t=    4,357  ep= 732  ep_reward=     6.00  ep_steps=6
[InvertedPendulum-v4] run=2 seed= 55 t=    4,361  ep= 733  ep_reward=     4.00  ep_steps=4
[InvertedPendulum-v4] run=2 seed= 55 t=    4,365  ep= 734  ep_reward=     4.00  ep_steps=4
[InvertedPendulum-v4] run=2 seed= 55 t=    4,370  ep= 735  ep_reward=     5.00  ep_steps=5
[InvertedPendulum-v4] run=2 seed= 55 t=    4,377  ep= 736  ep_reward=     7.00  ep_steps=7
[InvertedPendulum-v4] run=2 seed= 55 t=    4,382  ep= 737  ep_reward=     5.00  ep_steps=5
[InvertedPendulum-v4] run=2 seed= 55 t=    4,391  ep= 738  ep_reward=     9.00  ep_steps=9
[InvertedPendulum-v4] run=2 seed= 55 t=    4,397  ep= 739  ep_reward=     6.00  ep_steps=6
[InvertedPendulum-v4] run=2 seed= 55 t=    4,401  ep= 740  ep_reward=     4.00  ep_steps=4
[InvertedPendulum-v4] run=2 seed= 55 t=    4,409  ep= 741  ep_reward=     8.00  ep_steps=8
[InvertedPendulum-v4] run=2 seed= 55 t=    4,415  ep= 742  ep_reward=     6.00  ep_steps=6
[InvertedPendulum-v4] run=2 seed= 55 t=    4,421  ep= 743  ep_reward=     6.00  ep_steps=6
[InvertedPendulum-v4] run=2 seed= 55 t=    4,431  ep= 744  ep_reward=    10.00  ep_steps=10
[InvertedPendulum-v4] run=2 seed= 55 t=    4,435  ep= 745  ep_reward=     4.00  ep_steps=4
[InvertedPendulum-v4] run=2 seed= 55 t=    4,442  ep= 746  ep_reward=     7.00  ep_steps=7
[InvertedPendulum-v4] run=2 seed= 55 t=    4,445  ep= 747  ep_reward=     3.00  ep_steps=3
[InvertedPendulum-v4] run=2 seed= 55 t=    4,448  ep= 748  ep_reward=     3.00  ep_steps=3
[InvertedPendulum-v4] run=2 seed= 55 t=    4,452  ep= 749  ep_reward=     4.00  ep_steps=4
[InvertedPendulum-v4] run=2 seed= 55 t=    4,456  ep= 750  ep_reward=     4.00  ep_steps=4
[InvertedPendulum-v4] run=2 seed= 55 t=    4,460  ep= 751  ep_reward=     4.00  ep_steps=4
[InvertedPendulum-v4] run=2 seed= 55 t=    4,467  ep= 752  ep_reward=     7.00  ep_steps=7
[InvertedPendulum-v4] run=2 seed= 55 t=    4,472  ep= 753  ep_reward=     5.00  ep_steps=5
[InvertedPendulum-v4] run=2 seed= 55 t=    4,480  ep= 754  ep_reward=     8.00  ep_steps=8
[InvertedPendulum-v4] run=2 seed= 55 t=    4,487  ep= 755  ep_reward=     7.00  ep_steps=7
[InvertedPendulum-v4] run=2 seed= 55 t=    4,491  ep= 756  ep_reward=     4.00  ep_steps=4
[InvertedPendulum-v4] run=2 seed= 55 t=    4,496  ep= 757  ep_reward=     5.00  ep_steps=5
[InvertedPendulum-v4] run=2 seed= 55 t=    4,499  ep= 758  ep_reward=     3.00  ep_steps=3
[InvertedPendulum-v4] run=2 seed= 55 t=    4,504  ep= 759  ep_reward=     5.00  ep_steps=5
[InvertedPendulum-v4] run=2 seed= 55 t=    4,514  ep= 760  ep_reward=    10.00  ep_steps=10
[InvertedPendulum-v4] run=2 seed= 55 t=    4,520  ep= 761  ep_reward=     6.00  ep_steps=6
[InvertedPendulum-v4] run=2 seed= 55 t=    4,523  ep= 762  ep_reward=     3.00  ep_steps=3
[InvertedPendulum-v4] run=2 seed= 55 t=    4,530  ep= 763  ep_reward=     7.00  ep_steps=7
[InvertedPendulum-v4] run=2 seed= 55 t=    4,535  ep= 764  ep_reward=     5.00  ep_steps=5
[InvertedPendulum-v4] run=2 seed= 55 t=    4,539  ep= 765  ep_reward=     4.00  ep_steps=4
[InvertedPendulum-v4] run=2 seed= 55 t=    4,551  ep= 766  ep_reward=    12.00  ep_steps=12
[InvertedPendulum-v4] run=2 seed= 55 t=    4,557  ep= 767  ep_reward=     6.00  ep_steps=6
[InvertedPendulum-v4] run=2 seed= 55 t=    4,564  ep= 768  ep_reward=     7.00  ep_steps=7
[InvertedPendulum-v4] run=2 seed= 55 t=    4,568  ep= 769  ep_reward=     4.00  ep_steps=4
[InvertedPendulum-v4] run=2 seed= 55 t=    4,573  ep= 770  ep_reward=     5.00  ep_steps=5
[InvertedPendulum-v4] run=2 seed= 55 t=    4,576  ep= 771  ep_reward=     3.00  ep_steps=3
[InvertedPendulum-v4] run=2 seed= 55 t=    4,593  ep= 772  ep_reward=    17.00  ep_steps=17
[InvertedPendulum-v4] run=2 seed= 55 t=    4,602  ep= 773  ep_reward=     9.00  ep_steps=9
[InvertedPendulum-v4] run=2 seed= 55 t=    4,608  ep= 774  ep_reward=     6.00  ep_steps=6
[InvertedPendulum-v4] run=2 seed= 55 t=    4,612  ep= 775  ep_reward=     4.00  ep_steps=4
[InvertedPendulum-v4] run=2 seed= 55 t=    4,620  ep= 776  ep_reward=     8.00  ep_steps=8
[InvertedPendulum-v4] run=2 seed= 55 t=    4,623  ep= 777  ep_reward=     3.00  ep_steps=3
[InvertedPendulum-v4] run=2 seed= 55 t=    4,632  ep= 778  ep_reward=     9.00  ep_steps=9
[InvertedPendulum-v4] run=2 seed= 55 t=    4,639  ep= 779  ep_reward=     7.00  ep_steps=7
[InvertedPendulum-v4] run=2 seed= 55 t=    4,643  ep= 780  ep_reward=     4.00  ep_steps=4
[InvertedPendulum-v4] run=2 seed= 55 t=    4,650  ep= 781  ep_reward=     7.00  ep_steps=7
[InvertedPendulum-v4] run=2 seed= 55 t=    4,653  ep= 782  ep_reward=     3.00  ep_steps=3
[InvertedPendulum-v4] run=2 seed= 55 t=    4,658  ep= 783  ep_reward=     5.00  ep_steps=5
[InvertedPendulum-v4] run=2 seed= 55 t=    4,664  ep= 784  ep_reward=     6.00  ep_steps=6
[InvertedPendulum-v4] run=2 seed= 55 t=    4,668  ep= 785  ep_reward=     4.00  ep_steps=4
[InvertedPendulum-v4] run=2 seed= 55 t=    4,672  ep= 786  ep_reward=     4.00  ep_steps=4
[InvertedPendulum-v4] run=2 seed= 55 t=    4,677  ep= 787  ep_reward=     5.00  ep_steps=5
[InvertedPendulum-v4] run=2 seed= 55 t=    4,681  ep= 788  ep_reward=     4.00  ep_steps=4
[InvertedPendulum-v4] run=2 seed= 55 t=    4,686  ep= 789  ep_reward=     5.00  ep_steps=5
[InvertedPendulum-v4] run=2 seed= 55 t=    4,690  ep= 790  ep_reward=     4.00  ep_steps=4
[InvertedPendulum-v4] run=2 seed= 55 t=    4,695  ep= 791  ep_reward=     5.00  ep_steps=5
[InvertedPendulum-v4] run=2 seed= 55 t=    4,700  ep= 792  ep_reward=     5.00  ep_steps=5
[InvertedPendulum-v4] run=2 seed= 55 t=    4,707  ep= 793  ep_reward=     7.00  ep_steps=7
[InvertedPendulum-v4] run=2 seed= 55 t=    4,715  ep= 794  ep_reward=     8.00  ep_steps=8
[InvertedPendulum-v4] run=2 seed= 55 t=    4,718  ep= 795  ep_reward=     3.00  ep_steps=3
[InvertedPendulum-v4] run=2 seed= 55 t=    4,729  ep= 796  ep_reward=    11.00  ep_steps=11
[InvertedPendulum-v4] run=2 seed= 55 t=    4,737  ep= 797  ep_reward=     8.00  ep_steps=8
[InvertedPendulum-v4] run=2 seed= 55 t=    4,740  ep= 798  ep_reward=     3.00  ep_steps=3
[InvertedPendulum-v4] run=2 seed= 55 t=    4,743  ep= 799  ep_reward=     3.00  ep_steps=3
[InvertedPendulum-v4] run=2 seed= 55 t=    4,746  ep= 800  ep_reward=     3.00  ep_steps=3
[InvertedPendulum-v4] run=2 seed= 55 t=    4,750  ep= 801  ep_reward=     4.00  ep_steps=4
[InvertedPendulum-v4] run=2 seed= 55 t=    4,759  ep= 802  ep_reward=     9.00  ep_steps=9
[InvertedPendulum-v4] run=2 seed= 55 t=    4,772  ep= 803  ep_reward=    13.00  ep_steps=13
[InvertedPendulum-v4] run=2 seed= 55 t=    4,778  ep= 804  ep_reward=     6.00  ep_steps=6
[InvertedPendulum-v4] run=2 seed= 55 t=    4,789  ep= 805  ep_reward=    11.00  ep_steps=11
[InvertedPendulum-v4] run=2 seed= 55 t=    4,792  ep= 806  ep_reward=     3.00  ep_steps=3
[InvertedPendulum-v4] run=2 seed= 55 t=    4,797  ep= 807  ep_reward=     5.00  ep_steps=5
[InvertedPendulum-v4] run=2 seed= 55 t=    4,800  ep= 808  ep_reward=     3.00  ep_steps=3
[InvertedPendulum-v4] run=2 seed= 55 t=    4,806  ep= 809  ep_reward=     6.00  ep_steps=6
[InvertedPendulum-v4] run=2 seed= 55 t=    4,812  ep= 810  ep_reward=     6.00  ep_steps=6
[InvertedPendulum-v4] run=2 seed= 55 t=    4,821  ep= 811  ep_reward=     9.00  ep_steps=9
[InvertedPendulum-v4] run=2 seed= 55 t=    4,826  ep= 812  ep_reward=     5.00  ep_steps=5
[InvertedPendulum-v4] run=2 seed= 55 t=    4,829  ep= 813  ep_reward=     3.00  ep_steps=3
[InvertedPendulum-v4] run=2 seed= 55 t=    4,836  ep= 814  ep_reward=     7.00  ep_steps=7
[InvertedPendulum-v4] run=2 seed= 55 t=    4,841  ep= 815  ep_reward=     5.00  ep_steps=5
[InvertedPendulum-v4] run=2 seed= 55 t=    4,846  ep= 816  ep_reward=     5.00  ep_steps=5
[InvertedPendulum-v4] run=2 seed= 55 t=    4,849  ep= 817  ep_reward=     3.00  ep_steps=3
[InvertedPendulum-v4] run=2 seed= 55 t=    4,852  ep= 818  ep_reward=     3.00  ep_steps=3
[InvertedPendulum-v4] run=2 seed= 55 t=    4,858  ep= 819  ep_reward=     6.00  ep_steps=6
[InvertedPendulum-v4] run=2 seed= 55 t=    4,864  ep= 820  ep_reward=     6.00  ep_steps=6
[InvertedPendulum-v4] run=2 seed= 55 t=    4,871  ep= 821  ep_reward=     7.00  ep_steps=7
[InvertedPendulum-v4] run=2 seed= 55 t=    4,884  ep= 822  ep_reward=    13.00  ep_steps=13
[InvertedPendulum-v4] run=2 seed= 55 t=    4,888  ep= 823  ep_reward=     4.00  ep_steps=4
[InvertedPendulum-v4] run=2 seed= 55 t=    4,896  ep= 824  ep_reward=     8.00  ep_steps=8
[InvertedPendulum-v4] run=2 seed= 55 t=    4,906  ep= 825  ep_reward=    10.00  ep_steps=10
[InvertedPendulum-v4] run=2 seed= 55 t=    4,909  ep= 826  ep_reward=     3.00  ep_steps=3
[InvertedPendulum-v4] run=2 seed= 55 t=    4,919  ep= 827  ep_reward=    10.00  ep_steps=10
[InvertedPendulum-v4] run=2 seed= 55 t=    4,927  ep= 828  ep_reward=     8.00  ep_steps=8
[InvertedPendulum-v4] run=2 seed= 55 t=    4,930  ep= 829  ep_reward=     3.00  ep_steps=3
[InvertedPendulum-v4] run=2 seed= 55 t=    4,933  ep= 830  ep_reward=     3.00  ep_steps=3
[InvertedPendulum-v4] run=2 seed= 55 t=    4,939  ep= 831  ep_reward=     6.00  ep_steps=6
[InvertedPendulum-v4] run=2 seed= 55 t=    4,943  ep= 832  ep_reward=     4.00  ep_steps=4
[InvertedPendulum-v4] run=2 seed= 55 t=    4,950  ep= 833  ep_reward=     7.00  ep_steps=7
[InvertedPendulum-v4] run=2 seed= 55 t=    4,954  ep= 834  ep_reward=     4.00  ep_steps=4
[InvertedPendulum-v4] run=2 seed= 55 t=    4,963  ep= 835  ep_reward=     9.00  ep_steps=9
[InvertedPendulum-v4] run=2 seed= 55 t=    4,968  ep= 836  ep_reward=     5.00  ep_steps=5
[InvertedPendulum-v4] run=2 seed= 55 t=    4,971  ep= 837  ep_reward=     3.00  ep_steps=3
[InvertedPendulum-v4] run=2 seed= 55 t=    4,983  ep= 838  ep_reward=    12.00  ep_steps=12
[InvertedPendulum-v4] run=2 seed= 55 t=    4,987  ep= 839  ep_reward=     4.00  ep_steps=4
[InvertedPendulum-v4] run=2 seed= 55 t=    4,994  ep= 840  ep_reward=     7.00  ep_steps=7
[InvertedPendulum-v4] run=2 seed= 55 t=    5,001  ep= 841  ep_reward=     7.00  ep_steps=7
[InvertedPendulum-v4] run=2 seed= 55 t=    5,007  ep= 842  ep_reward=     6.00  ep_steps=6
[InvertedPendulum-v4] run=2 seed= 55 t=    5,013  ep= 843  ep_reward=     6.00  ep_steps=6
[InvertedPendulum-v4] run=2 seed= 55 t=    5,017  ep= 844  ep_reward=     4.00  ep_steps=4
[InvertedPendulum-v4] run=2 seed= 55 t=    5,021  ep= 845  ep_reward=     4.00  ep_steps=4
[InvertedPendulum-v4] run=2 seed= 55 t=    5,024  ep= 846  ep_reward=     3.00  ep_steps=3
[InvertedPendulum-v4] run=2 seed= 55 t=    5,027  ep= 847  ep_reward=     3.00  ep_steps=3
[InvertedPendulum-v4] run=2 seed= 55 t=    5,030  ep= 848  ep_reward=     3.00  ep_steps=3
[InvertedPendulum-v4] run=2 seed= 55 t=    5,033  ep= 849  ep_reward=     3.00  ep_steps=3
[InvertedPendulum-v4] run=2 seed= 55 t=    5,036  ep= 850  ep_reward=     3.00  ep_steps=3
[InvertedPendulum-v4] run=2 seed= 55 t=    5,039  ep= 851  ep_reward=     3.00  ep_steps=3
[InvertedPendulum-v4] run=2 seed= 55 t=    5,042  ep= 852  ep_reward=     3.00  ep_steps=3
[InvertedPendulum-v4] run=2 seed= 55 t=    5,045  ep= 853  ep_reward=     3.00  ep_steps=3
[InvertedPendulum-v4] run=2 seed= 55 t=    5,048  ep= 854  ep_reward=     3.00  ep_steps=3
[InvertedPendulum-v4] run=2 seed= 55 t=    5,051  ep= 855  ep_reward=     3.00  ep_steps=3
[InvertedPendulum-v4] run=2 seed= 55 t=    5,054  ep= 856  ep_reward=     3.00  ep_steps=3
[InvertedPendulum-v4] run=2 seed= 55 t=    5,057  ep= 857  ep_reward=     3.00  ep_steps=3
[InvertedPendulum-v4] run=2 seed= 55 t=    5,060  ep= 858  ep_reward=     3.00  ep_steps=3
[InvertedPendulum-v4] run=2 seed= 55 t=    5,063  ep= 859  ep_reward=     3.00  ep_steps=3
[InvertedPendulum-v4] run=2 seed= 55 t=    5,066  ep= 860  ep_reward=     3.00  ep_steps=3
[InvertedPendulum-v4] run=2 seed= 55 t=    5,069  ep= 861  ep_reward=     3.00  ep_steps=3
[InvertedPendulum-v4] run=2 seed= 55 t=    5,072  ep= 862  ep_reward=     3.00  ep_steps=3
[InvertedPendulum-v4] run=2 seed= 55 t=    5,075  ep= 863  ep_reward=     3.00  ep_steps=3
[InvertedPendulum-v4] run=2 seed= 55 t=    5,078  ep= 864  ep_reward=     3.00  ep_steps=3
[InvertedPendulum-v4] run=2 seed= 55 t=    5,081  ep= 865  ep_reward=     3.00  ep_steps=3
[InvertedPendulum-v4] run=2 seed= 55 t=    5,084  ep= 866  ep_reward=     3.00  ep_steps=3
[InvertedPendulum-v4] run=2 seed= 55 t=    5,087  ep= 867  ep_reward=     3.00  ep_steps=3
[InvertedPendulum-v4] run=2 seed= 55 t=    5,090  ep= 868  ep_reward=     3.00  ep_steps=3
[InvertedPendulum-v4] run=2 seed= 55 t=    5,093  ep= 869  ep_reward=     3.00  ep_steps=3
[InvertedPendulum-v4] run=2 seed= 55 t=    5,096  ep= 870  ep_reward=     3.00  ep_steps=3
[InvertedPendulum-v4] run=2 seed= 55 t=    5,099  ep= 871  ep_reward=     3.00  ep_steps=3
[InvertedPendulum-v4] run=2 seed= 55 t=    5,102  ep= 872  ep_reward=     3.00  ep_steps=3
[InvertedPendulum-v4] run=2 seed= 55 t=    5,105  ep= 873  ep_reward=     3.00  ep_steps=3
[InvertedPendulum-v4] run=2 seed= 55 t=    5,108  ep= 874  ep_reward=     3.00  ep_steps=3
[InvertedPendulum-v4] run=2 seed= 55 t=    5,111  ep= 875  ep_reward=     3.00  ep_steps=3
[InvertedPendulum-v4] run=2 seed= 55 t=    5,114  ep= 876  ep_reward=     3.00  ep_steps=3
[InvertedPendulum-v4] run=2 seed= 55 t=    5,117  ep= 877  ep_reward=     3.00  ep_steps=3
[InvertedPendulum-v4] run=2 seed= 55 t=    5,120  ep= 878  ep_reward=     3.00  ep_steps=3
[InvertedPendulum-v4] run=2 seed= 55 t=    5,123  ep= 879  ep_reward=     3.00  ep_steps=3
[InvertedPendulum-v4] run=2 seed= 55 t=    5,126  ep= 880  ep_reward=     3.00  ep_steps=3
[InvertedPendulum-v4] run=2 seed= 55 t=    5,129  ep= 881  ep_reward=     3.00  ep_steps=3
[InvertedPendulum-v4] run=2 seed= 55 t=    5,132  ep= 882  ep_reward=     3.00  ep_steps=3
[InvertedPendulum-v4] run=2 seed= 55 t=    5,135  ep= 883  ep_reward=     3.00  ep_steps=3
[InvertedPendulum-v4] run=2 seed= 55 t=    5,138  ep= 884  ep_reward=     3.00  ep_steps=3
[InvertedPendulum-v4] run=2 seed= 55 t=    5,141  ep= 885  ep_reward=     3.00  ep_steps=3
[InvertedPendulum-v4] run=2 seed= 55 t=    5,144  ep= 886  ep_reward=     3.00  ep_steps=3
[InvertedPendulum-v4] run=2 seed= 55 t=    5,147  ep= 887  ep_reward=     3.00  ep_steps=3
[InvertedPendulum-v4] run=2 seed= 55 t=    5,150  ep= 888  ep_reward=     3.00  ep_steps=3
[InvertedPendulum-v4] run=2 seed= 55 t=    5,153  ep= 889  ep_reward=     3.00  ep_steps=3
[InvertedPendulum-v4] run=2 seed= 55 t=    5,156  ep= 890  ep_reward=     3.00  ep_steps=3
[InvertedPendulum-v4] run=2 seed= 55 t=    5,159  ep= 891  ep_reward=     3.00  ep_steps=3
[InvertedPendulum-v4] run=2 seed= 55 t=    5,162  ep= 892  ep_reward=     3.00  ep_steps=3
[InvertedPendulum-v4] run=2 seed= 55 t=    5,165  ep= 893  ep_reward=     3.00  ep_steps=3
[InvertedPendulum-v4] run=2 seed= 55 t=    5,168  ep= 894  ep_reward=     3.00  ep_steps=3
[InvertedPendulum-v4] run=2 seed= 55 t=    5,171  ep= 895  ep_reward=     3.00  ep_steps=3
[InvertedPendulum-v4] run=2 seed= 55 t=    5,174  ep= 896  ep_reward=     3.00  ep_steps=3
[InvertedPendulum-v4] run=2 seed= 55 t=    5,177  ep= 897  ep_reward=     3.00  ep_steps=3
[InvertedPendulum-v4] run=2 seed= 55 t=    5,180  ep= 898  ep_reward=     3.00  ep_steps=3
[InvertedPendulum-v4] run=2 seed= 55 t=    5,183  ep= 899  ep_reward=     3.00  ep_steps=3
[InvertedPendulum-v4] run=2 seed= 55 t=    5,186  ep= 900  ep_reward=     3.00  ep_steps=3
[InvertedPendulum-v4] run=2 seed= 55 t=    5,189  ep= 901  ep_reward=     3.00  ep_steps=3
[InvertedPendulum-v4] run=2 seed= 55 t=    5,192  ep= 902  ep_reward=     3.00  ep_steps=3
[InvertedPendulum-v4] run=2 seed= 55 t=    5,195  ep= 903  ep_reward=     3.00  ep_steps=3
[InvertedPendulum-v4] run=2 seed= 55 t=    5,198  ep= 904  ep_reward=     3.00  ep_steps=3
[InvertedPendulum-v4] run=2 seed= 55 t=    5,201  ep= 905  ep_reward=     3.00  ep_steps=3
[InvertedPendulum-v4] run=2 seed= 55 t=    5,204  ep= 906  ep_reward=     3.00  ep_steps=3
[InvertedPendulum-v4] run=2 seed= 55 t=    5,207  ep= 907  ep_reward=     3.00  ep_steps=3
[InvertedPendulum-v4] run=2 seed= 55 t=    5,210  ep= 908  ep_reward=     3.00  ep_steps=3
[InvertedPendulum-v4] run=2 seed= 55 t=    5,213  ep= 909  ep_reward=     3.00  ep_steps=3
[InvertedPendulum-v4] run=2 seed= 55 t=    5,216  ep= 910  ep_reward=     3.00  ep_steps=3
[InvertedPendulum-v4] run=2 seed= 55 t=    5,219  ep= 911  ep_reward=     3.00  ep_steps=3
[InvertedPendulum-v4] run=2 seed= 55 t=    5,222  ep= 912  ep_reward=     3.00  ep_steps=3
[InvertedPendulum-v4] run=2 seed= 55 t=    5,225  ep= 913  ep_reward=     3.00  ep_steps=3
[InvertedPendulum-v4] run=2 seed= 55 t=    5,228  ep= 914  ep_reward=     3.00  ep_steps=3
[InvertedPendulum-v4] run=2 seed= 55 t=    5,231  ep= 915  ep_reward=     3.00  ep_steps=3
[InvertedPendulum-v4] run=2 seed= 55 t=    5,234  ep= 916  ep_reward=     3.00  ep_steps=3
[InvertedPendulum-v4] run=2 seed= 55 t=    5,237  ep= 917  ep_reward=     3.00  ep_steps=3
[InvertedPendulum-v4] run=2 seed= 55 t=    5,240  ep= 918  ep_reward=     3.00  ep_steps=3
[InvertedPendulum-v4] run=2 seed= 55 t=    5,243  ep= 919  ep_reward=     3.00  ep_steps=3
[InvertedPendulum-v4] run=2 seed= 55 t=    5,246  ep= 920  ep_reward=     3.00  ep_steps=3
[InvertedPendulum-v4] run=2 seed= 55 t=    5,249  ep= 921  ep_reward=     3.00  ep_steps=3
[InvertedPendulum-v4] run=2 seed= 55 t=    5,252  ep= 922  ep_reward=     3.00  ep_steps=3
[InvertedPendulum-v4] run=2 seed= 55 t=    5,255  ep= 923  ep_reward=     3.00  ep_steps=3
[InvertedPendulum-v4] run=2 seed= 55 t=    5,258  ep= 924  ep_reward=     3.00  ep_steps=3
[InvertedPendulum-v4] run=2 seed= 55 t=    5,261  ep= 925  ep_reward=     3.00  ep_steps=3
[InvertedPendulum-v4] run=2 seed= 55 t=    5,264  ep= 926  ep_reward=     3.00  ep_steps=3
[InvertedPendulum-v4] run=2 seed= 55 t=    5,267  ep= 927  ep_reward=     3.00  ep_steps=3
[InvertedPendulum-v4] run=2 seed= 55 t=    5,270  ep= 928  ep_reward=     3.00  ep_steps=3
[InvertedPendulum-v4] run=2 seed= 55 t=    5,273  ep= 929  ep_reward=     3.00  ep_steps=3
[InvertedPendulum-v4] run=2 seed= 55 t=    5,276  ep= 930  ep_reward=     3.00  ep_steps=3
[InvertedPendulum-v4] run=2 seed= 55 t=    5,279  ep= 931  ep_reward=     3.00  ep_steps=3
[InvertedPendulum-v4] run=2 seed= 55 t=    5,282  ep= 932  ep_reward=     3.00  ep_steps=3
[InvertedPendulum-v4] run=2 seed= 55 t=    5,285  ep= 933  ep_reward=     3.00  ep_steps=3
[InvertedPendulum-v4] run=2 seed= 55 t=    5,288  ep= 934  ep_reward=     3.00  ep_steps=3
[InvertedPendulum-v4] run=2 seed= 55 t=    5,291  ep= 935  ep_reward=     3.00  ep_steps=3
[InvertedPendulum-v4] run=2 seed= 55 t=    5,294  ep= 936  ep_reward=     3.00  ep_steps=3
[InvertedPendulum-v4] run=2 seed= 55 t=    5,297  ep= 937  ep_reward=     3.00  ep_steps=3
[InvertedPendulum-v4] run=2 seed= 55 t=    5,300  ep= 938  ep_reward=     3.00  ep_steps=3
[InvertedPendulum-v4] run=2 seed= 55 t=    5,303  ep= 939  ep_reward=     3.00  ep_steps=3
[InvertedPendulum-v4] run=2 seed= 55 t=    5,306  ep= 940  ep_reward=     3.00  ep_steps=3
[InvertedPendulum-v4] run=2 seed= 55 t=    5,309  ep= 941  ep_reward=     3.00  ep_steps=3
[InvertedPendulum-v4] run=2 seed= 55 t=    5,312  ep= 942  ep_reward=     3.00  ep_steps=3
[InvertedPendulum-v4] run=2 seed= 55 t=    5,315  ep= 943  ep_reward=     3.00  ep_steps=3
[InvertedPendulum-v4] run=2 seed= 55 t=    5,318  ep= 944  ep_reward=     3.00  ep_steps=3
[InvertedPendulum-v4] run=2 seed= 55 t=    5,321  ep= 945  ep_reward=     3.00  ep_steps=3
[InvertedPendulum-v4] run=2 seed= 55 t=    5,324  ep= 946  ep_reward=     3.00  ep_steps=3
[InvertedPendulum-v4] run=2 seed= 55 t=    5,327  ep= 947  ep_reward=     3.00  ep_steps=3
[InvertedPendulum-v4] run=2 seed= 55 t=    5,330  ep= 948  ep_reward=     3.00  ep_steps=3
[InvertedPendulum-v4] run=2 seed= 55 t=    5,333  ep= 949  ep_reward=     3.00  ep_steps=3
[InvertedPendulum-v4] run=2 seed= 55 t=    5,336  ep= 950  ep_reward=     3.00  ep_steps=3
[InvertedPendulum-v4] run=2 seed= 55 t=    5,339  ep= 951  ep_reward=     3.00  ep_steps=3
[InvertedPendulum-v4] run=2 seed= 55 t=    5,342  ep= 952  ep_reward=     3.00  ep_steps=3
[InvertedPendulum-v4] run=2 seed= 55 t=    5,345  ep= 953  ep_reward=     3.00  ep_steps=3
[InvertedPendulum-v4] run=2 seed= 55 t=    5,348  ep= 954  ep_reward=     3.00  ep_steps=3
[InvertedPendulum-v4] run=2 seed= 55 t=    5,351  ep= 955  ep_reward=     3.00  ep_steps=3
[InvertedPendulum-v4] run=2 seed= 55 t=    5,354  ep= 956  ep_reward=     3.00  ep_steps=3
[InvertedPendulum-v4] run=2 seed= 55 t=    5,357  ep= 957  ep_reward=     3.00  ep_steps=3
[InvertedPendulum-v4] run=2 seed= 55 t=    5,360  ep= 958  ep_reward=     3.00  ep_steps=3
[InvertedPendulum-v4] run=2 seed= 55 t=    5,363  ep= 959  ep_reward=     3.00  ep_steps=3
[InvertedPendulum-v4] run=2 seed= 55 t=    5,366  ep= 960  ep_reward=     3.00  ep_steps=3
[InvertedPendulum-v4] run=2 seed= 55 t=    5,369  ep= 961  ep_reward=     3.00  ep_steps=3
[InvertedPendulum-v4] run=2 seed= 55 t=    5,372  ep= 962  ep_reward=     3.00  ep_steps=3
[InvertedPendulum-v4] run=2 seed= 55 t=    5,375  ep= 963  ep_reward=     3.00  ep_steps=3
[InvertedPendulum-v4] run=2 seed= 55 t=    5,378  ep= 964  ep_reward=     3.00  ep_steps=3
[InvertedPendulum-v4] run=2 seed= 55 t=    5,381  ep= 965  ep_reward=     3.00  ep_steps=3
[InvertedPendulum-v4] run=2 seed= 55 t=    5,384  ep= 966  ep_reward=     3.00  ep_steps=3
[InvertedPendulum-v4] run=2 seed= 55 t=    5,387  ep= 967  ep_reward=     3.00  ep_steps=3
[InvertedPendulum-v4] run=2 seed= 55 t=    5,390  ep= 968  ep_reward=     3.00  ep_steps=3
[InvertedPendulum-v4] run=2 seed= 55 t=    5,393  ep= 969  ep_reward=     3.00  ep_steps=3
[InvertedPendulum-v4] run=2 seed= 55 t=    5,396  ep= 970  ep_reward=     3.00  ep_steps=3
[InvertedPendulum-v4] run=2 seed= 55 t=    5,399  ep= 971  ep_reward=     3.00  ep_steps=3
[InvertedPendulum-v4] run=2 seed= 55 t=    5,402  ep= 972  ep_reward=     3.00  ep_steps=3
[InvertedPendulum-v4] run=2 seed= 55 t=    5,405  ep= 973  ep_reward=     3.00  ep_steps=3
[InvertedPendulum-v4] run=2 seed= 55 t=    5,408  ep= 974  ep_reward=     3.00  ep_steps=3
[InvertedPendulum-v4] run=2 seed= 55 t=    5,411  ep= 975  ep_reward=     3.00  ep_steps=3
[InvertedPendulum-v4] run=2 seed= 55 t=    5,414  ep= 976  ep_reward=     3.00  ep_steps=3
[InvertedPendulum-v4] run=2 seed= 55 t=    5,417  ep= 977  ep_reward=     3.00  ep_steps=3
[InvertedPendulum-v4] run=2 seed= 55 t=    5,420  ep= 978  ep_reward=     3.00  ep_steps=3
[InvertedPendulum-v4] run=2 seed= 55 t=    5,423  ep= 979  ep_reward=     3.00  ep_steps=3
[InvertedPendulum-v4] run=2 seed= 55 t=    5,426  ep= 980  ep_reward=     3.00  ep_steps=3
[InvertedPendulum-v4] run=2 seed= 55 t=    5,429  ep= 981  ep_reward=     3.00  ep_steps=3
[InvertedPendulum-v4] run=2 seed= 55 t=    5,432  ep= 982  ep_reward=     3.00  ep_steps=3
[InvertedPendulum-v4] run=2 seed= 55 t=    5,435  ep= 983  ep_reward=     3.00  ep_steps=3
[InvertedPendulum-v4] run=2 seed= 55 t=    5,438  ep= 984  ep_reward=     3.00  ep_steps=3
[InvertedPendulum-v4] run=2 seed= 55 t=    5,441  ep= 985  ep_reward=     3.00  ep_steps=3
[InvertedPendulum-v4] run=2 seed= 55 t=    5,444  ep= 986  ep_reward=     3.00  ep_steps=3
[InvertedPendulum-v4] run=2 seed= 55 t=    5,447  ep= 987  ep_reward=     3.00  ep_steps=3
[InvertedPendulum-v4] run=2 seed= 55 t=    5,450  ep= 988  ep_reward=     3.00  ep_steps=3
[InvertedPendulum-v4] run=2 seed= 55 t=    5,453  ep= 989  ep_reward=     3.00  ep_steps=3
[InvertedPendulum-v4] run=2 seed= 55 t=    5,456  ep= 990  ep_reward=     3.00  ep_steps=3
[InvertedPendulum-v4] run=2 seed= 55 t=    5,459  ep= 991  ep_reward=     3.00  ep_steps=3
[InvertedPendulum-v4] run=2 seed= 55 t=    5,462  ep= 992  ep_reward=     3.00  ep_steps=3
[InvertedPendulum-v4] run=2 seed= 55 t=    5,465  ep= 993  ep_reward=     3.00  ep_steps=3
[InvertedPendulum-v4] run=2 seed= 55 t=    5,468  ep= 994  ep_reward=     3.00  ep_steps=3
[InvertedPendulum-v4] run=2 seed= 55 t=    5,471  ep= 995  ep_reward=     3.00  ep_steps=3
[InvertedPendulum-v4] run=2 seed= 55 t=    5,474  ep= 996  ep_reward=     3.00  ep_steps=3
[InvertedPendulum-v4] run=2 seed= 55 t=    5,477  ep= 997  ep_reward=     3.00  ep_steps=3
[InvertedPendulum-v4] run=2 seed= 55 t=    5,480  ep= 998  ep_reward=     3.00  ep_steps=3
[InvertedPendulum-v4] run=2 seed= 55 t=    5,483  ep= 999  ep_reward=     3.00  ep_steps=3
[InvertedPendulum-v4] run=2 seed= 55 t=    5,486  ep=1000  ep_reward=     3.00  ep_steps=3
[InvertedPendulum-v4] run=2 seed= 55 t=    5,489  ep=1001  ep_reward=     3.00  ep_steps=3
[InvertedPendulum-v4] run=2 seed= 55 t=    5,492  ep=1002  ep_reward=     3.00  ep_steps=3
[InvertedPendulum-v4] run=2 seed= 55 t=    5,495  ep=1003  ep_reward=     3.00  ep_steps=3
[InvertedPendulum-v4] run=2 seed= 55 t=    5,498  ep=1004  ep_reward=     3.00  ep_steps=3
[InvertedPendulum-v4] run=2 seed= 55 t=    5,501  ep=1005  ep_reward=     3.00  ep_steps=3
[InvertedPendulum-v4] run=2 seed= 55 t=    5,504  ep=1006  ep_reward=     3.00  ep_steps=3
[InvertedPendulum-v4] run=2 seed= 55 t=    5,507  ep=1007  ep_reward=     3.00  ep_steps=3
[InvertedPendulum-v4] run=2 seed= 55 t=    5,510  ep=1008  ep_reward=     3.00  ep_steps=3
[InvertedPendulum-v4] run=2 seed= 55 t=    5,513  ep=1009  ep_reward=     3.00  ep_steps=3
[InvertedPendulum-v4] run=2 seed= 55 t=    5,516  ep=1010  ep_reward=     3.00  ep_steps=3
[InvertedPendulum-v4] run=2 seed= 55 t=    5,519  ep=1011  ep_reward=     3.00  ep_steps=3
[InvertedPendulum-v4] run=2 seed= 55 t=    5,522  ep=1012  ep_reward=     3.00  ep_steps=3
[InvertedPendulum-v4] run=2 seed= 55 t=    5,525  ep=1013  ep_reward=     3.00  ep_steps=3
[InvertedPendulum-v4] run=2 seed= 55 t=    5,528  ep=1014  ep_reward=     3.00  ep_steps=3
[InvertedPendulum-v4] run=2 seed= 55 t=    5,531  ep=1015  ep_reward=     3.00  ep_steps=3
[InvertedPendulum-v4] run=2 seed= 55 t=    5,534  ep=1016  ep_reward=     3.00  ep_steps=3
[InvertedPendulum-v4] run=2 seed= 55 t=    5,537  ep=1017  ep_reward=     3.00  ep_steps=3
[InvertedPendulum-v4] run=2 seed= 55 t=    5,540  ep=1018  ep_reward=     3.00  ep_steps=3
[InvertedPendulum-v4] run=2 seed= 55 t=    5,543  ep=1019  ep_reward=     3.00  ep_steps=3
[InvertedPendulum-v4] run=2 seed= 55 t=    5,546  ep=1020  ep_reward=     3.00  ep_steps=3
[InvertedPendulum-v4] run=2 seed= 55 t=    5,549  ep=1021  ep_reward=     3.00  ep_steps=3
[InvertedPendulum-v4] run=2 seed= 55 t=    5,552  ep=1022  ep_reward=     3.00  ep_steps=3
[InvertedPendulum-v4] run=2 seed= 55 t=    5,555  ep=1023  ep_reward=     3.00  ep_steps=3
[InvertedPendulum-v4] run=2 seed= 55 t=    5,558  ep=1024  ep_reward=     3.00  ep_steps=3
[InvertedPendulum-v4] run=2 seed= 55 t=    5,561  ep=1025  ep_reward=     3.00  ep_steps=3
[InvertedPendulum-v4] run=2 seed= 55 t=    5,564  ep=1026  ep_reward=     3.00  ep_steps=3
[InvertedPendulum-v4] run=2 seed= 55 t=    5,567  ep=1027  ep_reward=     3.00  ep_steps=3
[InvertedPendulum-v4] run=2 seed= 55 t=    5,570  ep=1028  ep_reward=     3.00  ep_steps=3
[InvertedPendulum-v4] run=2 seed= 55 t=    5,573  ep=1029  ep_reward=     3.00  ep_steps=3
[InvertedPendulum-v4] run=2 seed= 55 t=    5,576  ep=1030  ep_reward=     3.00  ep_steps=3
[InvertedPendulum-v4] run=2 seed= 55 t=    5,579  ep=1031  ep_reward=     3.00  ep_steps=3
[InvertedPendulum-v4] run=2 seed= 55 t=    5,582  ep=1032  ep_reward=     3.00  ep_steps=3
[InvertedPendulum-v4] run=2 seed= 55 t=    5,585  ep=1033  ep_reward=     3.00  ep_steps=3
[InvertedPendulum-v4] run=2 seed= 55 t=    5,588  ep=1034  ep_reward=     3.00  ep_steps=3
[InvertedPendulum-v4] run=2 seed= 55 t=    5,591  ep=1035  ep_reward=     3.00  ep_steps=3
[InvertedPendulum-v4] run=2 seed= 55 t=    5,594  ep=1036  ep_reward=     3.00  ep_steps=3
[InvertedPendulum-v4] run=2 seed= 55 t=    5,597  ep=1037  ep_reward=     3.00  ep_steps=3
[InvertedPendulum-v4] run=2 seed= 55 t=    5,600  ep=1038  ep_reward=     3.00  ep_steps=3
[InvertedPendulum-v4] run=2 seed= 55 t=    5,603  ep=1039  ep_reward=     3.00  ep_steps=3
[InvertedPendulum-v4] run=2 seed= 55 t=    5,606  ep=1040  ep_reward=     3.00  ep_steps=3
[InvertedPendulum-v4] run=2 seed= 55 t=    5,609  ep=1041  ep_reward=     3.00  ep_steps=3
[InvertedPendulum-v4] run=2 seed= 55 t=    5,612  ep=1042  ep_reward=     3.00  ep_steps=3
[InvertedPendulum-v4] run=2 seed= 55 t=    5,615  ep=1043  ep_reward=     3.00  ep_steps=3
[InvertedPendulum-v4] run=2 seed= 55 t=    5,618  ep=1044  ep_reward=     3.00  ep_steps=3
[InvertedPendulum-v4] run=2 seed= 55 t=    5,621  ep=1045  ep_reward=     3.00  ep_steps=3
[InvertedPendulum-v4] run=2 seed= 55 t=    5,624  ep=1046  ep_reward=     3.00  ep_steps=3
[InvertedPendulum-v4] run=2 seed= 55 t=    5,627  ep=1047  ep_reward=     3.00  ep_steps=3
[InvertedPendulum-v4] run=2 seed= 55 t=    5,630  ep=1048  ep_reward=     3.00  ep_steps=3
[InvertedPendulum-v4] run=2 seed= 55 t=    5,633  ep=1049  ep_reward=     3.00  ep_steps=3
[InvertedPendulum-v4] run=2 seed= 55 t=    5,636  ep=1050  ep_reward=     3.00  ep_steps=3
[InvertedPendulum-v4] run=2 seed= 55 t=    5,639  ep=1051  ep_reward=     3.00  ep_steps=3
[InvertedPendulum-v4] run=2 seed= 55 t=    5,642  ep=1052  ep_reward=     3.00  ep_steps=3
[InvertedPendulum-v4] run=2 seed= 55 t=    5,645  ep=1053  ep_reward=     3.00  ep_steps=3
[InvertedPendulum-v4] run=2 seed= 55 t=    5,648  ep=1054  ep_reward=     3.00  ep_steps=3
[InvertedPendulum-v4] run=2 seed= 55 t=    5,651  ep=1055  ep_reward=     3.00  ep_steps=3
[InvertedPendulum-v4] run=2 seed= 55 t=    5,654  ep=1056  ep_reward=     3.00  ep_steps=3
[InvertedPendulum-v4] run=2 seed= 55 t=    5,657  ep=1057  ep_reward=     3.00  ep_steps=3
[InvertedPendulum-v4] run=2 seed= 55 t=    5,660  ep=1058  ep_reward=     3.00  ep_steps=3
[InvertedPendulum-v4] run=2 seed= 55 t=    5,663  ep=1059  ep_reward=     3.00  ep_steps=3
[InvertedPendulum-v4] run=2 seed= 55 t=    5,666  ep=1060  ep_reward=     3.00  ep_steps=3
[InvertedPendulum-v4] run=2 seed= 55 t=    5,669  ep=1061  ep_reward=     3.00  ep_steps=3
[InvertedPendulum-v4] run=2 seed= 55 t=    5,672  ep=1062  ep_reward=     3.00  ep_steps=3
[InvertedPendulum-v4] run=2 seed= 55 t=    5,675  ep=1063  ep_reward=     3.00  ep_steps=3
[InvertedPendulum-v4] run=2 seed= 55 t=    5,678  ep=1064  ep_reward=     3.00  ep_steps=3
[InvertedPendulum-v4] run=2 seed= 55 t=    5,681  ep=1065  ep_reward=     3.00  ep_steps=3
[InvertedPendulum-v4] run=2 seed= 55 t=    5,684  ep=1066  ep_reward=     3.00  ep_steps=3
[InvertedPendulum-v4] run=2 seed= 55 t=    5,687  ep=1067  ep_reward=     3.00  ep_steps=3
[InvertedPendulum-v4] run=2 seed= 55 t=    5,690  ep=1068  ep_reward=     3.00  ep_steps=3
[InvertedPendulum-v4] run=2 seed= 55 t=    5,693  ep=1069  ep_reward=     3.00  ep_steps=3
[InvertedPendulum-v4] run=2 seed= 55 t=    5,696  ep=1070  ep_reward=     3.00  ep_steps=3
[InvertedPendulum-v4] run=2 seed= 55 t=    5,699  ep=1071  ep_reward=     3.00  ep_steps=3
[InvertedPendulum-v4] run=2 seed= 55 t=    5,702  ep=1072  ep_reward=     3.00  ep_steps=3
[InvertedPendulum-v4] run=2 seed= 55 t=    5,705  ep=1073  ep_reward=     3.00  ep_steps=3
[InvertedPendulum-v4] run=2 seed= 55 t=    5,708  ep=1074  ep_reward=     3.00  ep_steps=3
[InvertedPendulum-v4] run=2 seed= 55 t=    5,711  ep=1075  ep_reward=     3.00  ep_steps=3
[InvertedPendulum-v4] run=2 seed= 55 t=    5,714  ep=1076  ep_reward=     3.00  ep_steps=3
[InvertedPendulum-v4] run=2 seed= 55 t=    5,717  ep=1077  ep_reward=     3.00  ep_steps=3
[InvertedPendulum-v4] run=2 seed= 55 t=    5,720  ep=1078  ep_reward=     3.00  ep_steps=3
[InvertedPendulum-v4] run=2 seed= 55 t=    5,723  ep=1079  ep_reward=     3.00  ep_steps=3
[InvertedPendulum-v4] run=2 seed= 55 t=    5,726  ep=1080  ep_reward=     3.00  ep_steps=3
[InvertedPendulum-v4] run=2 seed= 55 t=    5,729  ep=1081  ep_reward=     3.00  ep_steps=3
[InvertedPendulum-v4] run=2 seed= 55 t=    5,732  ep=1082  ep_reward=     3.00  ep_steps=3
[InvertedPendulum-v4] run=2 seed= 55 t=    5,735  ep=1083  ep_reward=     3.00  ep_steps=3
[InvertedPendulum-v4] run=2 seed= 55 t=    5,738  ep=1084  ep_reward=     3.00  ep_steps=3
[InvertedPendulum-v4] run=2 seed= 55 t=    5,741  ep=1085  ep_reward=     3.00  ep_steps=3
[InvertedPendulum-v4] run=2 seed= 55 t=    5,744  ep=1086  ep_reward=     3.00  ep_steps=3
[InvertedPendulum-v4] run=2 seed= 55 t=    5,747  ep=1087  ep_reward=     3.00  ep_steps=3
[InvertedPendulum-v4] run=2 seed= 55 t=    5,750  ep=1088  ep_reward=     3.00  ep_steps=3
[InvertedPendulum-v4] run=2 seed= 55 t=    5,753  ep=1089  ep_reward=     3.00  ep_steps=3
[InvertedPendulum-v4] run=2 seed= 55 t=    5,756  ep=1090  ep_reward=     3.00  ep_steps=3
[InvertedPendulum-v4] run=2 seed= 55 t=    5,759  ep=1091  ep_reward=     3.00  ep_steps=3
[InvertedPendulum-v4] run=2 seed= 55 t=    5,762  ep=1092  ep_reward=     3.00  ep_steps=3
[InvertedPendulum-v4] run=2 seed= 55 t=    5,765  ep=1093  ep_reward=     3.00  ep_steps=3
[InvertedPendulum-v4] run=2 seed= 55 t=    5,768  ep=1094  ep_reward=     3.00  ep_steps=3
[InvertedPendulum-v4] run=2 seed= 55 t=    5,771  ep=1095  ep_reward=     3.00  ep_steps=3
[InvertedPendulum-v4] run=2 seed= 55 t=    5,774  ep=1096  ep_reward=     3.00  ep_steps=3
[InvertedPendulum-v4] run=2 seed= 55 t=    5,777  ep=1097  ep_reward=     3.00  ep_steps=3
[InvertedPendulum-v4] run=2 seed= 55 t=    5,780  ep=1098  ep_reward=     3.00  ep_steps=3
[InvertedPendulum-v4] run=2 seed= 55 t=    5,783  ep=1099  ep_reward=     3.00  ep_steps=3
[InvertedPendulum-v4] run=2 seed= 55 t=    5,786  ep=1100  ep_reward=     3.00  ep_steps=3
[InvertedPendulum-v4] run=2 seed= 55 t=    5,789  ep=1101  ep_reward=     3.00  ep_steps=3
[InvertedPendulum-v4] run=2 seed= 55 t=    5,792  ep=1102  ep_reward=     3.00  ep_steps=3
[InvertedPendulum-v4] run=2 seed= 55 t=    5,795  ep=1103  ep_reward=     3.00  ep_steps=3
[InvertedPendulum-v4] run=2 seed= 55 t=    5,798  ep=1104  ep_reward=     3.00  ep_steps=3
[InvertedPendulum-v4] run=2 seed= 55 t=    5,801  ep=1105  ep_reward=     3.00  ep_steps=3
[InvertedPendulum-v4] run=2 seed= 55 t=    5,804  ep=1106  ep_reward=     3.00  ep_steps=3
[InvertedPendulum-v4] run=2 seed= 55 t=    5,807  ep=1107  ep_reward=     3.00  ep_steps=3
[InvertedPendulum-v4] run=2 seed= 55 t=    5,810  ep=1108  ep_reward=     3.00  ep_steps=3
[InvertedPendulum-v4] run=2 seed= 55 t=    5,813  ep=1109  ep_reward=     3.00  ep_steps=3
[InvertedPendulum-v4] run=2 seed= 55 t=    5,816  ep=1110  ep_reward=     3.00  ep_steps=3
[InvertedPendulum-v4] run=2 seed= 55 t=    5,819  ep=1111  ep_reward=     3.00  ep_steps=3
[InvertedPendulum-v4] run=2 seed= 55 t=    5,822  ep=1112  ep_reward=     3.00  ep_steps=3
[InvertedPendulum-v4] run=2 seed= 55 t=    5,825  ep=1113  ep_reward=     3.00  ep_steps=3
[InvertedPendulum-v4] run=2 seed= 55 t=    5,828  ep=1114  ep_reward=     3.00  ep_steps=3
[InvertedPendulum-v4] run=2 seed= 55 t=    5,831  ep=1115  ep_reward=     3.00  ep_steps=3
[InvertedPendulum-v4] run=2 seed= 55 t=    5,834  ep=1116  ep_reward=     3.00  ep_steps=3
[InvertedPendulum-v4] run=2 seed= 55 t=    5,837  ep=1117  ep_reward=     3.00  ep_steps=3
[InvertedPendulum-v4] run=2 seed= 55 t=    5,840  ep=1118  ep_reward=     3.00  ep_steps=3
[InvertedPendulum-v4] run=2 seed= 55 t=    5,844  ep=1119  ep_reward=     4.00  ep_steps=4
[InvertedPendulum-v4] run=2 seed= 55 t=    5,848  ep=1120  ep_reward=     4.00  ep_steps=4
[InvertedPendulum-v4] run=2 seed= 55 t=    5,852  ep=1121  ep_reward=     4.00  ep_steps=4
[InvertedPendulum-v4] run=2 seed= 55 t=    5,856  ep=1122  ep_reward=     4.00  ep_steps=4
[InvertedPendulum-v4] run=2 seed= 55 t=    5,861  ep=1123  ep_reward=     5.00  ep_steps=5
[InvertedPendulum-v4] run=2 seed= 55 t=    5,867  ep=1124  ep_reward=     6.00  ep_steps=6
[InvertedPendulum-v4] run=2 seed= 55 t=    5,874  ep=1125  ep_reward=     7.00  ep_steps=7
[InvertedPendulum-v4] run=2 seed= 55 t=    5,881  ep=1126  ep_reward=     7.00  ep_steps=7
[InvertedPendulum-v4] run=2 seed= 55 t=    5,894  ep=1127  ep_reward=    13.00  ep_steps=13
[InvertedPendulum-v4] run=2 seed= 55 t=    5,909  ep=1128  ep_reward=    15.00  ep_steps=15
[InvertedPendulum-v4] run=2 seed= 55 t=    5,934  ep=1129  ep_reward=    25.00  ep_steps=25
[InvertedPendulum-v4] run=2 seed= 55 t=    5,951  ep=1130  ep_reward=    17.00  ep_steps=17
[InvertedPendulum-v4] run=2 seed= 55 t=    5,964  ep=1131  ep_reward=    13.00  ep_steps=13
[InvertedPendulum-v4] run=2 seed= 55 t=    5,977  ep=1132  ep_reward=    13.00  ep_steps=13
[InvertedPendulum-v4] run=2 seed= 55 t=    5,992  ep=1133  ep_reward=    15.00  ep_steps=15
[InvertedPendulum-v4] run=2 seed= 55 t=    6,004  ep=1134  ep_reward=    12.00  ep_steps=12
[InvertedPendulum-v4] run=2 seed= 55 t=    6,019  ep=1135  ep_reward=    15.00  ep_steps=15
[InvertedPendulum-v4] run=2 seed= 55 t=    6,033  ep=1136  ep_reward=    14.00  ep_steps=14
[InvertedPendulum-v4] run=2 seed= 55 t=    6,049  ep=1137  ep_reward=    16.00  ep_steps=16
[InvertedPendulum-v4] run=2 seed= 55 t=    6,077  ep=1138  ep_reward=    28.00  ep_steps=28
[InvertedPendulum-v4] run=2 seed= 55 t=    6,090  ep=1139  ep_reward=    13.00  ep_steps=13
[InvertedPendulum-v4] run=2 seed= 55 t=    6,113  ep=1140  ep_reward=    23.00  ep_steps=23
[InvertedPendulum-v4] run=2 seed= 55 t=    6,126  ep=1141  ep_reward=    13.00  ep_steps=13
[InvertedPendulum-v4] run=2 seed= 55 t=    6,163  ep=1142  ep_reward=    37.00  ep_steps=37
[InvertedPendulum-v4] run=2 seed= 55 t=    6,207  ep=1143  ep_reward=    44.00  ep_steps=44
[InvertedPendulum-v4] run=2 seed= 55 t=    6,258  ep=1144  ep_reward=    51.00  ep_steps=51
[InvertedPendulum-v4] run=2 seed= 55 t=    6,317  ep=1145  ep_reward=    59.00  ep_steps=59
[InvertedPendulum-v4] run=2 seed= 55 t=    6,365  ep=1146  ep_reward=    48.00  ep_steps=48
[InvertedPendulum-v4] run=2 seed= 55 t=    6,410  ep=1147  ep_reward=    45.00  ep_steps=45
[InvertedPendulum-v4] run=2 seed= 55 t=    6,450  ep=1148  ep_reward=    40.00  ep_steps=40
[InvertedPendulum-v4] run=2 seed= 55 t=    6,488  ep=1149  ep_reward=    38.00  ep_steps=38
[InvertedPendulum-v4] run=2 seed= 55 t=    6,526  ep=1150  ep_reward=    38.00  ep_steps=38
[InvertedPendulum-v4] run=2 seed= 55 t=    6,568  ep=1151  ep_reward=    42.00  ep_steps=42
[InvertedPendulum-v4] run=2 seed= 55 t=    6,612  ep=1152  ep_reward=    44.00  ep_steps=44
[InvertedPendulum-v4] run=2 seed= 55 t=    6,659  ep=1153  ep_reward=    47.00  ep_steps=47
[InvertedPendulum-v4] run=2 seed= 55 t=    6,705  ep=1154  ep_reward=    46.00  ep_steps=46
[InvertedPendulum-v4] run=2 seed= 55 t=    6,754  ep=1155  ep_reward=    49.00  ep_steps=49
[InvertedPendulum-v4] run=2 seed= 55 t=    6,810  ep=1156  ep_reward=    56.00  ep_steps=56
[InvertedPendulum-v4] run=2 seed= 55 t=    6,866  ep=1157  ep_reward=    56.00  ep_steps=56
[InvertedPendulum-v4] run=2 seed= 55 t=    6,919  ep=1158  ep_reward=    53.00  ep_steps=53
[InvertedPendulum-v4] run=2 seed= 55 t=    6,976  ep=1159  ep_reward=    57.00  ep_steps=57
[InvertedPendulum-v4] run=2 seed= 55 t=    7,034  ep=1160  ep_reward=    58.00  ep_steps=58
[InvertedPendulum-v4] run=2 seed= 55 t=    7,096  ep=1161  ep_reward=    62.00  ep_steps=62
[InvertedPendulum-v4] run=2 seed= 55 t=    7,154  ep=1162  ep_reward=    58.00  ep_steps=58
[InvertedPendulum-v4] run=2 seed= 55 t=    7,211  ep=1163  ep_reward=    57.00  ep_steps=57
[InvertedPendulum-v4] run=2 seed= 55 t=    7,264  ep=1164  ep_reward=    53.00  ep_steps=53
[InvertedPendulum-v4] run=2 seed= 55 t=    7,318  ep=1165  ep_reward=    54.00  ep_steps=54
[InvertedPendulum-v4] run=2 seed= 55 t=    7,376  ep=1166  ep_reward=    58.00  ep_steps=58
[InvertedPendulum-v4] run=2 seed= 55 t=    7,433  ep=1167  ep_reward=    57.00  ep_steps=57
[InvertedPendulum-v4] run=2 seed= 55 t=    7,493  ep=1168  ep_reward=    60.00  ep_steps=60
[InvertedPendulum-v4] run=2 seed= 55 t=    7,550  ep=1169  ep_reward=    57.00  ep_steps=57
[InvertedPendulum-v4] run=2 seed= 55 t=    7,604  ep=1170  ep_reward=    54.00  ep_steps=54
[InvertedPendulum-v4] run=2 seed= 55 t=    7,660  ep=1171  ep_reward=    56.00  ep_steps=56
[InvertedPendulum-v4] run=2 seed= 55 t=    7,715  ep=1172  ep_reward=    55.00  ep_steps=55
[InvertedPendulum-v4] run=2 seed= 55 t=    7,771  ep=1173  ep_reward=    56.00  ep_steps=56
[InvertedPendulum-v4] run=2 seed= 55 t=    7,827  ep=1174  ep_reward=    56.00  ep_steps=56
[InvertedPendulum-v4] run=2 seed= 55 t=    7,882  ep=1175  ep_reward=    55.00  ep_steps=55
[InvertedPendulum-v4] run=2 seed= 55 t=    7,937  ep=1176  ep_reward=    55.00  ep_steps=55
[InvertedPendulum-v4] run=2 seed= 55 t=    7,993  ep=1177  ep_reward=    56.00  ep_steps=56
[InvertedPendulum-v4] run=2 seed= 55 t=    8,048  ep=1178  ep_reward=    55.00  ep_steps=55
[InvertedPendulum-v4] run=2 seed= 55 t=    8,104  ep=1179  ep_reward=    56.00  ep_steps=56
[InvertedPendulum-v4] run=2 seed= 55 t=    8,157  ep=1180  ep_reward=    53.00  ep_steps=53
[InvertedPendulum-v4] run=2 seed= 55 t=    8,213  ep=1181  ep_reward=    56.00  ep_steps=56
[InvertedPendulum-v4] run=2 seed= 55 t=    8,269  ep=1182  ep_reward=    56.00  ep_steps=56
[InvertedPendulum-v4] run=2 seed= 55 t=    8,323  ep=1183  ep_reward=    54.00  ep_steps=54
[InvertedPendulum-v4] run=2 seed= 55 t=    8,379  ep=1184  ep_reward=    56.00  ep_steps=56
[InvertedPendulum-v4] run=2 seed= 55 t=    8,429  ep=1185  ep_reward=    50.00  ep_steps=50
[InvertedPendulum-v4] run=2 seed= 55 t=    8,484  ep=1186  ep_reward=    55.00  ep_steps=55
[InvertedPendulum-v4] run=2 seed= 55 t=    8,537  ep=1187  ep_reward=    53.00  ep_steps=53
[InvertedPendulum-v4] run=2 seed= 55 t=    8,590  ep=1188  ep_reward=    53.00  ep_steps=53
[InvertedPendulum-v4] run=2 seed= 55 t=    8,642  ep=1189  ep_reward=    52.00  ep_steps=52
[InvertedPendulum-v4] run=2 seed= 55 t=    8,697  ep=1190  ep_reward=    55.00  ep_steps=55
[InvertedPendulum-v4] run=2 seed= 55 t=    8,750  ep=1191  ep_reward=    53.00  ep_steps=53
[InvertedPendulum-v4] run=2 seed= 55 t=    8,800  ep=1192  ep_reward=    50.00  ep_steps=50
[InvertedPendulum-v4] run=2 seed= 55 t=    8,849  ep=1193  ep_reward=    49.00  ep_steps=49
[InvertedPendulum-v4] run=2 seed= 55 t=    8,901  ep=1194  ep_reward=    52.00  ep_steps=52
[InvertedPendulum-v4] run=2 seed= 55 t=    8,955  ep=1195  ep_reward=    54.00  ep_steps=54
[InvertedPendulum-v4] run=2 seed= 55 t=    9,004  ep=1196  ep_reward=    49.00  ep_steps=49
[InvertedPendulum-v4] run=2 seed= 55 t=    9,057  ep=1197  ep_reward=    53.00  ep_steps=53
[InvertedPendulum-v4] run=2 seed= 55 t=    9,111  ep=1198  ep_reward=    54.00  ep_steps=54
[InvertedPendulum-v4] run=2 seed= 55 t=    9,161  ep=1199  ep_reward=    50.00  ep_steps=50
[InvertedPendulum-v4] run=2 seed= 55 t=    9,214  ep=1200  ep_reward=    53.00  ep_steps=53
[InvertedPendulum-v4] run=2 seed= 55 t=    9,266  ep=1201  ep_reward=    52.00  ep_steps=52
[InvertedPendulum-v4] run=2 seed= 55 t=    9,316  ep=1202  ep_reward=    50.00  ep_steps=50
[InvertedPendulum-v4] run=2 seed= 55 t=    9,364  ep=1203  ep_reward=    48.00  ep_steps=48
[InvertedPendulum-v4] run=2 seed= 55 t=    9,414  ep=1204  ep_reward=    50.00  ep_steps=50
[InvertedPendulum-v4] run=2 seed= 55 t=    9,463  ep=1205  ep_reward=    49.00  ep_steps=49
[InvertedPendulum-v4] run=2 seed= 55 t=    9,512  ep=1206  ep_reward=    49.00  ep_steps=49
[InvertedPendulum-v4] run=2 seed= 55 t=    9,560  ep=1207  ep_reward=    48.00  ep_steps=48
[InvertedPendulum-v4] run=2 seed= 55 t=    9,609  ep=1208  ep_reward=    49.00  ep_steps=49
[InvertedPendulum-v4] run=2 seed= 55 t=    9,659  ep=1209  ep_reward=    50.00  ep_steps=50
[InvertedPendulum-v4] run=2 seed= 55 t=    9,707  ep=1210  ep_reward=    48.00  ep_steps=48
[InvertedPendulum-v4] run=2 seed= 55 t=    9,757  ep=1211  ep_reward=    50.00  ep_steps=50
[InvertedPendulum-v4] run=2 seed= 55 t=    9,806  ep=1212  ep_reward=    49.00  ep_steps=49
[InvertedPendulum-v4] run=2 seed= 55 t=    9,859  ep=1213  ep_reward=    53.00  ep_steps=53
[InvertedPendulum-v4] run=2 seed= 55 t=    9,907  ep=1214  ep_reward=    48.00  ep_steps=48
[InvertedPendulum-v4] run=2 seed= 55 t=    9,957  ep=1215  ep_reward=    50.00  ep_steps=50
  *** Eval  t=   10,000  avg_reward=    50.20  (10 eps)  elapsed=0.3min ***
[InvertedPendulum-v4] run=2 seed= 55 t=   10,007  ep=1216  ep_reward=    50.00  ep_steps=50
[InvertedPendulum-v4] run=2 seed= 55 t=   10,056  ep=1217  ep_reward=    49.00  ep_steps=49
[InvertedPendulum-v4] run=2 seed= 55 t=   10,107  ep=1218  ep_reward=    51.00  ep_steps=51
[InvertedPendulum-v4] run=2 seed= 55 t=   10,156  ep=1219  ep_reward=    49.00  ep_steps=49
[InvertedPendulum-v4] run=2 seed= 55 t=   10,206  ep=1220  ep_reward=    50.00  ep_steps=50
[InvertedPendulum-v4] run=2 seed= 55 t=   10,254  ep=1221  ep_reward=    48.00  ep_steps=48
[InvertedPendulum-v4] run=2 seed= 55 t=   10,301  ep=1222  ep_reward=    47.00  ep_steps=47
[InvertedPendulum-v4] run=2 seed= 55 t=   10,349  ep=1223  ep_reward=    48.00  ep_steps=48
[InvertedPendulum-v4] run=2 seed= 55 t=   10,396  ep=1224  ep_reward=    47.00  ep_steps=47
[InvertedPendulum-v4] run=2 seed= 55 t=   10,443  ep=1225  ep_reward=    47.00  ep_steps=47
[InvertedPendulum-v4] run=2 seed= 55 t=   10,490  ep=1226  ep_reward=    47.00  ep_steps=47
[InvertedPendulum-v4] run=2 seed= 55 t=   10,535  ep=1227  ep_reward=    45.00  ep_steps=45
[InvertedPendulum-v4] run=2 seed= 55 t=   10,581  ep=1228  ep_reward=    46.00  ep_steps=46
[InvertedPendulum-v4] run=2 seed= 55 t=   10,628  ep=1229  ep_reward=    47.00  ep_steps=47
[InvertedPendulum-v4] run=2 seed= 55 t=   10,678  ep=1230  ep_reward=    50.00  ep_steps=50
[InvertedPendulum-v4] run=2 seed= 55 t=   10,725  ep=1231  ep_reward=    47.00  ep_steps=47
[InvertedPendulum-v4] run=2 seed= 55 t=   10,774  ep=1232  ep_reward=    49.00  ep_steps=49
[InvertedPendulum-v4] run=2 seed= 55 t=   10,820  ep=1233  ep_reward=    46.00  ep_steps=46
[InvertedPendulum-v4] run=2 seed= 55 t=   10,867  ep=1234  ep_reward=    47.00  ep_steps=47
[InvertedPendulum-v4] run=2 seed= 55 t=   10,915  ep=1235  ep_reward=    48.00  ep_steps=48
[InvertedPendulum-v4] run=2 seed= 55 t=   10,966  ep=1236  ep_reward=    51.00  ep_steps=51
[InvertedPendulum-v4] run=2 seed= 55 t=   11,012  ep=1237  ep_reward=    46.00  ep_steps=46
[InvertedPendulum-v4] run=2 seed= 55 t=   11,062  ep=1238  ep_reward=    50.00  ep_steps=50
[InvertedPendulum-v4] run=2 seed= 55 t=   11,108  ep=1239  ep_reward=    46.00  ep_steps=46
[InvertedPendulum-v4] run=2 seed= 55 t=   11,154  ep=1240  ep_reward=    46.00  ep_steps=46
[InvertedPendulum-v4] run=2 seed= 55 t=   11,206  ep=1241  ep_reward=    52.00  ep_steps=52
[InvertedPendulum-v4] run=2 seed= 55 t=   11,251  ep=1242  ep_reward=    45.00  ep_steps=45
[InvertedPendulum-v4] run=2 seed= 55 t=   11,303  ep=1243  ep_reward=    52.00  ep_steps=52
[InvertedPendulum-v4] run=2 seed= 55 t=   11,353  ep=1244  ep_reward=    50.00  ep_steps=50
[InvertedPendulum-v4] run=2 seed= 55 t=   11,404  ep=1245  ep_reward=    51.00  ep_steps=51
[InvertedPendulum-v4] run=2 seed= 55 t=   11,457  ep=1246  ep_reward=    53.00  ep_steps=53
[InvertedPendulum-v4] run=2 seed= 55 t=   11,511  ep=1247  ep_reward=    54.00  ep_steps=54
[InvertedPendulum-v4] run=2 seed= 55 t=   11,561  ep=1248  ep_reward=    50.00  ep_steps=50
[InvertedPendulum-v4] run=2 seed= 55 t=   11,615  ep=1249  ep_reward=    54.00  ep_steps=54
[InvertedPendulum-v4] run=2 seed= 55 t=   11,662  ep=1250  ep_reward=    47.00  ep_steps=47
[InvertedPendulum-v4] run=2 seed= 55 t=   11,712  ep=1251  ep_reward=    50.00  ep_steps=50
[InvertedPendulum-v4] run=2 seed= 55 t=   11,761  ep=1252  ep_reward=    49.00  ep_steps=49
[InvertedPendulum-v4] run=2 seed= 55 t=   11,812  ep=1253  ep_reward=    51.00  ep_steps=51
[InvertedPendulum-v4] run=2 seed= 55 t=   11,860  ep=1254  ep_reward=    48.00  ep_steps=48
[InvertedPendulum-v4] run=2 seed= 55 t=   11,911  ep=1255  ep_reward=    51.00  ep_steps=51
[InvertedPendulum-v4] run=2 seed= 55 t=   11,970  ep=1256  ep_reward=    59.00  ep_steps=59
[InvertedPendulum-v4] run=2 seed= 55 t=   12,018  ep=1257  ep_reward=    48.00  ep_steps=48
[InvertedPendulum-v4] run=2 seed= 55 t=   12,069  ep=1258  ep_reward=    51.00  ep_steps=51
[InvertedPendulum-v4] run=2 seed= 55 t=   12,120  ep=1259  ep_reward=    51.00  ep_steps=51
[InvertedPendulum-v4] run=2 seed= 55 t=   12,178  ep=1260  ep_reward=    58.00  ep_steps=58
[InvertedPendulum-v4] run=2 seed= 55 t=   12,230  ep=1261  ep_reward=    52.00  ep_steps=52
[InvertedPendulum-v4] run=2 seed= 55 t=   12,288  ep=1262  ep_reward=    58.00  ep_steps=58
[InvertedPendulum-v4] run=2 seed= 55 t=   12,343  ep=1263  ep_reward=    55.00  ep_steps=55
[InvertedPendulum-v4] run=2 seed= 55 t=   12,396  ep=1264  ep_reward=    53.00  ep_steps=53
[InvertedPendulum-v4] run=2 seed= 55 t=   12,447  ep=1265  ep_reward=    51.00  ep_steps=51
[InvertedPendulum-v4] run=2 seed= 55 t=   12,503  ep=1266  ep_reward=    56.00  ep_steps=56
[InvertedPendulum-v4] run=2 seed= 55 t=   12,553  ep=1267  ep_reward=    50.00  ep_steps=50
[InvertedPendulum-v4] run=2 seed= 55 t=   12,614  ep=1268  ep_reward=    61.00  ep_steps=61
[InvertedPendulum-v4] run=2 seed= 55 t=   12,669  ep=1269  ep_reward=    55.00  ep_steps=55
[InvertedPendulum-v4] run=2 seed= 55 t=   12,729  ep=1270  ep_reward=    60.00  ep_steps=60
[InvertedPendulum-v4] run=2 seed= 55 t=   12,799  ep=1271  ep_reward=    70.00  ep_steps=70
[InvertedPendulum-v4] run=2 seed= 55 t=   12,865  ep=1272  ep_reward=    66.00  ep_steps=66
[InvertedPendulum-v4] run=2 seed= 55 t=   12,919  ep=1273  ep_reward=    54.00  ep_steps=54
[InvertedPendulum-v4] run=2 seed= 55 t=   12,977  ep=1274  ep_reward=    58.00  ep_steps=58
[InvertedPendulum-v4] run=2 seed= 55 t=   13,033  ep=1275  ep_reward=    56.00  ep_steps=56
[InvertedPendulum-v4] run=2 seed= 55 t=   13,090  ep=1276  ep_reward=    57.00  ep_steps=57
[InvertedPendulum-v4] run=2 seed= 55 t=   13,155  ep=1277  ep_reward=    65.00  ep_steps=65
[InvertedPendulum-v4] run=2 seed= 55 t=   13,222  ep=1278  ep_reward=    67.00  ep_steps=67
[InvertedPendulum-v4] run=2 seed= 55 t=   13,304  ep=1279  ep_reward=    82.00  ep_steps=82
[InvertedPendulum-v4] run=2 seed= 55 t=   13,371  ep=1280  ep_reward=    67.00  ep_steps=67
[InvertedPendulum-v4] run=2 seed= 55 t=   13,428  ep=1281  ep_reward=    57.00  ep_steps=57
[InvertedPendulum-v4] run=2 seed= 55 t=   13,495  ep=1282  ep_reward=    67.00  ep_steps=67
[InvertedPendulum-v4] run=2 seed= 55 t=   13,560  ep=1283  ep_reward=    65.00  ep_steps=65
[InvertedPendulum-v4] run=2 seed= 55 t=   13,624  ep=1284  ep_reward=    64.00  ep_steps=64
[InvertedPendulum-v4] run=2 seed= 55 t=   13,690  ep=1285  ep_reward=    66.00  ep_steps=66
[InvertedPendulum-v4] run=2 seed= 55 t=   13,757  ep=1286  ep_reward=    67.00  ep_steps=67
[InvertedPendulum-v4] run=2 seed= 55 t=   13,823  ep=1287  ep_reward=    66.00  ep_steps=66
[InvertedPendulum-v4] run=2 seed= 55 t=   13,883  ep=1288  ep_reward=    60.00  ep_steps=60
[InvertedPendulum-v4] run=2 seed= 55 t=   13,958  ep=1289  ep_reward=    75.00  ep_steps=75
[InvertedPendulum-v4] run=2 seed= 55 t=   14,026  ep=1290  ep_reward=    68.00  ep_steps=68
[InvertedPendulum-v4] run=2 seed= 55 t=   14,078  ep=1291  ep_reward=    52.00  ep_steps=52
[InvertedPendulum-v4] run=2 seed= 55 t=   14,120  ep=1292  ep_reward=    42.00  ep_steps=42
[InvertedPendulum-v4] run=2 seed= 55 t=   14,165  ep=1293  ep_reward=    45.00  ep_steps=45
[InvertedPendulum-v4] run=2 seed= 55 t=   14,206  ep=1294  ep_reward=    41.00  ep_steps=41
[InvertedPendulum-v4] run=2 seed= 55 t=   14,253  ep=1295  ep_reward=    47.00  ep_steps=47
[InvertedPendulum-v4] run=2 seed= 55 t=   14,307  ep=1296  ep_reward=    54.00  ep_steps=54
[InvertedPendulum-v4] run=2 seed= 55 t=   14,360  ep=1297  ep_reward=    53.00  ep_steps=53
[InvertedPendulum-v4] run=2 seed= 55 t=   14,407  ep=1298  ep_reward=    47.00  ep_steps=47
[InvertedPendulum-v4] run=2 seed= 55 t=   14,456  ep=1299  ep_reward=    49.00  ep_steps=49
[InvertedPendulum-v4] run=2 seed= 55 t=   14,510  ep=1300  ep_reward=    54.00  ep_steps=54
[InvertedPendulum-v4] run=2 seed= 55 t=   14,564  ep=1301  ep_reward=    54.00  ep_steps=54
[InvertedPendulum-v4] run=2 seed= 55 t=   14,619  ep=1302  ep_reward=    55.00  ep_steps=55
[InvertedPendulum-v4] run=2 seed= 55 t=   14,680  ep=1303  ep_reward=    61.00  ep_steps=61
[InvertedPendulum-v4] run=2 seed= 55 t=   14,735  ep=1304  ep_reward=    55.00  ep_steps=55
[InvertedPendulum-v4] run=2 seed= 55 t=   14,800  ep=1305  ep_reward=    65.00  ep_steps=65
[InvertedPendulum-v4] run=2 seed= 55 t=   14,862  ep=1306  ep_reward=    62.00  ep_steps=62
[InvertedPendulum-v4] run=2 seed= 55 t=   14,929  ep=1307  ep_reward=    67.00  ep_steps=67
[InvertedPendulum-v4] run=2 seed= 55 t=   14,987  ep=1308  ep_reward=    58.00  ep_steps=58
[InvertedPendulum-v4] run=2 seed= 55 t=   15,039  ep=1309  ep_reward=    52.00  ep_steps=52
[InvertedPendulum-v4] run=2 seed= 55 t=   15,102  ep=1310  ep_reward=    63.00  ep_steps=63
[InvertedPendulum-v4] run=2 seed= 55 t=   15,168  ep=1311  ep_reward=    66.00  ep_steps=66
[InvertedPendulum-v4] run=2 seed= 55 t=   15,227  ep=1312  ep_reward=    59.00  ep_steps=59
[InvertedPendulum-v4] run=2 seed= 55 t=   15,283  ep=1313  ep_reward=    56.00  ep_steps=56
[InvertedPendulum-v4] run=2 seed= 55 t=   15,340  ep=1314  ep_reward=    57.00  ep_steps=57
[InvertedPendulum-v4] run=2 seed= 55 t=   15,398  ep=1315  ep_reward=    58.00  ep_steps=58
[InvertedPendulum-v4] run=2 seed= 55 t=   15,456  ep=1316  ep_reward=    58.00  ep_steps=58
[InvertedPendulum-v4] run=2 seed= 55 t=   15,511  ep=1317  ep_reward=    55.00  ep_steps=55
[InvertedPendulum-v4] run=2 seed= 55 t=   15,566  ep=1318  ep_reward=    55.00  ep_steps=55
[InvertedPendulum-v4] run=2 seed= 55 t=   15,621  ep=1319  ep_reward=    55.00  ep_steps=55
[InvertedPendulum-v4] run=2 seed= 55 t=   15,674  ep=1320  ep_reward=    53.00  ep_steps=53
[InvertedPendulum-v4] run=2 seed= 55 t=   15,734  ep=1321  ep_reward=    60.00  ep_steps=60
[InvertedPendulum-v4] run=2 seed= 55 t=   15,789  ep=1322  ep_reward=    55.00  ep_steps=55
[InvertedPendulum-v4] run=2 seed= 55 t=   15,843  ep=1323  ep_reward=    54.00  ep_steps=54
[InvertedPendulum-v4] run=2 seed= 55 t=   15,898  ep=1324  ep_reward=    55.00  ep_steps=55
[InvertedPendulum-v4] run=2 seed= 55 t=   15,953  ep=1325  ep_reward=    55.00  ep_steps=55
[InvertedPendulum-v4] run=2 seed= 55 t=   16,009  ep=1326  ep_reward=    56.00  ep_steps=56
[InvertedPendulum-v4] run=2 seed= 55 t=   16,064  ep=1327  ep_reward=    55.00  ep_steps=55
[InvertedPendulum-v4] run=2 seed= 55 t=   16,122  ep=1328  ep_reward=    58.00  ep_steps=58
[InvertedPendulum-v4] run=2 seed= 55 t=   16,177  ep=1329  ep_reward=    55.00  ep_steps=55
[InvertedPendulum-v4] run=2 seed= 55 t=   16,230  ep=1330  ep_reward=    53.00  ep_steps=53
[InvertedPendulum-v4] run=2 seed= 55 t=   16,280  ep=1331  ep_reward=    50.00  ep_steps=50
[InvertedPendulum-v4] run=2 seed= 55 t=   16,330  ep=1332  ep_reward=    50.00  ep_steps=50
[InvertedPendulum-v4] run=2 seed= 55 t=   16,378  ep=1333  ep_reward=    48.00  ep_steps=48
[InvertedPendulum-v4] run=2 seed= 55 t=   16,426  ep=1334  ep_reward=    48.00  ep_steps=48
[InvertedPendulum-v4] run=2 seed= 55 t=   16,473  ep=1335  ep_reward=    47.00  ep_steps=47
[InvertedPendulum-v4] run=2 seed= 55 t=   16,519  ep=1336  ep_reward=    46.00  ep_steps=46
[InvertedPendulum-v4] run=2 seed= 55 t=   16,567  ep=1337  ep_reward=    48.00  ep_steps=48
[InvertedPendulum-v4] run=2 seed= 55 t=   16,611  ep=1338  ep_reward=    44.00  ep_steps=44
[InvertedPendulum-v4] run=2 seed= 55 t=   16,658  ep=1339  ep_reward=    47.00  ep_steps=47
[InvertedPendulum-v4] run=2 seed= 55 t=   16,704  ep=1340  ep_reward=    46.00  ep_steps=46
[InvertedPendulum-v4] run=2 seed= 55 t=   16,749  ep=1341  ep_reward=    45.00  ep_steps=45
[InvertedPendulum-v4] run=2 seed= 55 t=   16,794  ep=1342  ep_reward=    45.00  ep_steps=45
[InvertedPendulum-v4] run=2 seed= 55 t=   16,837  ep=1343  ep_reward=    43.00  ep_steps=43
[InvertedPendulum-v4] run=2 seed= 55 t=   16,880  ep=1344  ep_reward=    43.00  ep_steps=43
[InvertedPendulum-v4] run=2 seed= 55 t=   16,924  ep=1345  ep_reward=    44.00  ep_steps=44
[InvertedPendulum-v4] run=2 seed= 55 t=   16,968  ep=1346  ep_reward=    44.00  ep_steps=44
[InvertedPendulum-v4] run=2 seed= 55 t=   17,012  ep=1347  ep_reward=    44.00  ep_steps=44
[InvertedPendulum-v4] run=2 seed= 55 t=   17,054  ep=1348  ep_reward=    42.00  ep_steps=42
[InvertedPendulum-v4] run=2 seed= 55 t=   17,098  ep=1349  ep_reward=    44.00  ep_steps=44
[InvertedPendulum-v4] run=2 seed= 55 t=   17,145  ep=1350  ep_reward=    47.00  ep_steps=47
[InvertedPendulum-v4] run=2 seed= 55 t=   17,190  ep=1351  ep_reward=    45.00  ep_steps=45
[InvertedPendulum-v4] run=2 seed= 55 t=   17,233  ep=1352  ep_reward=    43.00  ep_steps=43
[InvertedPendulum-v4] run=2 seed= 55 t=   17,278  ep=1353  ep_reward=    45.00  ep_steps=45
[InvertedPendulum-v4] run=2 seed= 55 t=   17,323  ep=1354  ep_reward=    45.00  ep_steps=45
[InvertedPendulum-v4] run=2 seed= 55 t=   17,367  ep=1355  ep_reward=    44.00  ep_steps=44
[InvertedPendulum-v4] run=2 seed= 55 t=   17,410  ep=1356  ep_reward=    43.00  ep_steps=43
[InvertedPendulum-v4] run=2 seed= 55 t=   17,454  ep=1357  ep_reward=    44.00  ep_steps=44
[InvertedPendulum-v4] run=2 seed= 55 t=   17,498  ep=1358  ep_reward=    44.00  ep_steps=44
[InvertedPendulum-v4] run=2 seed= 55 t=   17,542  ep=1359  ep_reward=    44.00  ep_steps=44
[InvertedPendulum-v4] run=2 seed= 55 t=   17,586  ep=1360  ep_reward=    44.00  ep_steps=44
[InvertedPendulum-v4] run=2 seed= 55 t=   17,632  ep=1361  ep_reward=    46.00  ep_steps=46
[InvertedPendulum-v4] run=2 seed= 55 t=   17,676  ep=1362  ep_reward=    44.00  ep_steps=44
[InvertedPendulum-v4] run=2 seed= 55 t=   17,719  ep=1363  ep_reward=    43.00  ep_steps=43
[InvertedPendulum-v4] run=2 seed= 55 t=   17,763  ep=1364  ep_reward=    44.00  ep_steps=44
[InvertedPendulum-v4] run=2 seed= 55 t=   17,808  ep=1365  ep_reward=    45.00  ep_steps=45
[InvertedPendulum-v4] run=2 seed= 55 t=   17,852  ep=1366  ep_reward=    44.00  ep_steps=44
[InvertedPendulum-v4] run=2 seed= 55 t=   17,897  ep=1367  ep_reward=    45.00  ep_steps=45
[InvertedPendulum-v4] run=2 seed= 55 t=   17,943  ep=1368  ep_reward=    46.00  ep_steps=46
[InvertedPendulum-v4] run=2 seed= 55 t=   17,988  ep=1369  ep_reward=    45.00  ep_steps=45
[InvertedPendulum-v4] run=2 seed= 55 t=   18,032  ep=1370  ep_reward=    44.00  ep_steps=44
[InvertedPendulum-v4] run=2 seed= 55 t=   18,077  ep=1371  ep_reward=    45.00  ep_steps=45
[InvertedPendulum-v4] run=2 seed= 55 t=   18,121  ep=1372  ep_reward=    44.00  ep_steps=44
[InvertedPendulum-v4] run=2 seed= 55 t=   18,165  ep=1373  ep_reward=    44.00  ep_steps=44
[InvertedPendulum-v4] run=2 seed= 55 t=   18,207  ep=1374  ep_reward=    42.00  ep_steps=42
[InvertedPendulum-v4] run=2 seed= 55 t=   18,252  ep=1375  ep_reward=    45.00  ep_steps=45
[InvertedPendulum-v4] run=2 seed= 55 t=   18,297  ep=1376  ep_reward=    45.00  ep_steps=45
[InvertedPendulum-v4] run=2 seed= 55 t=   18,343  ep=1377  ep_reward=    46.00  ep_steps=46
[InvertedPendulum-v4] run=2 seed= 55 t=   18,388  ep=1378  ep_reward=    45.00  ep_steps=45
[InvertedPendulum-v4] run=2 seed= 55 t=   18,433  ep=1379  ep_reward=    45.00  ep_steps=45
[InvertedPendulum-v4] run=2 seed= 55 t=   18,478  ep=1380  ep_reward=    45.00  ep_steps=45
[InvertedPendulum-v4] run=2 seed= 55 t=   18,523  ep=1381  ep_reward=    45.00  ep_steps=45
[InvertedPendulum-v4] run=2 seed= 55 t=   18,569  ep=1382  ep_reward=    46.00  ep_steps=46
[InvertedPendulum-v4] run=2 seed= 55 t=   18,613  ep=1383  ep_reward=    44.00  ep_steps=44
[InvertedPendulum-v4] run=2 seed= 55 t=   18,657  ep=1384  ep_reward=    44.00  ep_steps=44
[InvertedPendulum-v4] run=2 seed= 55 t=   18,701  ep=1385  ep_reward=    44.00  ep_steps=44
[InvertedPendulum-v4] run=2 seed= 55 t=   18,747  ep=1386  ep_reward=    46.00  ep_steps=46
[InvertedPendulum-v4] run=2 seed= 55 t=   18,791  ep=1387  ep_reward=    44.00  ep_steps=44
[InvertedPendulum-v4] run=2 seed= 55 t=   18,835  ep=1388  ep_reward=    44.00  ep_steps=44
[InvertedPendulum-v4] run=2 seed= 55 t=   18,879  ep=1389  ep_reward=    44.00  ep_steps=44
[InvertedPendulum-v4] run=2 seed= 55 t=   18,922  ep=1390  ep_reward=    43.00  ep_steps=43
[InvertedPendulum-v4] run=2 seed= 55 t=   18,967  ep=1391  ep_reward=    45.00  ep_steps=45
[InvertedPendulum-v4] run=2 seed= 55 t=   19,009  ep=1392  ep_reward=    42.00  ep_steps=42
[InvertedPendulum-v4] run=2 seed= 55 t=   19,053  ep=1393  ep_reward=    44.00  ep_steps=44
[InvertedPendulum-v4] run=2 seed= 55 t=   19,096  ep=1394  ep_reward=    43.00  ep_steps=43
[InvertedPendulum-v4] run=2 seed= 55 t=   19,140  ep=1395  ep_reward=    44.00  ep_steps=44
[InvertedPendulum-v4] run=2 seed= 55 t=   19,185  ep=1396  ep_reward=    45.00  ep_steps=45
[InvertedPendulum-v4] run=2 seed= 55 t=   19,229  ep=1397  ep_reward=    44.00  ep_steps=44
[InvertedPendulum-v4] run=2 seed= 55 t=   19,273  ep=1398  ep_reward=    44.00  ep_steps=44
[InvertedPendulum-v4] run=2 seed= 55 t=   19,317  ep=1399  ep_reward=    44.00  ep_steps=44
[InvertedPendulum-v4] run=2 seed= 55 t=   19,362  ep=1400  ep_reward=    45.00  ep_steps=45
[InvertedPendulum-v4] run=2 seed= 55 t=   19,408  ep=1401  ep_reward=    46.00  ep_steps=46
[InvertedPendulum-v4] run=2 seed= 55 t=   19,454  ep=1402  ep_reward=    46.00  ep_steps=46
[InvertedPendulum-v4] run=2 seed= 55 t=   19,498  ep=1403  ep_reward=    44.00  ep_steps=44
[InvertedPendulum-v4] run=2 seed= 55 t=   19,543  ep=1404  ep_reward=    45.00  ep_steps=45
[InvertedPendulum-v4] run=2 seed= 55 t=   19,586  ep=1405  ep_reward=    43.00  ep_steps=43
[InvertedPendulum-v4] run=2 seed= 55 t=   19,629  ep=1406  ep_reward=    43.00  ep_steps=43
[InvertedPendulum-v4] run=2 seed= 55 t=   19,673  ep=1407  ep_reward=    44.00  ep_steps=44
[InvertedPendulum-v4] run=2 seed= 55 t=   19,716  ep=1408  ep_reward=    43.00  ep_steps=43
[InvertedPendulum-v4] run=2 seed= 55 t=   19,759  ep=1409  ep_reward=    43.00  ep_steps=43
[InvertedPendulum-v4] run=2 seed= 55 t=   19,801  ep=1410  ep_reward=    42.00  ep_steps=42
[InvertedPendulum-v4] run=2 seed= 55 t=   19,844  ep=1411  ep_reward=    43.00  ep_steps=43
[InvertedPendulum-v4] run=2 seed= 55 t=   19,890  ep=1412  ep_reward=    46.00  ep_steps=46
[InvertedPendulum-v4] run=2 seed= 55 t=   19,935  ep=1413  ep_reward=    45.00  ep_steps=45
[InvertedPendulum-v4] run=2 seed= 55 t=   19,979  ep=1414  ep_reward=    44.00  ep_steps=44
  *** Eval  t=   20,000  avg_reward=    43.90  (10 eps)  elapsed=0.9min ***
[InvertedPendulum-v4] run=2 seed= 55 t=   20,023  ep=1415  ep_reward=    44.00  ep_steps=44
[InvertedPendulum-v4] run=2 seed= 55 t=   20,067  ep=1416  ep_reward=    44.00  ep_steps=44
[InvertedPendulum-v4] run=2 seed= 55 t=   20,111  ep=1417  ep_reward=    44.00  ep_steps=44
[InvertedPendulum-v4] run=2 seed= 55 t=   20,156  ep=1418  ep_reward=    45.00  ep_steps=45
[InvertedPendulum-v4] run=2 seed= 55 t=   20,201  ep=1419  ep_reward=    45.00  ep_steps=45
[InvertedPendulum-v4] run=2 seed= 55 t=   20,244  ep=1420  ep_reward=    43.00  ep_steps=43
[InvertedPendulum-v4] run=2 seed= 55 t=   20,288  ep=1421  ep_reward=    44.00  ep_steps=44
[InvertedPendulum-v4] run=2 seed= 55 t=   20,332  ep=1422  ep_reward=    44.00  ep_steps=44
[InvertedPendulum-v4] run=2 seed= 55 t=   20,375  ep=1423  ep_reward=    43.00  ep_steps=43
[InvertedPendulum-v4] run=2 seed= 55 t=   20,419  ep=1424  ep_reward=    44.00  ep_steps=44
[InvertedPendulum-v4] run=2 seed= 55 t=   20,462  ep=1425  ep_reward=    43.00  ep_steps=43
[InvertedPendulum-v4] run=2 seed= 55 t=   20,506  ep=1426  ep_reward=    44.00  ep_steps=44
[InvertedPendulum-v4] run=2 seed= 55 t=   20,549  ep=1427  ep_reward=    43.00  ep_steps=43
[InvertedPendulum-v4] run=2 seed= 55 t=   20,594  ep=1428  ep_reward=    45.00  ep_steps=45
[InvertedPendulum-v4] run=2 seed= 55 t=   20,635  ep=1429  ep_reward=    41.00  ep_steps=41
[InvertedPendulum-v4] run=2 seed= 55 t=   20,679  ep=1430  ep_reward=    44.00  ep_steps=44
[InvertedPendulum-v4] run=2 seed= 55 t=   20,724  ep=1431  ep_reward=    45.00  ep_steps=45
[InvertedPendulum-v4] run=2 seed= 55 t=   20,768  ep=1432  ep_reward=    44.00  ep_steps=44
[InvertedPendulum-v4] run=2 seed= 55 t=   20,812  ep=1433  ep_reward=    44.00  ep_steps=44
[InvertedPendulum-v4] run=2 seed= 55 t=   20,855  ep=1434  ep_reward=    43.00  ep_steps=43
[InvertedPendulum-v4] run=2 seed= 55 t=   20,898  ep=1435  ep_reward=    43.00  ep_steps=43
[InvertedPendulum-v4] run=2 seed= 55 t=   20,941  ep=1436  ep_reward=    43.00  ep_steps=43
[InvertedPendulum-v4] run=2 seed= 55 t=   20,985  ep=1437  ep_reward=    44.00  ep_steps=44
[InvertedPendulum-v4] run=2 seed= 55 t=   21,028  ep=1438  ep_reward=    43.00  ep_steps=43
[InvertedPendulum-v4] run=2 seed= 55 t=   21,073  ep=1439  ep_reward=    45.00  ep_steps=45
[InvertedPendulum-v4] run=2 seed= 55 t=   21,116  ep=1440  ep_reward=    43.00  ep_steps=43
[InvertedPendulum-v4] run=2 seed= 55 t=   21,160  ep=1441  ep_reward=    44.00  ep_steps=44
[InvertedPendulum-v4] run=2 seed= 55 t=   21,203  ep=1442  ep_reward=    43.00  ep_steps=43
[InvertedPendulum-v4] run=2 seed= 55 t=   21,247  ep=1443  ep_reward=    44.00  ep_steps=44
[InvertedPendulum-v4] run=2 seed= 55 t=   21,291  ep=1444  ep_reward=    44.00  ep_steps=44
[InvertedPendulum-v4] run=2 seed= 55 t=   21,335  ep=1445  ep_reward=    44.00  ep_steps=44
[InvertedPendulum-v4] run=2 seed= 55 t=   21,379  ep=1446  ep_reward=    44.00  ep_steps=44
[InvertedPendulum-v4] run=2 seed= 55 t=   21,428  ep=1447  ep_reward=    49.00  ep_steps=49
[InvertedPendulum-v4] run=2 seed= 55 t=   21,472  ep=1448  ep_reward=    44.00  ep_steps=44
[InvertedPendulum-v4] run=2 seed= 55 t=   21,516  ep=1449  ep_reward=    44.00  ep_steps=44
[InvertedPendulum-v4] run=2 seed= 55 t=   21,560  ep=1450  ep_reward=    44.00  ep_steps=44
[InvertedPendulum-v4] run=2 seed= 55 t=   21,604  ep=1451  ep_reward=    44.00  ep_steps=44
[InvertedPendulum-v4] run=2 seed= 55 t=   21,648  ep=1452  ep_reward=    44.00  ep_steps=44
[InvertedPendulum-v4] run=2 seed= 55 t=   21,693  ep=1453  ep_reward=    45.00  ep_steps=45
[InvertedPendulum-v4] run=2 seed= 55 t=   21,736  ep=1454  ep_reward=    43.00  ep_steps=43
[InvertedPendulum-v4] run=2 seed= 55 t=   21,782  ep=1455  ep_reward=    46.00  ep_steps=46
[InvertedPendulum-v4] run=2 seed= 55 t=   21,828  ep=1456  ep_reward=    46.00  ep_steps=46
[InvertedPendulum-v4] run=2 seed= 55 t=   21,872  ep=1457  ep_reward=    44.00  ep_steps=44
[InvertedPendulum-v4] run=2 seed= 55 t=   21,916  ep=1458  ep_reward=    44.00  ep_steps=44
[InvertedPendulum-v4] run=2 seed= 55 t=   21,960  ep=1459  ep_reward=    44.00  ep_steps=44
[InvertedPendulum-v4] run=2 seed= 55 t=   22,006  ep=1460  ep_reward=    46.00  ep_steps=46
[InvertedPendulum-v4] run=2 seed= 55 t=   22,051  ep=1461  ep_reward=    45.00  ep_steps=45
[InvertedPendulum-v4] run=2 seed= 55 t=   22,095  ep=1462  ep_reward=    44.00  ep_steps=44
[InvertedPendulum-v4] run=2 seed= 55 t=   22,146  ep=1463  ep_reward=    51.00  ep_steps=51
[InvertedPendulum-v4] run=2 seed= 55 t=   22,194  ep=1464  ep_reward=    48.00  ep_steps=48
[InvertedPendulum-v4] run=2 seed= 55 t=   22,240  ep=1465  ep_reward=    46.00  ep_steps=46
[InvertedPendulum-v4] run=2 seed= 55 t=   22,287  ep=1466  ep_reward=    47.00  ep_steps=47
[InvertedPendulum-v4] run=2 seed= 55 t=   22,337  ep=1467  ep_reward=    50.00  ep_steps=50
[InvertedPendulum-v4] run=2 seed= 55 t=   22,385  ep=1468  ep_reward=    48.00  ep_steps=48
[InvertedPendulum-v4] run=2 seed= 55 t=   22,433  ep=1469  ep_reward=    48.00  ep_steps=48
[InvertedPendulum-v4] run=2 seed= 55 t=   22,483  ep=1470  ep_reward=    50.00  ep_steps=50
[InvertedPendulum-v4] run=2 seed= 55 t=   22,532  ep=1471  ep_reward=    49.00  ep_steps=49
[InvertedPendulum-v4] run=2 seed= 55 t=   22,580  ep=1472  ep_reward=    48.00  ep_steps=48
[InvertedPendulum-v4] run=2 seed= 55 t=   22,629  ep=1473  ep_reward=    49.00  ep_steps=49
[InvertedPendulum-v4] run=2 seed= 55 t=   22,684  ep=1474  ep_reward=    55.00  ep_steps=55
[InvertedPendulum-v4] run=2 seed= 55 t=   22,734  ep=1475  ep_reward=    50.00  ep_steps=50
[InvertedPendulum-v4] run=2 seed= 55 t=   22,783  ep=1476  ep_reward=    49.00  ep_steps=49
[InvertedPendulum-v4] run=2 seed= 55 t=   22,830  ep=1477  ep_reward=    47.00  ep_steps=47
[InvertedPendulum-v4] run=2 seed= 55 t=   22,880  ep=1478  ep_reward=    50.00  ep_steps=50
[InvertedPendulum-v4] run=2 seed= 55 t=   22,928  ep=1479  ep_reward=    48.00  ep_steps=48
[InvertedPendulum-v4] run=2 seed= 55 t=   22,979  ep=1480  ep_reward=    51.00  ep_steps=51
[InvertedPendulum-v4] run=2 seed= 55 t=   23,027  ep=1481  ep_reward=    48.00  ep_steps=48
[InvertedPendulum-v4] run=2 seed= 55 t=   23,076  ep=1482  ep_reward=    49.00  ep_steps=49
[InvertedPendulum-v4] run=2 seed= 55 t=   23,127  ep=1483  ep_reward=    51.00  ep_steps=51
[InvertedPendulum-v4] run=2 seed= 55 t=   23,175  ep=1484  ep_reward=    48.00  ep_steps=48
[InvertedPendulum-v4] run=2 seed= 55 t=   23,224  ep=1485  ep_reward=    49.00  ep_steps=49
[InvertedPendulum-v4] run=2 seed= 55 t=   23,274  ep=1486  ep_reward=    50.00  ep_steps=50
[InvertedPendulum-v4] run=2 seed= 55 t=   23,329  ep=1487  ep_reward=    55.00  ep_steps=55
[InvertedPendulum-v4] run=2 seed= 55 t=   23,378  ep=1488  ep_reward=    49.00  ep_steps=49
[InvertedPendulum-v4] run=2 seed= 55 t=   23,428  ep=1489  ep_reward=    50.00  ep_steps=50
[InvertedPendulum-v4] run=2 seed= 55 t=   23,477  ep=1490  ep_reward=    49.00  ep_steps=49
[InvertedPendulum-v4] run=2 seed= 55 t=   23,525  ep=1491  ep_reward=    48.00  ep_steps=48
[InvertedPendulum-v4] run=2 seed= 55 t=   23,574  ep=1492  ep_reward=    49.00  ep_steps=49
[InvertedPendulum-v4] run=2 seed= 55 t=   23,622  ep=1493  ep_reward=    48.00  ep_steps=48
[InvertedPendulum-v4] run=2 seed= 55 t=   23,674  ep=1494  ep_reward=    52.00  ep_steps=52
[InvertedPendulum-v4] run=2 seed= 55 t=   23,723  ep=1495  ep_reward=    49.00  ep_steps=49
[InvertedPendulum-v4] run=2 seed= 55 t=   23,773  ep=1496  ep_reward=    50.00  ep_steps=50
[InvertedPendulum-v4] run=2 seed= 55 t=   23,823  ep=1497  ep_reward=    50.00  ep_steps=50
[InvertedPendulum-v4] run=2 seed= 55 t=   23,873  ep=1498  ep_reward=    50.00  ep_steps=50
[InvertedPendulum-v4] run=2 seed= 55 t=   23,924  ep=1499  ep_reward=    51.00  ep_steps=51
[InvertedPendulum-v4] run=2 seed= 55 t=   23,974  ep=1500  ep_reward=    50.00  ep_steps=50
[InvertedPendulum-v4] run=2 seed= 55 t=   24,022  ep=1501  ep_reward=    48.00  ep_steps=48
[InvertedPendulum-v4] run=2 seed= 55 t=   24,070  ep=1502  ep_reward=    48.00  ep_steps=48
[InvertedPendulum-v4] run=2 seed= 55 t=   24,122  ep=1503  ep_reward=    52.00  ep_steps=52
[InvertedPendulum-v4] run=2 seed= 55 t=   24,171  ep=1504  ep_reward=    49.00  ep_steps=49
[InvertedPendulum-v4] run=2 seed= 55 t=   24,219  ep=1505  ep_reward=    48.00  ep_steps=48
[InvertedPendulum-v4] run=2 seed= 55 t=   24,267  ep=1506  ep_reward=    48.00  ep_steps=48
[InvertedPendulum-v4] run=2 seed= 55 t=   24,315  ep=1507  ep_reward=    48.00  ep_steps=48
[InvertedPendulum-v4] run=2 seed= 55 t=   24,366  ep=1508  ep_reward=    51.00  ep_steps=51
[InvertedPendulum-v4] run=2 seed= 55 t=   24,417  ep=1509  ep_reward=    51.00  ep_steps=51
[InvertedPendulum-v4] run=2 seed= 55 t=   24,466  ep=1510  ep_reward=    49.00  ep_steps=49
[InvertedPendulum-v4] run=2 seed= 55 t=   24,516  ep=1511  ep_reward=    50.00  ep_steps=50
[InvertedPendulum-v4] run=2 seed= 55 t=   24,565  ep=1512  ep_reward=    49.00  ep_steps=49
[InvertedPendulum-v4] run=2 seed= 55 t=   24,615  ep=1513  ep_reward=    50.00  ep_steps=50
[InvertedPendulum-v4] run=2 seed= 55 t=   24,665  ep=1514  ep_reward=    50.00  ep_steps=50
[InvertedPendulum-v4] run=2 seed= 55 t=   24,713  ep=1515  ep_reward=    48.00  ep_steps=48
[InvertedPendulum-v4] run=2 seed= 55 t=   24,762  ep=1516  ep_reward=    49.00  ep_steps=49
[InvertedPendulum-v4] run=2 seed= 55 t=   24,813  ep=1517  ep_reward=    51.00  ep_steps=51
[InvertedPendulum-v4] run=2 seed= 55 t=   24,862  ep=1518  ep_reward=    49.00  ep_steps=49
[InvertedPendulum-v4] run=2 seed= 55 t=   24,911  ep=1519  ep_reward=    49.00  ep_steps=49
[InvertedPendulum-v4] run=2 seed= 55 t=   24,961  ep=1520  ep_reward=    50.00  ep_steps=50
[InvertedPendulum-v4] run=2 seed= 55 t=   25,013  ep=1521  ep_reward=    52.00  ep_steps=52
[InvertedPendulum-v4] run=2 seed= 55 t=   25,067  ep=1522  ep_reward=    54.00  ep_steps=54
[InvertedPendulum-v4] run=2 seed= 55 t=   25,117  ep=1523  ep_reward=    50.00  ep_steps=50
[InvertedPendulum-v4] run=2 seed= 55 t=   25,165  ep=1524  ep_reward=    48.00  ep_steps=48
[InvertedPendulum-v4] run=2 seed= 55 t=   25,218  ep=1525  ep_reward=    53.00  ep_steps=53
[InvertedPendulum-v4] run=2 seed= 55 t=   25,269  ep=1526  ep_reward=    51.00  ep_steps=51
[InvertedPendulum-v4] run=2 seed= 55 t=   25,320  ep=1527  ep_reward=    51.00  ep_steps=51
[InvertedPendulum-v4] run=2 seed= 55 t=   25,372  ep=1528  ep_reward=    52.00  ep_steps=52
[InvertedPendulum-v4] run=2 seed= 55 t=   25,424  ep=1529  ep_reward=    52.00  ep_steps=52
[InvertedPendulum-v4] run=2 seed= 55 t=   25,474  ep=1530  ep_reward=    50.00  ep_steps=50
[InvertedPendulum-v4] run=2 seed= 55 t=   25,527  ep=1531  ep_reward=    53.00  ep_steps=53
[InvertedPendulum-v4] run=2 seed= 55 t=   25,578  ep=1532  ep_reward=    51.00  ep_steps=51
[InvertedPendulum-v4] run=2 seed= 55 t=   25,630  ep=1533  ep_reward=    52.00  ep_steps=52
[InvertedPendulum-v4] run=2 seed= 55 t=   25,684  ep=1534  ep_reward=    54.00  ep_steps=54
[InvertedPendulum-v4] run=2 seed= 55 t=   25,738  ep=1535  ep_reward=    54.00  ep_steps=54
[InvertedPendulum-v4] run=2 seed= 55 t=   25,791  ep=1536  ep_reward=    53.00  ep_steps=53
[InvertedPendulum-v4] run=2 seed= 55 t=   25,848  ep=1537  ep_reward=    57.00  ep_steps=57
[InvertedPendulum-v4] run=2 seed= 55 t=   25,903  ep=1538  ep_reward=    55.00  ep_steps=55
[InvertedPendulum-v4] run=2 seed= 55 t=   25,956  ep=1539  ep_reward=    53.00  ep_steps=53
[InvertedPendulum-v4] run=2 seed= 55 t=   26,008  ep=1540  ep_reward=    52.00  ep_steps=52
[InvertedPendulum-v4] run=2 seed= 55 t=   26,060  ep=1541  ep_reward=    52.00  ep_steps=52
[InvertedPendulum-v4] run=2 seed= 55 t=   26,114  ep=1542  ep_reward=    54.00  ep_steps=54
[InvertedPendulum-v4] run=2 seed= 55 t=   26,167  ep=1543  ep_reward=    53.00  ep_steps=53
[InvertedPendulum-v4] run=2 seed= 55 t=   26,221  ep=1544  ep_reward=    54.00  ep_steps=54
[InvertedPendulum-v4] run=2 seed= 55 t=   26,277  ep=1545  ep_reward=    56.00  ep_steps=56
[InvertedPendulum-v4] run=2 seed= 55 t=   26,335  ep=1546  ep_reward=    58.00  ep_steps=58
[InvertedPendulum-v4] run=2 seed= 55 t=   26,396  ep=1547  ep_reward=    61.00  ep_steps=61
[InvertedPendulum-v4] run=2 seed= 55 t=   26,464  ep=1548  ep_reward=    68.00  ep_steps=68
[InvertedPendulum-v4] run=2 seed= 55 t=   26,527  ep=1549  ep_reward=    63.00  ep_steps=63
[InvertedPendulum-v4] run=2 seed= 55 t=   26,595  ep=1550  ep_reward=    68.00  ep_steps=68
[InvertedPendulum-v4] run=2 seed= 55 t=   26,663  ep=1551  ep_reward=    68.00  ep_steps=68
[InvertedPendulum-v4] run=2 seed= 55 t=   26,737  ep=1552  ep_reward=    74.00  ep_steps=74
[InvertedPendulum-v4] run=2 seed= 55 t=   26,811  ep=1553  ep_reward=    74.00  ep_steps=74
[InvertedPendulum-v4] run=2 seed= 55 t=   26,878  ep=1554  ep_reward=    67.00  ep_steps=67
[InvertedPendulum-v4] run=2 seed= 55 t=   26,942  ep=1555  ep_reward=    64.00  ep_steps=64
[InvertedPendulum-v4] run=2 seed= 55 t=   27,025  ep=1556  ep_reward=    83.00  ep_steps=83
[InvertedPendulum-v4] run=2 seed= 55 t=   27,097  ep=1557  ep_reward=    72.00  ep_steps=72
[InvertedPendulum-v4] run=2 seed= 55 t=   27,172  ep=1558  ep_reward=    75.00  ep_steps=75
[InvertedPendulum-v4] run=2 seed= 55 t=   27,243  ep=1559  ep_reward=    71.00  ep_steps=71
[InvertedPendulum-v4] run=2 seed= 55 t=   27,310  ep=1560  ep_reward=    67.00  ep_steps=67
[InvertedPendulum-v4] run=2 seed= 55 t=   27,379  ep=1561  ep_reward=    69.00  ep_steps=69
[InvertedPendulum-v4] run=2 seed= 55 t=   27,449  ep=1562  ep_reward=    70.00  ep_steps=70
[InvertedPendulum-v4] run=2 seed= 55 t=   27,518  ep=1563  ep_reward=    69.00  ep_steps=69
[InvertedPendulum-v4] run=2 seed= 55 t=   27,585  ep=1564  ep_reward=    67.00  ep_steps=67
[InvertedPendulum-v4] run=2 seed= 55 t=   27,658  ep=1565  ep_reward=    73.00  ep_steps=73
[InvertedPendulum-v4] run=2 seed= 55 t=   27,731  ep=1566  ep_reward=    73.00  ep_steps=73
[InvertedPendulum-v4] run=2 seed= 55 t=   27,807  ep=1567  ep_reward=    76.00  ep_steps=76
[InvertedPendulum-v4] run=2 seed= 55 t=   27,878  ep=1568  ep_reward=    71.00  ep_steps=71
[InvertedPendulum-v4] run=2 seed= 55 t=   27,950  ep=1569  ep_reward=    72.00  ep_steps=72
[InvertedPendulum-v4] run=2 seed= 55 t=   28,037  ep=1570  ep_reward=    87.00  ep_steps=87
[InvertedPendulum-v4] run=2 seed= 55 t=   28,126  ep=1571  ep_reward=    89.00  ep_steps=89
[InvertedPendulum-v4] run=2 seed= 55 t=   28,212  ep=1572  ep_reward=    86.00  ep_steps=86
[InvertedPendulum-v4] run=2 seed= 55 t=   28,289  ep=1573  ep_reward=    77.00  ep_steps=77
[InvertedPendulum-v4] run=2 seed= 55 t=   28,398  ep=1574  ep_reward=   109.00  ep_steps=109
[InvertedPendulum-v4] run=2 seed= 55 t=   28,485  ep=1575  ep_reward=    87.00  ep_steps=87
[InvertedPendulum-v4] run=2 seed= 55 t=   28,592  ep=1576  ep_reward=   107.00  ep_steps=107
[InvertedPendulum-v4] run=2 seed= 55 t=   28,718  ep=1577  ep_reward=   126.00  ep_steps=126
[InvertedPendulum-v4] run=2 seed= 55 t=   28,819  ep=1578  ep_reward=   101.00  ep_steps=101
[InvertedPendulum-v4] run=2 seed= 55 t=   28,963  ep=1579  ep_reward=   144.00  ep_steps=144
[InvertedPendulum-v4] run=2 seed= 55 t=   29,165  ep=1580  ep_reward=   202.00  ep_steps=202
  *** Eval  t=   30,000  avg_reward=  1000.00  (10 eps)  elapsed=1.6min ***
[InvertedPendulum-v4] run=2 seed= 55 t=   30,165  ep=1581  ep_reward=  1000.00  ep_steps=1000
[InvertedPendulum-v4] run=2 seed= 55 t=   31,165  ep=1582  ep_reward=  1000.00  ep_steps=1000
[InvertedPendulum-v4] run=2 seed= 55 t=   32,165  ep=1583  ep_reward=  1000.00  ep_steps=1000
[InvertedPendulum-v4] run=2 seed= 55 t=   33,165  ep=1584  ep_reward=  1000.00  ep_steps=1000
[InvertedPendulum-v4] run=2 seed= 55 t=   34,165  ep=1585  ep_reward=  1000.00  ep_steps=1000
[InvertedPendulum-v4] run=2 seed= 55 t=   35,165  ep=1586  ep_reward=  1000.00  ep_steps=1000
[InvertedPendulum-v4] run=2 seed= 55 t=   36,165  ep=1587  ep_reward=  1000.00  ep_steps=1000
[InvertedPendulum-v4] run=2 seed= 55 t=   37,165  ep=1588  ep_reward=  1000.00  ep_steps=1000
[InvertedPendulum-v4] run=2 seed= 55 t=   38,165  ep=1589  ep_reward=  1000.00  ep_steps=1000
[InvertedPendulum-v4] run=2 seed= 55 t=   39,165  ep=1590  ep_reward=  1000.00  ep_steps=1000
  *** Eval  t=   40,000  avg_reward=  1000.00  (10 eps)  elapsed=2.3min ***
[InvertedPendulum-v4] run=2 seed= 55 t=   40,165  ep=1591  ep_reward=  1000.00  ep_steps=1000
[InvertedPendulum-v4] run=2 seed= 55 t=   41,165  ep=1592  ep_reward=  1000.00  ep_steps=1000
[InvertedPendulum-v4] run=2 seed= 55 t=   42,165  ep=1593  ep_reward=  1000.00  ep_steps=1000
[InvertedPendulum-v4] run=2 seed= 55 t=   43,165  ep=1594  ep_reward=  1000.00  ep_steps=1000
[InvertedPendulum-v4] run=2 seed= 55 t=   44,165  ep=1595  ep_reward=  1000.00  ep_steps=1000
[InvertedPendulum-v4] run=2 seed= 55 t=   45,165  ep=1596  ep_reward=  1000.00  ep_steps=1000
[InvertedPendulum-v4] run=2 seed= 55 t=   46,165  ep=1597  ep_reward=  1000.00  ep_steps=1000
[InvertedPendulum-v4] run=2 seed= 55 t=   47,165  ep=1598  ep_reward=  1000.00  ep_steps=1000
[InvertedPendulum-v4] run=2 seed= 55 t=   48,165  ep=1599  ep_reward=  1000.00  ep_steps=1000
[InvertedPendulum-v4] run=2 seed= 55 t=   49,165  ep=1600  ep_reward=  1000.00  ep_steps=1000
  *** Eval  t=   50,000  avg_reward=  1000.00  (10 eps)  elapsed=3.0min ***
[InvertedPendulum-v4] run=2 seed= 55 t=   50,165  ep=1601  ep_reward=  1000.00  ep_steps=1000
[InvertedPendulum-v4] run=2 seed= 55 t=   51,165  ep=1602  ep_reward=  1000.00  ep_steps=1000
[InvertedPendulum-v4] run=2 seed= 55 t=   52,165  ep=1603  ep_reward=  1000.00  ep_steps=1000
[InvertedPendulum-v4] run=2 seed= 55 t=   53,165  ep=1604  ep_reward=  1000.00  ep_steps=1000
[InvertedPendulum-v4] run=2 seed= 55 t=   54,165  ep=1605  ep_reward=  1000.00  ep_steps=1000
[InvertedPendulum-v4] run=2 seed= 55 t=   55,165  ep=1606  ep_reward=  1000.00  ep_steps=1000
[InvertedPendulum-v4] run=2 seed= 55 t=   56,165  ep=1607  ep_reward=  1000.00  ep_steps=1000
[InvertedPendulum-v4] run=2 seed= 55 t=   57,165  ep=1608  ep_reward=  1000.00  ep_steps=1000
[InvertedPendulum-v4] run=2 seed= 55 t=   58,165  ep=1609  ep_reward=  1000.00  ep_steps=1000
[InvertedPendulum-v4] run=2 seed= 55 t=   59,165  ep=1610  ep_reward=  1000.00  ep_steps=1000
  *** Eval  t=   60,000  avg_reward=  1000.00  (10 eps)  elapsed=3.6min ***
[InvertedPendulum-v4] run=2 seed= 55 t=   60,165  ep=1611  ep_reward=  1000.00  ep_steps=1000
[InvertedPendulum-v4] run=2 seed= 55 t=   61,165  ep=1612  ep_reward=  1000.00  ep_steps=1000
[InvertedPendulum-v4] run=2 seed= 55 t=   62,165  ep=1613  ep_reward=  1000.00  ep_steps=1000
[InvertedPendulum-v4] run=2 seed= 55 t=   63,165  ep=1614  ep_reward=  1000.00  ep_steps=1000
[InvertedPendulum-v4] run=2 seed= 55 t=   64,165  ep=1615  ep_reward=  1000.00  ep_steps=1000
[InvertedPendulum-v4] run=2 seed= 55 t=   65,165  ep=1616  ep_reward=  1000.00  ep_steps=1000
[InvertedPendulum-v4] run=2 seed= 55 t=   66,165  ep=1617  ep_reward=  1000.00  ep_steps=1000
[InvertedPendulum-v4] run=2 seed= 55 t=   67,165  ep=1618  ep_reward=  1000.00  ep_steps=1000
[InvertedPendulum-v4] run=2 seed= 55 t=   68,165  ep=1619  ep_reward=  1000.00  ep_steps=1000
[InvertedPendulum-v4] run=2 seed= 55 t=   69,165  ep=1620  ep_reward=  1000.00  ep_steps=1000
  *** Eval  t=   70,000  avg_reward=  1000.00  (10 eps)  elapsed=4.3min ***
[InvertedPendulum-v4] run=2 seed= 55 t=   70,165  ep=1621  ep_reward=  1000.00  ep_steps=1000
[InvertedPendulum-v4] run=2 seed= 55 t=   71,165  ep=1622  ep_reward=  1000.00  ep_steps=1000
[InvertedPendulum-v4] run=2 seed= 55 t=   72,165  ep=1623  ep_reward=  1000.00  ep_steps=1000
[InvertedPendulum-v4] run=2 seed= 55 t=   73,165  ep=1624  ep_reward=  1000.00  ep_steps=1000
[InvertedPendulum-v4] run=2 seed= 55 t=   74,165  ep=1625  ep_reward=  1000.00  ep_steps=1000
[InvertedPendulum-v4] run=2 seed= 55 t=   75,165  ep=1626  ep_reward=  1000.00  ep_steps=1000
[InvertedPendulum-v4] run=2 seed= 55 t=   76,165  ep=1627  ep_reward=  1000.00  ep_steps=1000
[InvertedPendulum-v4] run=2 seed= 55 t=   77,165  ep=1628  ep_reward=  1000.00  ep_steps=1000
[InvertedPendulum-v4] run=2 seed= 55 t=   78,165  ep=1629  ep_reward=  1000.00  ep_steps=1000
[InvertedPendulum-v4] run=2 seed= 55 t=   79,165  ep=1630  ep_reward=  1000.00  ep_steps=1000
  *** Eval  t=   80,000  avg_reward=  1000.00  (10 eps)  elapsed=5.0min ***
[InvertedPendulum-v4] run=2 seed= 55 t=   80,165  ep=1631  ep_reward=  1000.00  ep_steps=1000
[InvertedPendulum-v4] run=2 seed= 55 t=   81,165  ep=1632  ep_reward=  1000.00  ep_steps=1000
[InvertedPendulum-v4] run=2 seed= 55 t=   82,165  ep=1633  ep_reward=  1000.00  ep_steps=1000
[InvertedPendulum-v4] run=2 seed= 55 t=   83,165  ep=1634  ep_reward=  1000.00  ep_steps=1000
[InvertedPendulum-v4] run=2 seed= 55 t=   84,165  ep=1635  ep_reward=  1000.00  ep_steps=1000
[InvertedPendulum-v4] run=2 seed= 55 t=   85,165  ep=1636  ep_reward=  1000.00  ep_steps=1000
[InvertedPendulum-v4] run=2 seed= 55 t=   86,165  ep=1637  ep_reward=  1000.00  ep_steps=1000
[InvertedPendulum-v4] run=2 seed= 55 t=   87,165  ep=1638  ep_reward=  1000.00  ep_steps=1000
[InvertedPendulum-v4] run=2 seed= 55 t=   88,165  ep=1639  ep_reward=  1000.00  ep_steps=1000
[InvertedPendulum-v4] run=2 seed= 55 t=   89,165  ep=1640  ep_reward=  1000.00  ep_steps=1000
  *** Eval  t=   90,000  avg_reward=  1000.00  (10 eps)  elapsed=5.7min ***
[InvertedPendulum-v4] run=2 seed= 55 t=   90,165  ep=1641  ep_reward=  1000.00  ep_steps=1000
[InvertedPendulum-v4] run=2 seed= 55 t=   91,165  ep=1642  ep_reward=  1000.00  ep_steps=1000
[InvertedPendulum-v4] run=2 seed= 55 t=   92,165  ep=1643  ep_reward=  1000.00  ep_steps=1000
[InvertedPendulum-v4] run=2 seed= 55 t=   93,165  ep=1644  ep_reward=  1000.00  ep_steps=1000
[InvertedPendulum-v4] run=2 seed= 55 t=   94,165  ep=1645  ep_reward=  1000.00  ep_steps=1000
[InvertedPendulum-v4] run=2 seed= 55 t=   95,165  ep=1646  ep_reward=  1000.00  ep_steps=1000
[InvertedPendulum-v4] run=2 seed= 55 t=   96,165  ep=1647  ep_reward=  1000.00  ep_steps=1000
[InvertedPendulum-v4] run=2 seed= 55 t=   97,165  ep=1648  ep_reward=  1000.00  ep_steps=1000
[InvertedPendulum-v4] run=2 seed= 55 t=   98,165  ep=1649  ep_reward=  1000.00  ep_steps=1000
[InvertedPendulum-v4] run=2 seed= 55 t=   99,165  ep=1650  ep_reward=  1000.00  ep_steps=1000
  *** Eval  t=  100,000  avg_reward=  1000.00  (10 eps)  elapsed=6.3min ***
[InvertedPendulum-v4] run=2 seed= 55 t=  100,165  ep=1651  ep_reward=  1000.00  ep_steps=1000
[InvertedPendulum-v4] run=2 seed= 55 t=  101,165  ep=1652  ep_reward=  1000.00  ep_steps=1000
[InvertedPendulum-v4] run=2 seed= 55 t=  102,165  ep=1653  ep_reward=  1000.00  ep_steps=1000
[InvertedPendulum-v4] run=2 seed= 55 t=  103,165  ep=1654  ep_reward=  1000.00  ep_steps=1000
[InvertedPendulum-v4] run=2 seed= 55 t=  104,165  ep=1655  ep_reward=  1000.00  ep_steps=1000
[InvertedPendulum-v4] run=2 seed= 55 t=  105,165  ep=1656  ep_reward=  1000.00  ep_steps=1000
[InvertedPendulum-v4] run=2 seed= 55 t=  106,165  ep=1657  ep_reward=  1000.00  ep_steps=1000
[InvertedPendulum-v4] run=2 seed= 55 t=  107,165  ep=1658  ep_reward=  1000.00  ep_steps=1000
[InvertedPendulum-v4] run=2 seed= 55 t=  108,165  ep=1659  ep_reward=  1000.00  ep_steps=1000
[InvertedPendulum-v4] run=2 seed= 55 t=  109,165  ep=1660  ep_reward=  1000.00  ep_steps=1000
  *** Eval  t=  110,000  avg_reward=  1000.00  (10 eps)  elapsed=7.0min ***
[InvertedPendulum-v4] run=2 seed= 55 t=  110,165  ep=1661  ep_reward=  1000.00  ep_steps=1000
[InvertedPendulum-v4] run=2 seed= 55 t=  111,165  ep=1662  ep_reward=  1000.00  ep_steps=1000
[InvertedPendulum-v4] run=2 seed= 55 t=  112,165  ep=1663  ep_reward=  1000.00  ep_steps=1000
[InvertedPendulum-v4] run=2 seed= 55 t=  113,165  ep=1664  ep_reward=  1000.00  ep_steps=1000
[InvertedPendulum-v4] run=2 seed= 55 t=  114,165  ep=1665  ep_reward=  1000.00  ep_steps=1000
[InvertedPendulum-v4] run=2 seed= 55 t=  115,165  ep=1666  ep_reward=  1000.00  ep_steps=1000
[InvertedPendulum-v4] run=2 seed= 55 t=  116,165  ep=1667  ep_reward=  1000.00  ep_steps=1000
[InvertedPendulum-v4] run=2 seed= 55 t=  117,165  ep=1668  ep_reward=  1000.00  ep_steps=1000
[InvertedPendulum-v4] run=2 seed= 55 t=  118,165  ep=1669  ep_reward=  1000.00  ep_steps=1000
[InvertedPendulum-v4] run=2 seed= 55 t=  119,165  ep=1670  ep_reward=  1000.00  ep_steps=1000
  *** Eval  t=  120,000  avg_reward=  1000.00  (10 eps)  elapsed=7.7min ***
[InvertedPendulum-v4] run=2 seed= 55 t=  120,165  ep=1671  ep_reward=  1000.00  ep_steps=1000
[InvertedPendulum-v4] run=2 seed= 55 t=  121,165  ep=1672  ep_reward=  1000.00  ep_steps=1000
[InvertedPendulum-v4] run=2 seed= 55 t=  122,165  ep=1673  ep_reward=  1000.00  ep_steps=1000
[InvertedPendulum-v4] run=2 seed= 55 t=  123,165  ep=1674  ep_reward=  1000.00  ep_steps=1000
[InvertedPendulum-v4] run=2 seed= 55 t=  124,165  ep=1675  ep_reward=  1000.00  ep_steps=1000
[InvertedPendulum-v4] run=2 seed= 55 t=  125,165  ep=1676  ep_reward=  1000.00  ep_steps=1000
[InvertedPendulum-v4] run=2 seed= 55 t=  126,165  ep=1677  ep_reward=  1000.00  ep_steps=1000
[InvertedPendulum-v4] run=2 seed= 55 t=  127,165  ep=1678  ep_reward=  1000.00  ep_steps=1000
[InvertedPendulum-v4] run=2 seed= 55 t=  128,165  ep=1679  ep_reward=  1000.00  ep_steps=1000
[InvertedPendulum-v4] run=2 seed= 55 t=  129,165  ep=1680  ep_reward=  1000.00  ep_steps=1000
  *** Eval  t=  130,000  avg_reward=  1000.00  (10 eps)  elapsed=8.4min ***
[InvertedPendulum-v4] run=2 seed= 55 t=  130,165  ep=1681  ep_reward=  1000.00  ep_steps=1000
[InvertedPendulum-v4] run=2 seed= 55 t=  131,165  ep=1682  ep_reward=  1000.00  ep_steps=1000
[InvertedPendulum-v4] run=2 seed= 55 t=  132,165  ep=1683  ep_reward=  1000.00  ep_steps=1000
[InvertedPendulum-v4] run=2 seed= 55 t=  133,165  ep=1684  ep_reward=  1000.00  ep_steps=1000
[InvertedPendulum-v4] run=2 seed= 55 t=  134,165  ep=1685  ep_reward=  1000.00  ep_steps=1000
[InvertedPendulum-v4] run=2 seed= 55 t=  135,165  ep=1686  ep_reward=  1000.00  ep_steps=1000
[InvertedPendulum-v4] run=2 seed= 55 t=  136,165  ep=1687  ep_reward=  1000.00  ep_steps=1000
[InvertedPendulum-v4] run=2 seed= 55 t=  137,165  ep=1688  ep_reward=  1000.00  ep_steps=1000
[InvertedPendulum-v4] run=2 seed= 55 t=  138,165  ep=1689  ep_reward=  1000.00  ep_steps=1000
[InvertedPendulum-v4] run=2 seed= 55 t=  139,165  ep=1690  ep_reward=  1000.00  ep_steps=1000
  *** Eval  t=  140,000  avg_reward=  1000.00  (10 eps)  elapsed=9.1min ***
[InvertedPendulum-v4] run=2 seed= 55 t=  140,165  ep=1691  ep_reward=  1000.00  ep_steps=1000
[InvertedPendulum-v4] run=2 seed= 55 t=  141,165  ep=1692  ep_reward=  1000.00  ep_steps=1000
[InvertedPendulum-v4] run=2 seed= 55 t=  142,165  ep=1693  ep_reward=  1000.00  ep_steps=1000
[InvertedPendulum-v4] run=2 seed= 55 t=  143,165  ep=1694  ep_reward=  1000.00  ep_steps=1000
[InvertedPendulum-v4] run=2 seed= 55 t=  144,165  ep=1695  ep_reward=  1000.00  ep_steps=1000
[InvertedPendulum-v4] run=2 seed= 55 t=  145,165  ep=1696  ep_reward=  1000.00  ep_steps=1000
[InvertedPendulum-v4] run=2 seed= 55 t=  146,165  ep=1697  ep_reward=  1000.00  ep_steps=1000
[InvertedPendulum-v4] run=2 seed= 55 t=  147,165  ep=1698  ep_reward=  1000.00  ep_steps=1000
[InvertedPendulum-v4] run=2 seed= 55 t=  148,165  ep=1699  ep_reward=  1000.00  ep_steps=1000
[InvertedPendulum-v4] run=2 seed= 55 t=  149,165  ep=1700  ep_reward=  1000.00  ep_steps=1000
  *** Eval  t=  150,000  avg_reward=  1000.00  (10 eps)  elapsed=9.7min ***
[InvertedPendulum-v4] run=2 seed= 55 t=  150,165  ep=1701  ep_reward=  1000.00  ep_steps=1000
[InvertedPendulum-v4] run=2 seed= 55 t=  151,165  ep=1702  ep_reward=  1000.00  ep_steps=1000
[InvertedPendulum-v4] run=2 seed= 55 t=  152,165  ep=1703  ep_reward=  1000.00  ep_steps=1000
[InvertedPendulum-v4] run=2 seed= 55 t=  153,165  ep=1704  ep_reward=  1000.00  ep_steps=1000
[InvertedPendulum-v4] run=2 seed= 55 t=  154,165  ep=1705  ep_reward=  1000.00  ep_steps=1000
[InvertedPendulum-v4] run=2 seed= 55 t=  155,165  ep=1706  ep_reward=  1000.00  ep_steps=1000
[InvertedPendulum-v4] run=2 seed= 55 t=  156,165  ep=1707  ep_reward=  1000.00  ep_steps=1000
[InvertedPendulum-v4] run=2 seed= 55 t=  157,165  ep=1708  ep_reward=  1000.00  ep_steps=1000
[InvertedPendulum-v4] run=2 seed= 55 t=  158,165  ep=1709  ep_reward=  1000.00  ep_steps=1000
[InvertedPendulum-v4] run=2 seed= 55 t=  159,165  ep=1710  ep_reward=  1000.00  ep_steps=1000
  *** Eval  t=  160,000  avg_reward=  1000.00  (10 eps)  elapsed=10.4min ***
[InvertedPendulum-v4] run=2 seed= 55 t=  160,165  ep=1711  ep_reward=  1000.00  ep_steps=1000
[InvertedPendulum-v4] run=2 seed= 55 t=  161,165  ep=1712  ep_reward=  1000.00  ep_steps=1000
[InvertedPendulum-v4] run=2 seed= 55 t=  162,165  ep=1713  ep_reward=  1000.00  ep_steps=1000
[InvertedPendulum-v4] run=2 seed= 55 t=  163,165  ep=1714  ep_reward=  1000.00  ep_steps=1000
[InvertedPendulum-v4] run=2 seed= 55 t=  164,165  ep=1715  ep_reward=  1000.00  ep_steps=1000
[InvertedPendulum-v4] run=2 seed= 55 t=  165,165  ep=1716  ep_reward=  1000.00  ep_steps=1000
[InvertedPendulum-v4] run=2 seed= 55 t=  166,165  ep=1717  ep_reward=  1000.00  ep_steps=1000
[InvertedPendulum-v4] run=2 seed= 55 t=  167,165  ep=1718  ep_reward=  1000.00  ep_steps=1000
[InvertedPendulum-v4] run=2 seed= 55 t=  168,165  ep=1719  ep_reward=  1000.00  ep_steps=1000
[InvertedPendulum-v4] run=2 seed= 55 t=  169,165  ep=1720  ep_reward=  1000.00  ep_steps=1000
  *** Eval  t=  170,000  avg_reward=  1000.00  (10 eps)  elapsed=11.1min ***
[InvertedPendulum-v4] run=2 seed= 55 t=  170,165  ep=1721  ep_reward=  1000.00  ep_steps=1000
[InvertedPendulum-v4] run=2 seed= 55 t=  171,165  ep=1722  ep_reward=  1000.00  ep_steps=1000
[InvertedPendulum-v4] run=2 seed= 55 t=  172,165  ep=1723  ep_reward=  1000.00  ep_steps=1000
[InvertedPendulum-v4] run=2 seed= 55 t=  173,165  ep=1724  ep_reward=  1000.00  ep_steps=1000
[InvertedPendulum-v4] run=2 seed= 55 t=  174,165  ep=1725  ep_reward=  1000.00  ep_steps=1000
[InvertedPendulum-v4] run=2 seed= 55 t=  175,165  ep=1726  ep_reward=  1000.00  ep_steps=1000
[InvertedPendulum-v4] run=2 seed= 55 t=  176,165  ep=1727  ep_reward=  1000.00  ep_steps=1000
[InvertedPendulum-v4] run=2 seed= 55 t=  177,165  ep=1728  ep_reward=  1000.00  ep_steps=1000
[InvertedPendulum-v4] run=2 seed= 55 t=  178,165  ep=1729  ep_reward=  1000.00  ep_steps=1000
[InvertedPendulum-v4] run=2 seed= 55 t=  179,165  ep=1730  ep_reward=  1000.00  ep_steps=1000
  *** Eval  t=  180,000  avg_reward=  1000.00  (10 eps)  elapsed=11.8min ***
[InvertedPendulum-v4] run=2 seed= 55 t=  180,165  ep=1731  ep_reward=  1000.00  ep_steps=1000
[InvertedPendulum-v4] run=2 seed= 55 t=  181,165  ep=1732  ep_reward=  1000.00  ep_steps=1000
[InvertedPendulum-v4] run=2 seed= 55 t=  182,165  ep=1733  ep_reward=  1000.00  ep_steps=1000
[InvertedPendulum-v4] run=2 seed= 55 t=  183,165  ep=1734  ep_reward=  1000.00  ep_steps=1000
[InvertedPendulum-v4] run=2 seed= 55 t=  184,165  ep=1735  ep_reward=  1000.00  ep_steps=1000
[InvertedPendulum-v4] run=2 seed= 55 t=  185,165  ep=1736  ep_reward=  1000.00  ep_steps=1000
[InvertedPendulum-v4] run=2 seed= 55 t=  186,165  ep=1737  ep_reward=  1000.00  ep_steps=1000
[InvertedPendulum-v4] run=2 seed= 55 t=  187,165  ep=1738  ep_reward=  1000.00  ep_steps=1000
[InvertedPendulum-v4] run=2 seed= 55 t=  188,165  ep=1739  ep_reward=  1000.00  ep_steps=1000
[InvertedPendulum-v4] run=2 seed= 55 t=  189,165  ep=1740  ep_reward=  1000.00  ep_steps=1000
  *** Eval  t=  190,000  avg_reward=  1000.00  (10 eps)  elapsed=12.5min ***
[InvertedPendulum-v4] run=2 seed= 55 t=  190,165  ep=1741  ep_reward=  1000.00  ep_steps=1000
[InvertedPendulum-v4] run=2 seed= 55 t=  191,165  ep=1742  ep_reward=  1000.00  ep_steps=1000
[InvertedPendulum-v4] run=2 seed= 55 t=  192,165  ep=1743  ep_reward=  1000.00  ep_steps=1000
[InvertedPendulum-v4] run=2 seed= 55 t=  193,165  ep=1744  ep_reward=  1000.00  ep_steps=1000
[InvertedPendulum-v4] run=2 seed= 55 t=  194,165  ep=1745  ep_reward=  1000.00  ep_steps=1000
[InvertedPendulum-v4] run=2 seed= 55 t=  195,165  ep=1746  ep_reward=  1000.00  ep_steps=1000
[InvertedPendulum-v4] run=2 seed= 55 t=  196,165  ep=1747  ep_reward=  1000.00  ep_steps=1000
[InvertedPendulum-v4] run=2 seed= 55 t=  197,165  ep=1748  ep_reward=  1000.00  ep_steps=1000
[InvertedPendulum-v4] run=2 seed= 55 t=  198,165  ep=1749  ep_reward=  1000.00  ep_steps=1000
[InvertedPendulum-v4] run=2 seed= 55 t=  199,165  ep=1750  ep_reward=  1000.00  ep_steps=1000
  *** Eval  t=  200,000  avg_reward=  1000.00  (10 eps)  elapsed=13.1min ***
[InvertedPendulum-v4] run=2 seed= 55 t=  200,165  ep=1751  ep_reward=  1000.00  ep_steps=1000
[InvertedPendulum-v4] run=2 seed= 55 t=  201,165  ep=1752  ep_reward=  1000.00  ep_steps=1000
[InvertedPendulum-v4] run=2 seed= 55 t=  202,165  ep=1753  ep_reward=  1000.00  ep_steps=1000
[InvertedPendulum-v4] run=2 seed= 55 t=  203,165  ep=1754  ep_reward=  1000.00  ep_steps=1000
[InvertedPendulum-v4] run=2 seed= 55 t=  204,165  ep=1755  ep_reward=  1000.00  ep_steps=1000
[InvertedPendulum-v4] run=2 seed= 55 t=  205,165  ep=1756  ep_reward=  1000.00  ep_steps=1000
[InvertedPendulum-v4] run=2 seed= 55 t=  206,165  ep=1757  ep_reward=  1000.00  ep_steps=1000
[InvertedPendulum-v4] run=2 seed= 55 t=  207,165  ep=1758  ep_reward=  1000.00  ep_steps=1000
[InvertedPendulum-v4] run=2 seed= 55 t=  208,165  ep=1759  ep_reward=  1000.00  ep_steps=1000
[InvertedPendulum-v4] run=2 seed= 55 t=  209,165  ep=1760  ep_reward=  1000.00  ep_steps=1000
  *** Eval  t=  210,000  avg_reward=  1000.00  (10 eps)  elapsed=13.8min ***
[InvertedPendulum-v4] run=2 seed= 55 t=  210,165  ep=1761  ep_reward=  1000.00  ep_steps=1000
[InvertedPendulum-v4] run=2 seed= 55 t=  211,165  ep=1762  ep_reward=  1000.00  ep_steps=1000
[InvertedPendulum-v4] run=2 seed= 55 t=  212,165  ep=1763  ep_reward=  1000.00  ep_steps=1000
[InvertedPendulum-v4] run=2 seed= 55 t=  213,165  ep=1764  ep_reward=  1000.00  ep_steps=1000
[InvertedPendulum-v4] run=2 seed= 55 t=  214,165  ep=1765  ep_reward=  1000.00  ep_steps=1000
[InvertedPendulum-v4] run=2 seed= 55 t=  215,165  ep=1766  ep_reward=  1000.00  ep_steps=1000
[InvertedPendulum-v4] run=2 seed= 55 t=  216,165  ep=1767  ep_reward=  1000.00  ep_steps=1000
[InvertedPendulum-v4] run=2 seed= 55 t=  217,165  ep=1768  ep_reward=  1000.00  ep_steps=1000
[InvertedPendulum-v4] run=2 seed= 55 t=  218,165  ep=1769  ep_reward=  1000.00  ep_steps=1000
[InvertedPendulum-v4] run=2 seed= 55 t=  219,165  ep=1770  ep_reward=  1000.00  ep_steps=1000
  *** Eval  t=  220,000  avg_reward=  1000.00  (10 eps)  elapsed=14.5min ***
[InvertedPendulum-v4] run=2 seed= 55 t=  220,165  ep=1771  ep_reward=  1000.00  ep_steps=1000
[InvertedPendulum-v4] run=2 seed= 55 t=  221,165  ep=1772  ep_reward=  1000.00  ep_steps=1000
[InvertedPendulum-v4] run=2 seed= 55 t=  222,165  ep=1773  ep_reward=  1000.00  ep_steps=1000
[InvertedPendulum-v4] run=2 seed= 55 t=  223,165  ep=1774  ep_reward=  1000.00  ep_steps=1000
[InvertedPendulum-v4] run=2 seed= 55 t=  224,165  ep=1775  ep_reward=  1000.00  ep_steps=1000
[InvertedPendulum-v4] run=2 seed= 55 t=  225,165  ep=1776  ep_reward=  1000.00  ep_steps=1000
[InvertedPendulum-v4] run=2 seed= 55 t=  226,165  ep=1777  ep_reward=  1000.00  ep_steps=1000
[InvertedPendulum-v4] run=2 seed= 55 t=  227,165  ep=1778  ep_reward=  1000.00  ep_steps=1000
[InvertedPendulum-v4] run=2 seed= 55 t=  228,165  ep=1779  ep_reward=  1000.00  ep_steps=1000
[InvertedPendulum-v4] run=2 seed= 55 t=  229,165  ep=1780  ep_reward=  1000.00  ep_steps=1000
  *** Eval  t=  230,000  avg_reward=  1000.00  (10 eps)  elapsed=15.2min ***
[InvertedPendulum-v4] run=2 seed= 55 t=  230,165  ep=1781  ep_reward=  1000.00  ep_steps=1000
[InvertedPendulum-v4] run=2 seed= 55 t=  231,165  ep=1782  ep_reward=  1000.00  ep_steps=1000
[InvertedPendulum-v4] run=2 seed= 55 t=  232,165  ep=1783  ep_reward=  1000.00  ep_steps=1000
[InvertedPendulum-v4] run=2 seed= 55 t=  233,165  ep=1784  ep_reward=  1000.00  ep_steps=1000
[InvertedPendulum-v4] run=2 seed= 55 t=  234,165  ep=1785  ep_reward=  1000.00  ep_steps=1000
[InvertedPendulum-v4] run=2 seed= 55 t=  235,165  ep=1786  ep_reward=  1000.00  ep_steps=1000
[InvertedPendulum-v4] run=2 seed= 55 t=  236,165  ep=1787  ep_reward=  1000.00  ep_steps=1000
[InvertedPendulum-v4] run=2 seed= 55 t=  237,165  ep=1788  ep_reward=  1000.00  ep_steps=1000
[InvertedPendulum-v4] run=2 seed= 55 t=  238,165  ep=1789  ep_reward=  1000.00  ep_steps=1000
[InvertedPendulum-v4] run=2 seed= 55 t=  239,165  ep=1790  ep_reward=  1000.00  ep_steps=1000
  *** Eval  t=  240,000  avg_reward=  1000.00  (10 eps)  elapsed=15.8min ***
[InvertedPendulum-v4] run=2 seed= 55 t=  240,165  ep=1791  ep_reward=  1000.00  ep_steps=1000
[InvertedPendulum-v4] run=2 seed= 55 t=  241,165  ep=1792  ep_reward=  1000.00  ep_steps=1000
[InvertedPendulum-v4] run=2 seed= 55 t=  242,165  ep=1793  ep_reward=  1000.00  ep_steps=1000
[InvertedPendulum-v4] run=2 seed= 55 t=  243,165  ep=1794  ep_reward=  1000.00  ep_steps=1000
[InvertedPendulum-v4] run=2 seed= 55 t=  244,165  ep=1795  ep_reward=  1000.00  ep_steps=1000
[InvertedPendulum-v4] run=2 seed= 55 t=  245,165  ep=1796  ep_reward=  1000.00  ep_steps=1000
[InvertedPendulum-v4] run=2 seed= 55 t=  246,165  ep=1797  ep_reward=  1000.00  ep_steps=1000
[InvertedPendulum-v4] run=2 seed= 55 t=  247,165  ep=1798  ep_reward=  1000.00  ep_steps=1000
[InvertedPendulum-v4] run=2 seed= 55 t=  248,165  ep=1799  ep_reward=  1000.00  ep_steps=1000
[InvertedPendulum-v4] run=2 seed= 55 t=  249,165  ep=1800  ep_reward=  1000.00  ep_steps=1000
  *** Eval  t=  250,000  avg_reward=  1000.00  (10 eps)  elapsed=16.5min ***
[InvertedPendulum-v4] run=2 seed= 55 t=  250,165  ep=1801  ep_reward=  1000.00  ep_steps=1000
[InvertedPendulum-v4] run=2 seed= 55 t=  251,165  ep=1802  ep_reward=  1000.00  ep_steps=1000
[InvertedPendulum-v4] run=2 seed= 55 t=  252,165  ep=1803  ep_reward=  1000.00  ep_steps=1000
[InvertedPendulum-v4] run=2 seed= 55 t=  253,165  ep=1804  ep_reward=  1000.00  ep_steps=1000
[InvertedPendulum-v4] run=2 seed= 55 t=  254,165  ep=1805  ep_reward=  1000.00  ep_steps=1000
[InvertedPendulum-v4] run=2 seed= 55 t=  255,165  ep=1806  ep_reward=  1000.00  ep_steps=1000
[InvertedPendulum-v4] run=2 seed= 55 t=  256,165  ep=1807  ep_reward=  1000.00  ep_steps=1000
[InvertedPendulum-v4] run=2 seed= 55 t=  257,165  ep=1808  ep_reward=  1000.00  ep_steps=1000
[InvertedPendulum-v4] run=2 seed= 55 t=  258,165  ep=1809  ep_reward=  1000.00  ep_steps=1000
[InvertedPendulum-v4] run=2 seed= 55 t=  259,165  ep=1810  ep_reward=  1000.00  ep_steps=1000
  *** Eval  t=  260,000  avg_reward=  1000.00  (10 eps)  elapsed=17.2min ***
[InvertedPendulum-v4] run=2 seed= 55 t=  260,165  ep=1811  ep_reward=  1000.00  ep_steps=1000
[InvertedPendulum-v4] run=2 seed= 55 t=  261,165  ep=1812  ep_reward=  1000.00  ep_steps=1000
[InvertedPendulum-v4] run=2 seed= 55 t=  262,165  ep=1813  ep_reward=  1000.00  ep_steps=1000
[InvertedPendulum-v4] run=2 seed= 55 t=  263,165  ep=1814  ep_reward=  1000.00  ep_steps=1000
[InvertedPendulum-v4] run=2 seed= 55 t=  264,165  ep=1815  ep_reward=  1000.00  ep_steps=1000
[InvertedPendulum-v4] run=2 seed= 55 t=  265,165  ep=1816  ep_reward=  1000.00  ep_steps=1000
[InvertedPendulum-v4] run=2 seed= 55 t=  266,165  ep=1817  ep_reward=  1000.00  ep_steps=1000
[InvertedPendulum-v4] run=2 seed= 55 t=  267,165  ep=1818  ep_reward=  1000.00  ep_steps=1000
[InvertedPendulum-v4] run=2 seed= 55 t=  268,165  ep=1819  ep_reward=  1000.00  ep_steps=1000
[InvertedPendulum-v4] run=2 seed= 55 t=  269,165  ep=1820  ep_reward=  1000.00  ep_steps=1000
  *** Eval  t=  270,000  avg_reward=  1000.00  (10 eps)  elapsed=17.9min ***
[InvertedPendulum-v4] run=2 seed= 55 t=  270,165  ep=1821  ep_reward=  1000.00  ep_steps=1000
[InvertedPendulum-v4] run=2 seed= 55 t=  271,165  ep=1822  ep_reward=  1000.00  ep_steps=1000
[InvertedPendulum-v4] run=2 seed= 55 t=  272,165  ep=1823  ep_reward=  1000.00  ep_steps=1000
[InvertedPendulum-v4] run=2 seed= 55 t=  273,165  ep=1824  ep_reward=  1000.00  ep_steps=1000
[InvertedPendulum-v4] run=2 seed= 55 t=  274,165  ep=1825  ep_reward=  1000.00  ep_steps=1000
[InvertedPendulum-v4] run=2 seed= 55 t=  275,165  ep=1826  ep_reward=  1000.00  ep_steps=1000
[InvertedPendulum-v4] run=2 seed= 55 t=  276,165  ep=1827  ep_reward=  1000.00  ep_steps=1000
[InvertedPendulum-v4] run=2 seed= 55 t=  277,165  ep=1828  ep_reward=  1000.00  ep_steps=1000
[InvertedPendulum-v4] run=2 seed= 55 t=  278,165  ep=1829  ep_reward=  1000.00  ep_steps=1000
[InvertedPendulum-v4] run=2 seed= 55 t=  279,165  ep=1830  ep_reward=  1000.00  ep_steps=1000
  *** Eval  t=  280,000  avg_reward=  1000.00  (10 eps)  elapsed=18.6min ***
[InvertedPendulum-v4] run=2 seed= 55 t=  280,165  ep=1831  ep_reward=  1000.00  ep_steps=1000
[InvertedPendulum-v4] run=2 seed= 55 t=  281,165  ep=1832  ep_reward=  1000.00  ep_steps=1000
[InvertedPendulum-v4] run=2 seed= 55 t=  282,165  ep=1833  ep_reward=  1000.00  ep_steps=1000
[InvertedPendulum-v4] run=2 seed= 55 t=  283,165  ep=1834  ep_reward=  1000.00  ep_steps=1000
[InvertedPendulum-v4] run=2 seed= 55 t=  284,165  ep=1835  ep_reward=  1000.00  ep_steps=1000
[InvertedPendulum-v4] run=2 seed= 55 t=  285,165  ep=1836  ep_reward=  1000.00  ep_steps=1000
[InvertedPendulum-v4] run=2 seed= 55 t=  286,165  ep=1837  ep_reward=  1000.00  ep_steps=1000
[InvertedPendulum-v4] run=2 seed= 55 t=  287,165  ep=1838  ep_reward=  1000.00  ep_steps=1000
[InvertedPendulum-v4] run=2 seed= 55 t=  288,165  ep=1839  ep_reward=  1000.00  ep_steps=1000
[InvertedPendulum-v4] run=2 seed= 55 t=  289,165  ep=1840  ep_reward=  1000.00  ep_steps=1000
  *** Eval  t=  290,000  avg_reward=  1000.00  (10 eps)  elapsed=19.2min ***
[InvertedPendulum-v4] run=2 seed= 55 t=  290,165  ep=1841  ep_reward=  1000.00  ep_steps=1000
[InvertedPendulum-v4] run=2 seed= 55 t=  291,165  ep=1842  ep_reward=  1000.00  ep_steps=1000
[InvertedPendulum-v4] run=2 seed= 55 t=  292,165  ep=1843  ep_reward=  1000.00  ep_steps=1000
[InvertedPendulum-v4] run=2 seed= 55 t=  293,165  ep=1844  ep_reward=  1000.00  ep_steps=1000
[InvertedPendulum-v4] run=2 seed= 55 t=  294,165  ep=1845  ep_reward=  1000.00  ep_steps=1000
[InvertedPendulum-v4] run=2 seed= 55 t=  295,165  ep=1846  ep_reward=  1000.00  ep_steps=1000
[InvertedPendulum-v4] run=2 seed= 55 t=  296,165  ep=1847  ep_reward=  1000.00  ep_steps=1000
[InvertedPendulum-v4] run=2 seed= 55 t=  297,165  ep=1848  ep_reward=  1000.00  ep_steps=1000
[InvertedPendulum-v4] run=2 seed= 55 t=  298,165  ep=1849  ep_reward=  1000.00  ep_steps=1000
[InvertedPendulum-v4] run=2 seed= 55 t=  299,165  ep=1850  ep_reward=  1000.00  ep_steps=1000
  *** Eval  t=  300,000  avg_reward=  1000.00  (10 eps)  elapsed=19.9min ***
[InvertedPendulum-v4] run=2 seed= 55 t=  300,165  ep=1851  ep_reward=  1000.00  ep_steps=1000
[InvertedPendulum-v4] run=2 seed= 55 t=  301,165  ep=1852  ep_reward=  1000.00  ep_steps=1000
[InvertedPendulum-v4] run=2 seed= 55 t=  302,165  ep=1853  ep_reward=  1000.00  ep_steps=1000
[InvertedPendulum-v4] run=2 seed= 55 t=  303,165  ep=1854  ep_reward=  1000.00  ep_steps=1000
[InvertedPendulum-v4] run=2 seed= 55 t=  304,165  ep=1855  ep_reward=  1000.00  ep_steps=1000
[InvertedPendulum-v4] run=2 seed= 55 t=  305,165  ep=1856  ep_reward=  1000.00  ep_steps=1000
[InvertedPendulum-v4] run=2 seed= 55 t=  306,165  ep=1857  ep_reward=  1000.00  ep_steps=1000
[InvertedPendulum-v4] run=2 seed= 55 t=  307,165  ep=1858  ep_reward=  1000.00  ep_steps=1000
[InvertedPendulum-v4] run=2 seed= 55 t=  308,165  ep=1859  ep_reward=  1000.00  ep_steps=1000
[InvertedPendulum-v4] run=2 seed= 55 t=  309,165  ep=1860  ep_reward=  1000.00  ep_steps=1000
  *** Eval  t=  310,000  avg_reward=  1000.00  (10 eps)  elapsed=20.6min ***
[InvertedPendulum-v4] run=2 seed= 55 t=  310,165  ep=1861  ep_reward=  1000.00  ep_steps=1000
[InvertedPendulum-v4] run=2 seed= 55 t=  311,165  ep=1862  ep_reward=  1000.00  ep_steps=1000
[InvertedPendulum-v4] run=2 seed= 55 t=  312,165  ep=1863  ep_reward=  1000.00  ep_steps=1000
[InvertedPendulum-v4] run=2 seed= 55 t=  313,165  ep=1864  ep_reward=  1000.00  ep_steps=1000
[InvertedPendulum-v4] run=2 seed= 55 t=  314,165  ep=1865  ep_reward=  1000.00  ep_steps=1000
[InvertedPendulum-v4] run=2 seed= 55 t=  315,165  ep=1866  ep_reward=  1000.00  ep_steps=1000
[InvertedPendulum-v4] run=2 seed= 55 t=  316,165  ep=1867  ep_reward=  1000.00  ep_steps=1000
[InvertedPendulum-v4] run=2 seed= 55 t=  317,165  ep=1868  ep_reward=  1000.00  ep_steps=1000
[InvertedPendulum-v4] run=2 seed= 55 t=  318,165  ep=1869  ep_reward=  1000.00  ep_steps=1000
[InvertedPendulum-v4] run=2 seed= 55 t=  319,165  ep=1870  ep_reward=  1000.00  ep_steps=1000
  *** Eval  t=  320,000  avg_reward=  1000.00  (10 eps)  elapsed=21.3min ***
[InvertedPendulum-v4] run=2 seed= 55 t=  320,165  ep=1871  ep_reward=  1000.00  ep_steps=1000
[InvertedPendulum-v4] run=2 seed= 55 t=  321,165  ep=1872  ep_reward=  1000.00  ep_steps=1000
[InvertedPendulum-v4] run=2 seed= 55 t=  322,165  ep=1873  ep_reward=  1000.00  ep_steps=1000
[InvertedPendulum-v4] run=2 seed= 55 t=  323,165  ep=1874  ep_reward=  1000.00  ep_steps=1000
[InvertedPendulum-v4] run=2 seed= 55 t=  324,165  ep=1875  ep_reward=  1000.00  ep_steps=1000
[InvertedPendulum-v4] run=2 seed= 55 t=  325,165  ep=1876  ep_reward=  1000.00  ep_steps=1000
[InvertedPendulum-v4] run=2 seed= 55 t=  326,165  ep=1877  ep_reward=  1000.00  ep_steps=1000
[InvertedPendulum-v4] run=2 seed= 55 t=  327,165  ep=1878  ep_reward=  1000.00  ep_steps=1000
[InvertedPendulum-v4] run=2 seed= 55 t=  328,165  ep=1879  ep_reward=  1000.00  ep_steps=1000
[InvertedPendulum-v4] run=2 seed= 55 t=  329,165  ep=1880  ep_reward=  1000.00  ep_steps=1000
  *** Eval  t=  330,000  avg_reward=  1000.00  (10 eps)  elapsed=22.0min ***
[InvertedPendulum-v4] run=2 seed= 55 t=  330,165  ep=1881  ep_reward=  1000.00  ep_steps=1000
[InvertedPendulum-v4] run=2 seed= 55 t=  331,165  ep=1882  ep_reward=  1000.00  ep_steps=1000
[InvertedPendulum-v4] run=2 seed= 55 t=  332,165  ep=1883  ep_reward=  1000.00  ep_steps=1000
[InvertedPendulum-v4] run=2 seed= 55 t=  333,165  ep=1884  ep_reward=  1000.00  ep_steps=1000
[InvertedPendulum-v4] run=2 seed= 55 t=  334,165  ep=1885  ep_reward=  1000.00  ep_steps=1000
[InvertedPendulum-v4] run=2 seed= 55 t=  335,165  ep=1886  ep_reward=  1000.00  ep_steps=1000
[InvertedPendulum-v4] run=2 seed= 55 t=  336,165  ep=1887  ep_reward=  1000.00  ep_steps=1000
[InvertedPendulum-v4] run=2 seed= 55 t=  337,165  ep=1888  ep_reward=  1000.00  ep_steps=1000
[InvertedPendulum-v4] run=2 seed= 55 t=  338,165  ep=1889  ep_reward=  1000.00  ep_steps=1000
[InvertedPendulum-v4] run=2 seed= 55 t=  339,165  ep=1890  ep_reward=  1000.00  ep_steps=1000
  *** Eval  t=  340,000  avg_reward=  1000.00  (10 eps)  elapsed=22.6min ***
[InvertedPendulum-v4] run=2 seed= 55 t=  340,165  ep=1891  ep_reward=  1000.00  ep_steps=1000
[InvertedPendulum-v4] run=2 seed= 55 t=  341,165  ep=1892  ep_reward=  1000.00  ep_steps=1000
[InvertedPendulum-v4] run=2 seed= 55 t=  342,165  ep=1893  ep_reward=  1000.00  ep_steps=1000
[InvertedPendulum-v4] run=2 seed= 55 t=  343,165  ep=1894  ep_reward=  1000.00  ep_steps=1000
[InvertedPendulum-v4] run=2 seed= 55 t=  344,165  ep=1895  ep_reward=  1000.00  ep_steps=1000
[InvertedPendulum-v4] run=2 seed= 55 t=  345,165  ep=1896  ep_reward=  1000.00  ep_steps=1000
[InvertedPendulum-v4] run=2 seed= 55 t=  346,165  ep=1897  ep_reward=  1000.00  ep_steps=1000
[InvertedPendulum-v4] run=2 seed= 55 t=  347,165  ep=1898  ep_reward=  1000.00  ep_steps=1000
[InvertedPendulum-v4] run=2 seed= 55 t=  348,165  ep=1899  ep_reward=  1000.00  ep_steps=1000
[InvertedPendulum-v4] run=2 seed= 55 t=  349,165  ep=1900  ep_reward=  1000.00  ep_steps=1000
  *** Eval  t=  350,000  avg_reward=  1000.00  (10 eps)  elapsed=23.3min ***
[InvertedPendulum-v4] run=2 seed= 55 t=  350,165  ep=1901  ep_reward=  1000.00  ep_steps=1000
[InvertedPendulum-v4] run=2 seed= 55 t=  351,165  ep=1902  ep_reward=  1000.00  ep_steps=1000
[InvertedPendulum-v4] run=2 seed= 55 t=  352,165  ep=1903  ep_reward=  1000.00  ep_steps=1000
[InvertedPendulum-v4] run=2 seed= 55 t=  353,165  ep=1904  ep_reward=  1000.00  ep_steps=1000
[InvertedPendulum-v4] run=2 seed= 55 t=  354,165  ep=1905  ep_reward=  1000.00  ep_steps=1000
[InvertedPendulum-v4] run=2 seed= 55 t=  355,165  ep=1906  ep_reward=  1000.00  ep_steps=1000
[InvertedPendulum-v4] run=2 seed= 55 t=  356,165  ep=1907  ep_reward=  1000.00  ep_steps=1000
[InvertedPendulum-v4] run=2 seed= 55 t=  357,165  ep=1908  ep_reward=  1000.00  ep_steps=1000
[InvertedPendulum-v4] run=2 seed= 55 t=  358,165  ep=1909  ep_reward=  1000.00  ep_steps=1000
[InvertedPendulum-v4] run=2 seed= 55 t=  359,165  ep=1910  ep_reward=  1000.00  ep_steps=1000
  *** Eval  t=  360,000  avg_reward=  1000.00  (10 eps)  elapsed=24.0min ***
[InvertedPendulum-v4] run=2 seed= 55 t=  360,165  ep=1911  ep_reward=  1000.00  ep_steps=1000
[InvertedPendulum-v4] run=2 seed= 55 t=  361,165  ep=1912  ep_reward=  1000.00  ep_steps=1000
[InvertedPendulum-v4] run=2 seed= 55 t=  362,165  ep=1913  ep_reward=  1000.00  ep_steps=1000
[InvertedPendulum-v4] run=2 seed= 55 t=  363,165  ep=1914  ep_reward=  1000.00  ep_steps=1000
[InvertedPendulum-v4] run=2 seed= 55 t=  364,165  ep=1915  ep_reward=  1000.00  ep_steps=1000
[InvertedPendulum-v4] run=2 seed= 55 t=  365,165  ep=1916  ep_reward=  1000.00  ep_steps=1000
[InvertedPendulum-v4] run=2 seed= 55 t=  366,165  ep=1917  ep_reward=  1000.00  ep_steps=1000
[InvertedPendulum-v4] run=2 seed= 55 t=  367,165  ep=1918  ep_reward=  1000.00  ep_steps=1000
[InvertedPendulum-v4] run=2 seed= 55 t=  368,165  ep=1919  ep_reward=  1000.00  ep_steps=1000
[InvertedPendulum-v4] run=2 seed= 55 t=  369,165  ep=1920  ep_reward=  1000.00  ep_steps=1000
  *** Eval  t=  370,000  avg_reward=  1000.00  (10 eps)  elapsed=24.7min ***
[InvertedPendulum-v4] run=2 seed= 55 t=  370,165  ep=1921  ep_reward=  1000.00  ep_steps=1000
[InvertedPendulum-v4] run=2 seed= 55 t=  371,165  ep=1922  ep_reward=  1000.00  ep_steps=1000
[InvertedPendulum-v4] run=2 seed= 55 t=  372,165  ep=1923  ep_reward=  1000.00  ep_steps=1000
[InvertedPendulum-v4] run=2 seed= 55 t=  373,165  ep=1924  ep_reward=  1000.00  ep_steps=1000
[InvertedPendulum-v4] run=2 seed= 55 t=  374,165  ep=1925  ep_reward=  1000.00  ep_steps=1000
[InvertedPendulum-v4] run=2 seed= 55 t=  375,165  ep=1926  ep_reward=  1000.00  ep_steps=1000
[InvertedPendulum-v4] run=2 seed= 55 t=  376,165  ep=1927  ep_reward=  1000.00  ep_steps=1000
[InvertedPendulum-v4] run=2 seed= 55 t=  377,165  ep=1928  ep_reward=  1000.00  ep_steps=1000
[InvertedPendulum-v4] run=2 seed= 55 t=  378,165  ep=1929  ep_reward=  1000.00  ep_steps=1000
[InvertedPendulum-v4] run=2 seed= 55 t=  379,165  ep=1930  ep_reward=  1000.00  ep_steps=1000
  *** Eval  t=  380,000  avg_reward=  1000.00  (10 eps)  elapsed=25.4min ***
[InvertedPendulum-v4] run=2 seed= 55 t=  380,165  ep=1931  ep_reward=  1000.00  ep_steps=1000
[InvertedPendulum-v4] run=2 seed= 55 t=  381,165  ep=1932  ep_reward=  1000.00  ep_steps=1000
[InvertedPendulum-v4] run=2 seed= 55 t=  382,165  ep=1933  ep_reward=  1000.00  ep_steps=1000
[InvertedPendulum-v4] run=2 seed= 55 t=  383,165  ep=1934  ep_reward=  1000.00  ep_steps=1000
[InvertedPendulum-v4] run=2 seed= 55 t=  384,165  ep=1935  ep_reward=  1000.00  ep_steps=1000
[InvertedPendulum-v4] run=2 seed= 55 t=  385,165  ep=1936  ep_reward=  1000.00  ep_steps=1000
[InvertedPendulum-v4] run=2 seed= 55 t=  386,165  ep=1937  ep_reward=  1000.00  ep_steps=1000
[InvertedPendulum-v4] run=2 seed= 55 t=  387,165  ep=1938  ep_reward=  1000.00  ep_steps=1000
[InvertedPendulum-v4] run=2 seed= 55 t=  388,165  ep=1939  ep_reward=  1000.00  ep_steps=1000
[InvertedPendulum-v4] run=2 seed= 55 t=  389,165  ep=1940  ep_reward=  1000.00  ep_steps=1000
  *** Eval  t=  390,000  avg_reward=  1000.00  (10 eps)  elapsed=26.0min ***
[InvertedPendulum-v4] run=2 seed= 55 t=  390,165  ep=1941  ep_reward=  1000.00  ep_steps=1000
[InvertedPendulum-v4] run=2 seed= 55 t=  391,165  ep=1942  ep_reward=  1000.00  ep_steps=1000
[InvertedPendulum-v4] run=2 seed= 55 t=  392,165  ep=1943  ep_reward=  1000.00  ep_steps=1000
[InvertedPendulum-v4] run=2 seed= 55 t=  393,165  ep=1944  ep_reward=  1000.00  ep_steps=1000
[InvertedPendulum-v4] run=2 seed= 55 t=  394,165  ep=1945  ep_reward=  1000.00  ep_steps=1000
[InvertedPendulum-v4] run=2 seed= 55 t=  395,165  ep=1946  ep_reward=  1000.00  ep_steps=1000
[InvertedPendulum-v4] run=2 seed= 55 t=  396,165  ep=1947  ep_reward=  1000.00  ep_steps=1000
[InvertedPendulum-v4] run=2 seed= 55 t=  397,165  ep=1948  ep_reward=  1000.00  ep_steps=1000
[InvertedPendulum-v4] run=2 seed= 55 t=  398,165  ep=1949  ep_reward=  1000.00  ep_steps=1000
[InvertedPendulum-v4] run=2 seed= 55 t=  399,165  ep=1950  ep_reward=  1000.00  ep_steps=1000
  *** Eval  t=  400,000  avg_reward=  1000.00  (10 eps)  elapsed=26.7min ***
[InvertedPendulum-v4] run=2 seed= 55 t=  400,165  ep=1951  ep_reward=  1000.00  ep_steps=1000
[InvertedPendulum-v4] run=2 seed= 55 t=  401,165  ep=1952  ep_reward=  1000.00  ep_steps=1000
[InvertedPendulum-v4] run=2 seed= 55 t=  402,165  ep=1953  ep_reward=  1000.00  ep_steps=1000
[InvertedPendulum-v4] run=2 seed= 55 t=  403,165  ep=1954  ep_reward=  1000.00  ep_steps=1000
[InvertedPendulum-v4] run=2 seed= 55 t=  404,165  ep=1955  ep_reward=  1000.00  ep_steps=1000
[InvertedPendulum-v4] run=2 seed= 55 t=  405,165  ep=1956  ep_reward=  1000.00  ep_steps=1000
[InvertedPendulum-v4] run=2 seed= 55 t=  406,165  ep=1957  ep_reward=  1000.00  ep_steps=1000
[InvertedPendulum-v4] run=2 seed= 55 t=  407,165  ep=1958  ep_reward=  1000.00  ep_steps=1000
[InvertedPendulum-v4] run=2 seed= 55 t=  408,165  ep=1959  ep_reward=  1000.00  ep_steps=1000
[InvertedPendulum-v4] run=2 seed= 55 t=  409,165  ep=1960  ep_reward=  1000.00  ep_steps=1000
  *** Eval  t=  410,000  avg_reward=  1000.00  (10 eps)  elapsed=27.4min ***
[InvertedPendulum-v4] run=2 seed= 55 t=  410,165  ep=1961  ep_reward=  1000.00  ep_steps=1000
[InvertedPendulum-v4] run=2 seed= 55 t=  411,165  ep=1962  ep_reward=  1000.00  ep_steps=1000
[InvertedPendulum-v4] run=2 seed= 55 t=  412,165  ep=1963  ep_reward=  1000.00  ep_steps=1000
[InvertedPendulum-v4] run=2 seed= 55 t=  413,165  ep=1964  ep_reward=  1000.00  ep_steps=1000
[InvertedPendulum-v4] run=2 seed= 55 t=  414,165  ep=1965  ep_reward=  1000.00  ep_steps=1000
[InvertedPendulum-v4] run=2 seed= 55 t=  415,165  ep=1966  ep_reward=  1000.00  ep_steps=1000
[InvertedPendulum-v4] run=2 seed= 55 t=  416,165  ep=1967  ep_reward=  1000.00  ep_steps=1000
[InvertedPendulum-v4] run=2 seed= 55 t=  417,165  ep=1968  ep_reward=  1000.00  ep_steps=1000
[InvertedPendulum-v4] run=2 seed= 55 t=  418,165  ep=1969  ep_reward=  1000.00  ep_steps=1000
[InvertedPendulum-v4] run=2 seed= 55 t=  419,165  ep=1970  ep_reward=  1000.00  ep_steps=1000
  *** Eval  t=  420,000  avg_reward=  1000.00  (10 eps)  elapsed=28.1min ***
[InvertedPendulum-v4] run=2 seed= 55 t=  420,165  ep=1971  ep_reward=  1000.00  ep_steps=1000
[InvertedPendulum-v4] run=2 seed= 55 t=  421,165  ep=1972  ep_reward=  1000.00  ep_steps=1000
[InvertedPendulum-v4] run=2 seed= 55 t=  422,165  ep=1973  ep_reward=  1000.00  ep_steps=1000
[InvertedPendulum-v4] run=2 seed= 55 t=  423,165  ep=1974  ep_reward=  1000.00  ep_steps=1000
[InvertedPendulum-v4] run=2 seed= 55 t=  424,165  ep=1975  ep_reward=  1000.00  ep_steps=1000
[InvertedPendulum-v4] run=2 seed= 55 t=  425,165  ep=1976  ep_reward=  1000.00  ep_steps=1000
[InvertedPendulum-v4] run=2 seed= 55 t=  426,165  ep=1977  ep_reward=  1000.00  ep_steps=1000
[InvertedPendulum-v4] run=2 seed= 55 t=  427,165  ep=1978  ep_reward=  1000.00  ep_steps=1000
[InvertedPendulum-v4] run=2 seed= 55 t=  428,165  ep=1979  ep_reward=  1000.00  ep_steps=1000
[InvertedPendulum-v4] run=2 seed= 55 t=  429,165  ep=1980  ep_reward=  1000.00  ep_steps=1000
  *** Eval  t=  430,000  avg_reward=  1000.00  (10 eps)  elapsed=28.8min ***
[InvertedPendulum-v4] run=2 seed= 55 t=  430,165  ep=1981  ep_reward=  1000.00  ep_steps=1000
[InvertedPendulum-v4] run=2 seed= 55 t=  431,165  ep=1982  ep_reward=  1000.00  ep_steps=1000
[InvertedPendulum-v4] run=2 seed= 55 t=  432,165  ep=1983  ep_reward=  1000.00  ep_steps=1000
[InvertedPendulum-v4] run=2 seed= 55 t=  433,165  ep=1984  ep_reward=  1000.00  ep_steps=1000
[InvertedPendulum-v4] run=2 seed= 55 t=  434,165  ep=1985  ep_reward=  1000.00  ep_steps=1000
[InvertedPendulum-v4] run=2 seed= 55 t=  435,165  ep=1986  ep_reward=  1000.00  ep_steps=1000
[InvertedPendulum-v4] run=2 seed= 55 t=  436,165  ep=1987  ep_reward=  1000.00  ep_steps=1000
[InvertedPendulum-v4] run=2 seed= 55 t=  437,165  ep=1988  ep_reward=  1000.00  ep_steps=1000
[InvertedPendulum-v4] run=2 seed= 55 t=  438,165  ep=1989  ep_reward=  1000.00  ep_steps=1000
[InvertedPendulum-v4] run=2 seed= 55 t=  439,165  ep=1990  ep_reward=  1000.00  ep_steps=1000
  *** Eval  t=  440,000  avg_reward=  1000.00  (10 eps)  elapsed=29.5min ***
[InvertedPendulum-v4] run=2 seed= 55 t=  440,165  ep=1991  ep_reward=  1000.00  ep_steps=1000
[InvertedPendulum-v4] run=2 seed= 55 t=  441,165  ep=1992  ep_reward=  1000.00  ep_steps=1000
[InvertedPendulum-v4] run=2 seed= 55 t=  442,165  ep=1993  ep_reward=  1000.00  ep_steps=1000
[InvertedPendulum-v4] run=2 seed= 55 t=  443,165  ep=1994  ep_reward=  1000.00  ep_steps=1000
[InvertedPendulum-v4] run=2 seed= 55 t=  444,165  ep=1995  ep_reward=  1000.00  ep_steps=1000
[InvertedPendulum-v4] run=2 seed= 55 t=  445,165  ep=1996  ep_reward=  1000.00  ep_steps=1000
[InvertedPendulum-v4] run=2 seed= 55 t=  446,165  ep=1997  ep_reward=  1000.00  ep_steps=1000
[InvertedPendulum-v4] run=2 seed= 55 t=  447,165  ep=1998  ep_reward=  1000.00  ep_steps=1000
[InvertedPendulum-v4] run=2 seed= 55 t=  448,165  ep=1999  ep_reward=  1000.00  ep_steps=1000
[InvertedPendulum-v4] run=2 seed= 55 t=  449,165  ep=2000  ep_reward=  1000.00  ep_steps=1000
  *** Eval  t=  450,000  avg_reward=  1000.00  (10 eps)  elapsed=30.2min ***
[InvertedPendulum-v4] run=2 seed= 55 t=  450,165  ep=2001  ep_reward=  1000.00  ep_steps=1000
[InvertedPendulum-v4] run=2 seed= 55 t=  451,165  ep=2002  ep_reward=  1000.00  ep_steps=1000
[InvertedPendulum-v4] run=2 seed= 55 t=  452,165  ep=2003  ep_reward=  1000.00  ep_steps=1000
[InvertedPendulum-v4] run=2 seed= 55 t=  453,165  ep=2004  ep_reward=  1000.00  ep_steps=1000
[InvertedPendulum-v4] run=2 seed= 55 t=  454,165  ep=2005  ep_reward=  1000.00  ep_steps=1000
[InvertedPendulum-v4] run=2 seed= 55 t=  455,165  ep=2006  ep_reward=  1000.00  ep_steps=1000
[InvertedPendulum-v4] run=2 seed= 55 t=  456,165  ep=2007  ep_reward=  1000.00  ep_steps=1000
[InvertedPendulum-v4] run=2 seed= 55 t=  457,165  ep=2008  ep_reward=  1000.00  ep_steps=1000
[InvertedPendulum-v4] run=2 seed= 55 t=  458,165  ep=2009  ep_reward=  1000.00  ep_steps=1000
[InvertedPendulum-v4] run=2 seed= 55 t=  459,165  ep=2010  ep_reward=  1000.00  ep_steps=1000
  *** Eval  t=  460,000  avg_reward=  1000.00  (10 eps)  elapsed=30.8min ***
[InvertedPendulum-v4] run=2 seed= 55 t=  460,165  ep=2011  ep_reward=  1000.00  ep_steps=1000
[InvertedPendulum-v4] run=2 seed= 55 t=  461,165  ep=2012  ep_reward=  1000.00  ep_steps=1000
[InvertedPendulum-v4] run=2 seed= 55 t=  462,165  ep=2013  ep_reward=  1000.00  ep_steps=1000
[InvertedPendulum-v4] run=2 seed= 55 t=  463,165  ep=2014  ep_reward=  1000.00  ep_steps=1000
[InvertedPendulum-v4] run=2 seed= 55 t=  464,165  ep=2015  ep_reward=  1000.00  ep_steps=1000
[InvertedPendulum-v4] run=2 seed= 55 t=  465,165  ep=2016  ep_reward=  1000.00  ep_steps=1000
[InvertedPendulum-v4] run=2 seed= 55 t=  466,165  ep=2017  ep_reward=  1000.00  ep_steps=1000
[InvertedPendulum-v4] run=2 seed= 55 t=  467,165  ep=2018  ep_reward=  1000.00  ep_steps=1000
[InvertedPendulum-v4] run=2 seed= 55 t=  468,165  ep=2019  ep_reward=  1000.00  ep_steps=1000
[InvertedPendulum-v4] run=2 seed= 55 t=  469,165  ep=2020  ep_reward=  1000.00  ep_steps=1000
  *** Eval  t=  470,000  avg_reward=  1000.00  (10 eps)  elapsed=31.5min ***
[InvertedPendulum-v4] run=2 seed= 55 t=  470,165  ep=2021  ep_reward=  1000.00  ep_steps=1000
[InvertedPendulum-v4] run=2 seed= 55 t=  471,165  ep=2022  ep_reward=  1000.00  ep_steps=1000
[InvertedPendulum-v4] run=2 seed= 55 t=  472,165  ep=2023  ep_reward=  1000.00  ep_steps=1000
[InvertedPendulum-v4] run=2 seed= 55 t=  473,165  ep=2024  ep_reward=  1000.00  ep_steps=1000
[InvertedPendulum-v4] run=2 seed= 55 t=  474,165  ep=2025  ep_reward=  1000.00  ep_steps=1000
[InvertedPendulum-v4] run=2 seed= 55 t=  475,165  ep=2026  ep_reward=  1000.00  ep_steps=1000
[InvertedPendulum-v4] run=2 seed= 55 t=  476,165  ep=2027  ep_reward=  1000.00  ep_steps=1000
[InvertedPendulum-v4] run=2 seed= 55 t=  477,165  ep=2028  ep_reward=  1000.00  ep_steps=1000
[InvertedPendulum-v4] run=2 seed= 55 t=  478,165  ep=2029  ep_reward=  1000.00  ep_steps=1000
[InvertedPendulum-v4] run=2 seed= 55 t=  479,165  ep=2030  ep_reward=  1000.00  ep_steps=1000
  *** Eval  t=  480,000  avg_reward=  1000.00  (10 eps)  elapsed=32.2min ***
[InvertedPendulum-v4] run=2 seed= 55 t=  480,165  ep=2031  ep_reward=  1000.00  ep_steps=1000
[InvertedPendulum-v4] run=2 seed= 55 t=  481,165  ep=2032  ep_reward=  1000.00  ep_steps=1000
[InvertedPendulum-v4] run=2 seed= 55 t=  482,165  ep=2033  ep_reward=  1000.00  ep_steps=1000
[InvertedPendulum-v4] run=2 seed= 55 t=  483,165  ep=2034  ep_reward=  1000.00  ep_steps=1000
[InvertedPendulum-v4] run=2 seed= 55 t=  484,165  ep=2035  ep_reward=  1000.00  ep_steps=1000
[InvertedPendulum-v4] run=2 seed= 55 t=  485,165  ep=2036  ep_reward=  1000.00  ep_steps=1000
[InvertedPendulum-v4] run=2 seed= 55 t=  486,165  ep=2037  ep_reward=  1000.00  ep_steps=1000
[InvertedPendulum-v4] run=2 seed= 55 t=  487,165  ep=2038  ep_reward=  1000.00  ep_steps=1000
[InvertedPendulum-v4] run=2 seed= 55 t=  488,165  ep=2039  ep_reward=  1000.00  ep_steps=1000
[InvertedPendulum-v4] run=2 seed= 55 t=  489,165  ep=2040  ep_reward=  1000.00  ep_steps=1000
  *** Eval  t=  490,000  avg_reward=  1000.00  (10 eps)  elapsed=32.9min ***
[InvertedPendulum-v4] run=2 seed= 55 t=  490,165  ep=2041  ep_reward=  1000.00  ep_steps=1000
[InvertedPendulum-v4] run=2 seed= 55 t=  491,165  ep=2042  ep_reward=  1000.00  ep_steps=1000
[InvertedPendulum-v4] run=2 seed= 55 t=  492,165  ep=2043  ep_reward=  1000.00  ep_steps=1000
[InvertedPendulum-v4] run=2 seed= 55 t=  493,165  ep=2044  ep_reward=  1000.00  ep_steps=1000
[InvertedPendulum-v4] run=2 seed= 55 t=  494,165  ep=2045  ep_reward=  1000.00  ep_steps=1000
[InvertedPendulum-v4] run=2 seed= 55 t=  495,165  ep=2046  ep_reward=  1000.00  ep_steps=1000
[InvertedPendulum-v4] run=2 seed= 55 t=  496,165  ep=2047  ep_reward=  1000.00  ep_steps=1000
[InvertedPendulum-v4] run=2 seed= 55 t=  497,165  ep=2048  ep_reward=  1000.00  ep_steps=1000
[InvertedPendulum-v4] run=2 seed= 55 t=  498,044  ep=2049  ep_reward=   879.00  ep_steps=879
[InvertedPendulum-v4] run=2 seed= 55 t=  499,044  ep=2050  ep_reward=  1000.00  ep_steps=1000
  *** Eval  t=  500,000  avg_reward=  1000.00  (10 eps)  elapsed=33.6min ***
[InvertedPendulum-v4] run=2 seed= 55 t=  500,044  ep=2051  ep_reward=  1000.00  ep_steps=1000
[InvertedPendulum-v4] run=2 seed= 55 t=  501,044  ep=2052  ep_reward=  1000.00  ep_steps=1000
[InvertedPendulum-v4] run=2 seed= 55 t=  502,044  ep=2053  ep_reward=  1000.00  ep_steps=1000
[InvertedPendulum-v4] run=2 seed= 55 t=  503,044  ep=2054  ep_reward=  1000.00  ep_steps=1000
[InvertedPendulum-v4] run=2 seed= 55 t=  504,044  ep=2055  ep_reward=  1000.00  ep_steps=1000
[InvertedPendulum-v4] run=2 seed= 55 t=  505,044  ep=2056  ep_reward=  1000.00  ep_steps=1000
[InvertedPendulum-v4] run=2 seed= 55 t=  506,044  ep=2057  ep_reward=  1000.00  ep_steps=1000
[InvertedPendulum-v4] run=2 seed= 55 t=  507,044  ep=2058  ep_reward=  1000.00  ep_steps=1000
[InvertedPendulum-v4] run=2 seed= 55 t=  508,044  ep=2059  ep_reward=  1000.00  ep_steps=1000
[InvertedPendulum-v4] run=2 seed= 55 t=  509,044  ep=2060  ep_reward=  1000.00  ep_steps=1000
  *** Eval  t=  510,000  avg_reward=  1000.00  (10 eps)  elapsed=34.2min ***
[InvertedPendulum-v4] run=2 seed= 55 t=  510,044  ep=2061  ep_reward=  1000.00  ep_steps=1000
[InvertedPendulum-v4] run=2 seed= 55 t=  511,044  ep=2062  ep_reward=  1000.00  ep_steps=1000
[InvertedPendulum-v4] run=2 seed= 55 t=  511,450  ep=2063  ep_reward=   406.00  ep_steps=406
[InvertedPendulum-v4] run=2 seed= 55 t=  512,450  ep=2064  ep_reward=  1000.00  ep_steps=1000
[InvertedPendulum-v4] run=2 seed= 55 t=  513,450  ep=2065  ep_reward=  1000.00  ep_steps=1000
[InvertedPendulum-v4] run=2 seed= 55 t=  514,450  ep=2066  ep_reward=  1000.00  ep_steps=1000
[InvertedPendulum-v4] run=2 seed= 55 t=  515,450  ep=2067  ep_reward=  1000.00  ep_steps=1000
[InvertedPendulum-v4] run=2 seed= 55 t=  516,450  ep=2068  ep_reward=  1000.00  ep_steps=1000
[InvertedPendulum-v4] run=2 seed= 55 t=  517,450  ep=2069  ep_reward=  1000.00  ep_steps=1000
[InvertedPendulum-v4] run=2 seed= 55 t=  518,450  ep=2070  ep_reward=  1000.00  ep_steps=1000
[InvertedPendulum-v4] run=2 seed= 55 t=  519,450  ep=2071  ep_reward=  1000.00  ep_steps=1000
  *** Eval  t=  520,000  avg_reward=  1000.00  (10 eps)  elapsed=34.9min ***
[InvertedPendulum-v4] run=2 seed= 55 t=  520,450  ep=2072  ep_reward=  1000.00  ep_steps=1000
[InvertedPendulum-v4] run=2 seed= 55 t=  521,450  ep=2073  ep_reward=  1000.00  ep_steps=1000
[InvertedPendulum-v4] run=2 seed= 55 t=  522,450  ep=2074  ep_reward=  1000.00  ep_steps=1000
[InvertedPendulum-v4] run=2 seed= 55 t=  523,450  ep=2075  ep_reward=  1000.00  ep_steps=1000
[InvertedPendulum-v4] run=2 seed= 55 t=  524,450  ep=2076  ep_reward=  1000.00  ep_steps=1000
[InvertedPendulum-v4] run=2 seed= 55 t=  525,450  ep=2077  ep_reward=  1000.00  ep_steps=1000
[InvertedPendulum-v4] run=2 seed= 55 t=  526,450  ep=2078  ep_reward=  1000.00  ep_steps=1000
[InvertedPendulum-v4] run=2 seed= 55 t=  527,450  ep=2079  ep_reward=  1000.00  ep_steps=1000
[InvertedPendulum-v4] run=2 seed= 55 t=  528,450  ep=2080  ep_reward=  1000.00  ep_steps=1000
[InvertedPendulum-v4] run=2 seed= 55 t=  529,450  ep=2081  ep_reward=  1000.00  ep_steps=1000
  *** Eval  t=  530,000  avg_reward=  1000.00  (10 eps)  elapsed=35.6min ***
[InvertedPendulum-v4] run=2 seed= 55 t=  530,450  ep=2082  ep_reward=  1000.00  ep_steps=1000
[InvertedPendulum-v4] run=2 seed= 55 t=  531,450  ep=2083  ep_reward=  1000.00  ep_steps=1000
[InvertedPendulum-v4] run=2 seed= 55 t=  532,450  ep=2084  ep_reward=  1000.00  ep_steps=1000
[InvertedPendulum-v4] run=2 seed= 55 t=  533,450  ep=2085  ep_reward=  1000.00  ep_steps=1000
[InvertedPendulum-v4] run=2 seed= 55 t=  534,450  ep=2086  ep_reward=  1000.00  ep_steps=1000
[InvertedPendulum-v4] run=2 seed= 55 t=  535,450  ep=2087  ep_reward=  1000.00  ep_steps=1000
[InvertedPendulum-v4] run=2 seed= 55 t=  536,450  ep=2088  ep_reward=  1000.00  ep_steps=1000
[InvertedPendulum-v4] run=2 seed= 55 t=  537,450  ep=2089  ep_reward=  1000.00  ep_steps=1000
[InvertedPendulum-v4] run=2 seed= 55 t=  538,450  ep=2090  ep_reward=  1000.00  ep_steps=1000
[InvertedPendulum-v4] run=2 seed= 55 t=  539,450  ep=2091  ep_reward=  1000.00  ep_steps=1000
  *** Eval  t=  540,000  avg_reward=  1000.00  (10 eps)  elapsed=36.3min ***
[InvertedPendulum-v4] run=2 seed= 55 t=  540,450  ep=2092  ep_reward=  1000.00  ep_steps=1000
[InvertedPendulum-v4] run=2 seed= 55 t=  541,450  ep=2093  ep_reward=  1000.00  ep_steps=1000
[InvertedPendulum-v4] run=2 seed= 55 t=  542,450  ep=2094  ep_reward=  1000.00  ep_steps=1000
[InvertedPendulum-v4] run=2 seed= 55 t=  543,450  ep=2095  ep_reward=  1000.00  ep_steps=1000
[InvertedPendulum-v4] run=2 seed= 55 t=  544,450  ep=2096  ep_reward=  1000.00  ep_steps=1000
[InvertedPendulum-v4] run=2 seed= 55 t=  545,450  ep=2097  ep_reward=  1000.00  ep_steps=1000
[InvertedPendulum-v4] run=2 seed= 55 t=  546,450  ep=2098  ep_reward=  1000.00  ep_steps=1000
[InvertedPendulum-v4] run=2 seed= 55 t=  547,450  ep=2099  ep_reward=  1000.00  ep_steps=1000
[InvertedPendulum-v4] run=2 seed= 55 t=  548,450  ep=2100  ep_reward=  1000.00  ep_steps=1000
[InvertedPendulum-v4] run=2 seed= 55 t=  549,450  ep=2101  ep_reward=  1000.00  ep_steps=1000
  *** Eval  t=  550,000  avg_reward=  1000.00  (10 eps)  elapsed=37.0min ***
[InvertedPendulum-v4] run=2 seed= 55 t=  550,450  ep=2102  ep_reward=  1000.00  ep_steps=1000
[InvertedPendulum-v4] run=2 seed= 55 t=  551,450  ep=2103  ep_reward=  1000.00  ep_steps=1000
[InvertedPendulum-v4] run=2 seed= 55 t=  552,450  ep=2104  ep_reward=  1000.00  ep_steps=1000
[InvertedPendulum-v4] run=2 seed= 55 t=  553,450  ep=2105  ep_reward=  1000.00  ep_steps=1000
[InvertedPendulum-v4] run=2 seed= 55 t=  554,450  ep=2106  ep_reward=  1000.00  ep_steps=1000
[InvertedPendulum-v4] run=2 seed= 55 t=  555,450  ep=2107  ep_reward=  1000.00  ep_steps=1000
[InvertedPendulum-v4] run=2 seed= 55 t=  556,450  ep=2108  ep_reward=  1000.00  ep_steps=1000
[InvertedPendulum-v4] run=2 seed= 55 t=  557,450  ep=2109  ep_reward=  1000.00  ep_steps=1000
[InvertedPendulum-v4] run=2 seed= 55 t=  558,450  ep=2110  ep_reward=  1000.00  ep_steps=1000
[InvertedPendulum-v4] run=2 seed= 55 t=  559,450  ep=2111  ep_reward=  1000.00  ep_steps=1000
  *** Eval  t=  560,000  avg_reward=  1000.00  (10 eps)  elapsed=37.6min ***
[InvertedPendulum-v4] run=2 seed= 55 t=  560,450  ep=2112  ep_reward=  1000.00  ep_steps=1000
[InvertedPendulum-v4] run=2 seed= 55 t=  561,450  ep=2113  ep_reward=  1000.00  ep_steps=1000
[InvertedPendulum-v4] run=2 seed= 55 t=  562,450  ep=2114  ep_reward=  1000.00  ep_steps=1000
[InvertedPendulum-v4] run=2 seed= 55 t=  563,450  ep=2115  ep_reward=  1000.00  ep_steps=1000
[InvertedPendulum-v4] run=2 seed= 55 t=  564,450  ep=2116  ep_reward=  1000.00  ep_steps=1000
[InvertedPendulum-v4] run=2 seed= 55 t=  565,450  ep=2117  ep_reward=  1000.00  ep_steps=1000
[InvertedPendulum-v4] run=2 seed= 55 t=  566,450  ep=2118  ep_reward=  1000.00  ep_steps=1000
[InvertedPendulum-v4] run=2 seed= 55 t=  567,450  ep=2119  ep_reward=  1000.00  ep_steps=1000
[InvertedPendulum-v4] run=2 seed= 55 t=  568,450  ep=2120  ep_reward=  1000.00  ep_steps=1000
[InvertedPendulum-v4] run=2 seed= 55 t=  569,450  ep=2121  ep_reward=  1000.00  ep_steps=1000
  *** Eval  t=  570,000  avg_reward=  1000.00  (10 eps)  elapsed=38.3min ***
[InvertedPendulum-v4] run=2 seed= 55 t=  570,450  ep=2122  ep_reward=  1000.00  ep_steps=1000
[InvertedPendulum-v4] run=2 seed= 55 t=  571,450  ep=2123  ep_reward=  1000.00  ep_steps=1000
[InvertedPendulum-v4] run=2 seed= 55 t=  572,450  ep=2124  ep_reward=  1000.00  ep_steps=1000
[InvertedPendulum-v4] run=2 seed= 55 t=  573,450  ep=2125  ep_reward=  1000.00  ep_steps=1000
[InvertedPendulum-v4] run=2 seed= 55 t=  574,450  ep=2126  ep_reward=  1000.00  ep_steps=1000
[InvertedPendulum-v4] run=2 seed= 55 t=  575,450  ep=2127  ep_reward=  1000.00  ep_steps=1000
[InvertedPendulum-v4] run=2 seed= 55 t=  576,450  ep=2128  ep_reward=  1000.00  ep_steps=1000
[InvertedPendulum-v4] run=2 seed= 55 t=  577,450  ep=2129  ep_reward=  1000.00  ep_steps=1000
[InvertedPendulum-v4] run=2 seed= 55 t=  578,450  ep=2130  ep_reward=  1000.00  ep_steps=1000
[InvertedPendulum-v4] run=2 seed= 55 t=  579,450  ep=2131  ep_reward=  1000.00  ep_steps=1000
  *** Eval  t=  580,000  avg_reward=  1000.00  (10 eps)  elapsed=39.0min ***
[InvertedPendulum-v4] run=2 seed= 55 t=  580,450  ep=2132  ep_reward=  1000.00  ep_steps=1000
[InvertedPendulum-v4] run=2 seed= 55 t=  581,450  ep=2133  ep_reward=  1000.00  ep_steps=1000
[InvertedPendulum-v4] run=2 seed= 55 t=  582,450  ep=2134  ep_reward=  1000.00  ep_steps=1000
[InvertedPendulum-v4] run=2 seed= 55 t=  583,450  ep=2135  ep_reward=  1000.00  ep_steps=1000
[InvertedPendulum-v4] run=2 seed= 55 t=  584,450  ep=2136  ep_reward=  1000.00  ep_steps=1000
[InvertedPendulum-v4] run=2 seed= 55 t=  585,450  ep=2137  ep_reward=  1000.00  ep_steps=1000
[InvertedPendulum-v4] run=2 seed= 55 t=  586,450  ep=2138  ep_reward=  1000.00  ep_steps=1000
[InvertedPendulum-v4] run=2 seed= 55 t=  587,450  ep=2139  ep_reward=  1000.00  ep_steps=1000
[InvertedPendulum-v4] run=2 seed= 55 t=  588,450  ep=2140  ep_reward=  1000.00  ep_steps=1000
[InvertedPendulum-v4] run=2 seed= 55 t=  589,450  ep=2141  ep_reward=  1000.00  ep_steps=1000
  *** Eval  t=  590,000  avg_reward=  1000.00  (10 eps)  elapsed=39.7min ***
[InvertedPendulum-v4] run=2 seed= 55 t=  590,450  ep=2142  ep_reward=  1000.00  ep_steps=1000
[InvertedPendulum-v4] run=2 seed= 55 t=  591,450  ep=2143  ep_reward=  1000.00  ep_steps=1000
[InvertedPendulum-v4] run=2 seed= 55 t=  592,450  ep=2144  ep_reward=  1000.00  ep_steps=1000
[InvertedPendulum-v4] run=2 seed= 55 t=  593,450  ep=2145  ep_reward=  1000.00  ep_steps=1000
[InvertedPendulum-v4] run=2 seed= 55 t=  594,450  ep=2146  ep_reward=  1000.00  ep_steps=1000
[InvertedPendulum-v4] run=2 seed= 55 t=  595,450  ep=2147  ep_reward=  1000.00  ep_steps=1000
[InvertedPendulum-v4] run=2 seed= 55 t=  596,450  ep=2148  ep_reward=  1000.00  ep_steps=1000
[InvertedPendulum-v4] run=2 seed= 55 t=  597,450  ep=2149  ep_reward=  1000.00  ep_steps=1000
[InvertedPendulum-v4] run=2 seed= 55 t=  597,999  ep=2150  ep_reward=   549.00  ep_steps=549
[InvertedPendulum-v4] run=2 seed= 55 t=  598,132  ep=2151  ep_reward=   133.00  ep_steps=133
[InvertedPendulum-v4] run=2 seed= 55 t=  598,255  ep=2152  ep_reward=   123.00  ep_steps=123
[InvertedPendulum-v4] run=2 seed= 55 t=  598,354  ep=2153  ep_reward=    99.00  ep_steps=99
[InvertedPendulum-v4] run=2 seed= 55 t=  598,442  ep=2154  ep_reward=    88.00  ep_steps=88
[InvertedPendulum-v4] run=2 seed= 55 t=  598,544  ep=2155  ep_reward=   102.00  ep_steps=102
[InvertedPendulum-v4] run=2 seed= 55 t=  598,661  ep=2156  ep_reward=   117.00  ep_steps=117
[InvertedPendulum-v4] run=2 seed= 55 t=  598,804  ep=2157  ep_reward=   143.00  ep_steps=143
[InvertedPendulum-v4] run=2 seed= 55 t=  598,941  ep=2158  ep_reward=   137.00  ep_steps=137
[InvertedPendulum-v4] run=2 seed= 55 t=  599,072  ep=2159  ep_reward=   131.00  ep_steps=131
[InvertedPendulum-v4] run=2 seed= 55 t=  599,249  ep=2160  ep_reward=   177.00  ep_steps=177
  *** Eval  t=  600,000  avg_reward=  1000.00  (10 eps)  elapsed=40.4min ***
[InvertedPendulum-v4] run=2 seed= 55 t=  600,249  ep=2161  ep_reward=  1000.00  ep_steps=1000
[InvertedPendulum-v4] run=2 seed= 55 t=  601,249  ep=2162  ep_reward=  1000.00  ep_steps=1000
[InvertedPendulum-v4] run=2 seed= 55 t=  602,249  ep=2163  ep_reward=  1000.00  ep_steps=1000
[InvertedPendulum-v4] run=2 seed= 55 t=  603,249  ep=2164  ep_reward=  1000.00  ep_steps=1000
[InvertedPendulum-v4] run=2 seed= 55 t=  604,249  ep=2165  ep_reward=  1000.00  ep_steps=1000
[InvertedPendulum-v4] run=2 seed= 55 t=  605,249  ep=2166  ep_reward=  1000.00  ep_steps=1000
[InvertedPendulum-v4] run=2 seed= 55 t=  606,249  ep=2167  ep_reward=  1000.00  ep_steps=1000
[InvertedPendulum-v4] run=2 seed= 55 t=  607,249  ep=2168  ep_reward=  1000.00  ep_steps=1000
[InvertedPendulum-v4] run=2 seed= 55 t=  608,249  ep=2169  ep_reward=  1000.00  ep_steps=1000
[InvertedPendulum-v4] run=2 seed= 55 t=  609,249  ep=2170  ep_reward=  1000.00  ep_steps=1000
  *** Eval  t=  610,000  avg_reward=  1000.00  (10 eps)  elapsed=41.0min ***
[InvertedPendulum-v4] run=2 seed= 55 t=  610,249  ep=2171  ep_reward=  1000.00  ep_steps=1000
[InvertedPendulum-v4] run=2 seed= 55 t=  611,249  ep=2172  ep_reward=  1000.00  ep_steps=1000
[InvertedPendulum-v4] run=2 seed= 55 t=  612,249  ep=2173  ep_reward=  1000.00  ep_steps=1000
[InvertedPendulum-v4] run=2 seed= 55 t=  613,249  ep=2174  ep_reward=  1000.00  ep_steps=1000
[InvertedPendulum-v4] run=2 seed= 55 t=  614,249  ep=2175  ep_reward=  1000.00  ep_steps=1000
[InvertedPendulum-v4] run=2 seed= 55 t=  615,249  ep=2176  ep_reward=  1000.00  ep_steps=1000
[InvertedPendulum-v4] run=2 seed= 55 t=  616,249  ep=2177  ep_reward=  1000.00  ep_steps=1000
[InvertedPendulum-v4] run=2 seed= 55 t=  617,249  ep=2178  ep_reward=  1000.00  ep_steps=1000
[InvertedPendulum-v4] run=2 seed= 55 t=  618,249  ep=2179  ep_reward=  1000.00  ep_steps=1000
[InvertedPendulum-v4] run=2 seed= 55 t=  618,399  ep=2180  ep_reward=   150.00  ep_steps=150
[InvertedPendulum-v4] run=2 seed= 55 t=  619,399  ep=2181  ep_reward=  1000.00  ep_steps=1000
  *** Eval  t=  620,000  avg_reward=  1000.00  (10 eps)  elapsed=41.7min ***
[InvertedPendulum-v4] run=2 seed= 55 t=  620,399  ep=2182  ep_reward=  1000.00  ep_steps=1000
[InvertedPendulum-v4] run=2 seed= 55 t=  621,399  ep=2183  ep_reward=  1000.00  ep_steps=1000
[InvertedPendulum-v4] run=2 seed= 55 t=  622,399  ep=2184  ep_reward=  1000.00  ep_steps=1000
[InvertedPendulum-v4] run=2 seed= 55 t=  623,399  ep=2185  ep_reward=  1000.00  ep_steps=1000
[InvertedPendulum-v4] run=2 seed= 55 t=  624,399  ep=2186  ep_reward=  1000.00  ep_steps=1000
[InvertedPendulum-v4] run=2 seed= 55 t=  625,399  ep=2187  ep_reward=  1000.00  ep_steps=1000
[InvertedPendulum-v4] run=2 seed= 55 t=  626,399  ep=2188  ep_reward=  1000.00  ep_steps=1000
[InvertedPendulum-v4] run=2 seed= 55 t=  627,399  ep=2189  ep_reward=  1000.00  ep_steps=1000
[InvertedPendulum-v4] run=2 seed= 55 t=  628,399  ep=2190  ep_reward=  1000.00  ep_steps=1000
[InvertedPendulum-v4] run=2 seed= 55 t=  629,399  ep=2191  ep_reward=  1000.00  ep_steps=1000
  *** Eval  t=  630,000  avg_reward=  1000.00  (10 eps)  elapsed=42.4min ***
[InvertedPendulum-v4] run=2 seed= 55 t=  630,399  ep=2192  ep_reward=  1000.00  ep_steps=1000
[InvertedPendulum-v4] run=2 seed= 55 t=  631,399  ep=2193  ep_reward=  1000.00  ep_steps=1000
[InvertedPendulum-v4] run=2 seed= 55 t=  632,399  ep=2194  ep_reward=  1000.00  ep_steps=1000
[InvertedPendulum-v4] run=2 seed= 55 t=  633,399  ep=2195  ep_reward=  1000.00  ep_steps=1000
[InvertedPendulum-v4] run=2 seed= 55 t=  634,399  ep=2196  ep_reward=  1000.00  ep_steps=1000
[InvertedPendulum-v4] run=2 seed= 55 t=  635,399  ep=2197  ep_reward=  1000.00  ep_steps=1000
[InvertedPendulum-v4] run=2 seed= 55 t=  636,399  ep=2198  ep_reward=  1000.00  ep_steps=1000
[InvertedPendulum-v4] run=2 seed= 55 t=  637,399  ep=2199  ep_reward=  1000.00  ep_steps=1000
[InvertedPendulum-v4] run=2 seed= 55 t=  638,399  ep=2200  ep_reward=  1000.00  ep_steps=1000
[InvertedPendulum-v4] run=2 seed= 55 t=  639,399  ep=2201  ep_reward=  1000.00  ep_steps=1000
  *** Eval  t=  640,000  avg_reward=  1000.00  (10 eps)  elapsed=43.1min ***
[InvertedPendulum-v4] run=2 seed= 55 t=  640,399  ep=2202  ep_reward=  1000.00  ep_steps=1000
[InvertedPendulum-v4] run=2 seed= 55 t=  641,399  ep=2203  ep_reward=  1000.00  ep_steps=1000
[InvertedPendulum-v4] run=2 seed= 55 t=  642,399  ep=2204  ep_reward=  1000.00  ep_steps=1000
[InvertedPendulum-v4] run=2 seed= 55 t=  643,399  ep=2205  ep_reward=  1000.00  ep_steps=1000
[InvertedPendulum-v4] run=2 seed= 55 t=  644,399  ep=2206  ep_reward=  1000.00  ep_steps=1000
[InvertedPendulum-v4] run=2 seed= 55 t=  645,399  ep=2207  ep_reward=  1000.00  ep_steps=1000
[InvertedPendulum-v4] run=2 seed= 55 t=  646,399  ep=2208  ep_reward=  1000.00  ep_steps=1000
[InvertedPendulum-v4] run=2 seed= 55 t=  647,399  ep=2209  ep_reward=  1000.00  ep_steps=1000
[InvertedPendulum-v4] run=2 seed= 55 t=  648,399  ep=2210  ep_reward=  1000.00  ep_steps=1000
[InvertedPendulum-v4] run=2 seed= 55 t=  649,399  ep=2211  ep_reward=  1000.00  ep_steps=1000
  *** Eval  t=  650,000  avg_reward=  1000.00  (10 eps)  elapsed=43.8min ***
[InvertedPendulum-v4] run=2 seed= 55 t=  650,399  ep=2212  ep_reward=  1000.00  ep_steps=1000
[InvertedPendulum-v4] run=2 seed= 55 t=  651,399  ep=2213  ep_reward=  1000.00  ep_steps=1000
[InvertedPendulum-v4] run=2 seed= 55 t=  652,399  ep=2214  ep_reward=  1000.00  ep_steps=1000
[InvertedPendulum-v4] run=2 seed= 55 t=  653,399  ep=2215  ep_reward=  1000.00  ep_steps=1000
[InvertedPendulum-v4] run=2 seed= 55 t=  654,399  ep=2216  ep_reward=  1000.00  ep_steps=1000
[InvertedPendulum-v4] run=2 seed= 55 t=  655,399  ep=2217  ep_reward=  1000.00  ep_steps=1000
[InvertedPendulum-v4] run=2 seed= 55 t=  656,399  ep=2218  ep_reward=  1000.00  ep_steps=1000
[InvertedPendulum-v4] run=2 seed= 55 t=  657,399  ep=2219  ep_reward=  1000.00  ep_steps=1000
[InvertedPendulum-v4] run=2 seed= 55 t=  658,399  ep=2220  ep_reward=  1000.00  ep_steps=1000
[InvertedPendulum-v4] run=2 seed= 55 t=  659,399  ep=2221  ep_reward=  1000.00  ep_steps=1000
  *** Eval  t=  660,000  avg_reward=  1000.00  (10 eps)  elapsed=44.4min ***
[InvertedPendulum-v4] run=2 seed= 55 t=  660,399  ep=2222  ep_reward=  1000.00  ep_steps=1000
[InvertedPendulum-v4] run=2 seed= 55 t=  661,399  ep=2223  ep_reward=  1000.00  ep_steps=1000
[InvertedPendulum-v4] run=2 seed= 55 t=  662,399  ep=2224  ep_reward=  1000.00  ep_steps=1000
[InvertedPendulum-v4] run=2 seed= 55 t=  663,399  ep=2225  ep_reward=  1000.00  ep_steps=1000
[InvertedPendulum-v4] run=2 seed= 55 t=  664,399  ep=2226  ep_reward=  1000.00  ep_steps=1000
[InvertedPendulum-v4] run=2 seed= 55 t=  665,399  ep=2227  ep_reward=  1000.00  ep_steps=1000
[InvertedPendulum-v4] run=2 seed= 55 t=  666,399  ep=2228  ep_reward=  1000.00  ep_steps=1000
[InvertedPendulum-v4] run=2 seed= 55 t=  667,399  ep=2229  ep_reward=  1000.00  ep_steps=1000
[InvertedPendulum-v4] run=2 seed= 55 t=  668,399  ep=2230  ep_reward=  1000.00  ep_steps=1000
[InvertedPendulum-v4] run=2 seed= 55 t=  669,399  ep=2231  ep_reward=  1000.00  ep_steps=1000
  *** Eval  t=  670,000  avg_reward=  1000.00  (10 eps)  elapsed=45.1min ***
[InvertedPendulum-v4] run=2 seed= 55 t=  670,399  ep=2232  ep_reward=  1000.00  ep_steps=1000
[InvertedPendulum-v4] run=2 seed= 55 t=  671,399  ep=2233  ep_reward=  1000.00  ep_steps=1000
[InvertedPendulum-v4] run=2 seed= 55 t=  672,399  ep=2234  ep_reward=  1000.00  ep_steps=1000
[InvertedPendulum-v4] run=2 seed= 55 t=  673,399  ep=2235  ep_reward=  1000.00  ep_steps=1000
[InvertedPendulum-v4] run=2 seed= 55 t=  674,399  ep=2236  ep_reward=  1000.00  ep_steps=1000
[InvertedPendulum-v4] run=2 seed= 55 t=  675,399  ep=2237  ep_reward=  1000.00  ep_steps=1000
[InvertedPendulum-v4] run=2 seed= 55 t=  676,399  ep=2238  ep_reward=  1000.00  ep_steps=1000
[InvertedPendulum-v4] run=2 seed= 55 t=  677,399  ep=2239  ep_reward=  1000.00  ep_steps=1000
[InvertedPendulum-v4] run=2 seed= 55 t=  678,399  ep=2240  ep_reward=  1000.00  ep_steps=1000
[InvertedPendulum-v4] run=2 seed= 55 t=  679,399  ep=2241  ep_reward=  1000.00  ep_steps=1000
  *** Eval  t=  680,000  avg_reward=  1000.00  (10 eps)  elapsed=45.8min ***
[InvertedPendulum-v4] run=2 seed= 55 t=  680,399  ep=2242  ep_reward=  1000.00  ep_steps=1000
[InvertedPendulum-v4] run=2 seed= 55 t=  681,399  ep=2243  ep_reward=  1000.00  ep_steps=1000
[InvertedPendulum-v4] run=2 seed= 55 t=  682,399  ep=2244  ep_reward=  1000.00  ep_steps=1000
[InvertedPendulum-v4] run=2 seed= 55 t=  683,399  ep=2245  ep_reward=  1000.00  ep_steps=1000
[InvertedPendulum-v4] run=2 seed= 55 t=  684,399  ep=2246  ep_reward=  1000.00  ep_steps=1000
[InvertedPendulum-v4] run=2 seed= 55 t=  685,399  ep=2247  ep_reward=  1000.00  ep_steps=1000
[InvertedPendulum-v4] run=2 seed= 55 t=  686,399  ep=2248  ep_reward=  1000.00  ep_steps=1000
[InvertedPendulum-v4] run=2 seed= 55 t=  687,399  ep=2249  ep_reward=  1000.00  ep_steps=1000
[InvertedPendulum-v4] run=2 seed= 55 t=  688,399  ep=2250  ep_reward=  1000.00  ep_steps=1000
[InvertedPendulum-v4] run=2 seed= 55 t=  689,399  ep=2251  ep_reward=  1000.00  ep_steps=1000
  *** Eval  t=  690,000  avg_reward=  1000.00  (10 eps)  elapsed=46.4min ***
[InvertedPendulum-v4] run=2 seed= 55 t=  690,399  ep=2252  ep_reward=  1000.00  ep_steps=1000
[InvertedPendulum-v4] run=2 seed= 55 t=  691,399  ep=2253  ep_reward=  1000.00  ep_steps=1000
[InvertedPendulum-v4] run=2 seed= 55 t=  692,399  ep=2254  ep_reward=  1000.00  ep_steps=1000
[InvertedPendulum-v4] run=2 seed= 55 t=  693,399  ep=2255  ep_reward=  1000.00  ep_steps=1000
[InvertedPendulum-v4] run=2 seed= 55 t=  694,399  ep=2256  ep_reward=  1000.00  ep_steps=1000
[InvertedPendulum-v4] run=2 seed= 55 t=  695,399  ep=2257  ep_reward=  1000.00  ep_steps=1000
[InvertedPendulum-v4] run=2 seed= 55 t=  696,399  ep=2258  ep_reward=  1000.00  ep_steps=1000
[InvertedPendulum-v4] run=2 seed= 55 t=  697,399  ep=2259  ep_reward=  1000.00  ep_steps=1000
[InvertedPendulum-v4] run=2 seed= 55 t=  698,399  ep=2260  ep_reward=  1000.00  ep_steps=1000
[InvertedPendulum-v4] run=2 seed= 55 t=  699,399  ep=2261  ep_reward=  1000.00  ep_steps=1000
  *** Eval  t=  700,000  avg_reward=  1000.00  (10 eps)  elapsed=47.1min ***
[InvertedPendulum-v4] run=2 seed= 55 t=  700,399  ep=2262  ep_reward=  1000.00  ep_steps=1000
[InvertedPendulum-v4] run=2 seed= 55 t=  701,399  ep=2263  ep_reward=  1000.00  ep_steps=1000
[InvertedPendulum-v4] run=2 seed= 55 t=  702,399  ep=2264  ep_reward=  1000.00  ep_steps=1000
[InvertedPendulum-v4] run=2 seed= 55 t=  703,399  ep=2265  ep_reward=  1000.00  ep_steps=1000
[InvertedPendulum-v4] run=2 seed= 55 t=  704,399  ep=2266  ep_reward=  1000.00  ep_steps=1000
[InvertedPendulum-v4] run=2 seed= 55 t=  705,399  ep=2267  ep_reward=  1000.00  ep_steps=1000
[InvertedPendulum-v4] run=2 seed= 55 t=  706,399  ep=2268  ep_reward=  1000.00  ep_steps=1000
[InvertedPendulum-v4] run=2 seed= 55 t=  707,399  ep=2269  ep_reward=  1000.00  ep_steps=1000
[InvertedPendulum-v4] run=2 seed= 55 t=  708,399  ep=2270  ep_reward=  1000.00  ep_steps=1000
[InvertedPendulum-v4] run=2 seed= 55 t=  709,399  ep=2271  ep_reward=  1000.00  ep_steps=1000
  *** Eval  t=  710,000  avg_reward=  1000.00  (10 eps)  elapsed=47.8min ***
[InvertedPendulum-v4] run=2 seed= 55 t=  710,399  ep=2272  ep_reward=  1000.00  ep_steps=1000
[InvertedPendulum-v4] run=2 seed= 55 t=  711,399  ep=2273  ep_reward=  1000.00  ep_steps=1000
[InvertedPendulum-v4] run=2 seed= 55 t=  712,399  ep=2274  ep_reward=  1000.00  ep_steps=1000
[InvertedPendulum-v4] run=2 seed= 55 t=  713,399  ep=2275  ep_reward=  1000.00  ep_steps=1000
[InvertedPendulum-v4] run=2 seed= 55 t=  714,399  ep=2276  ep_reward=  1000.00  ep_steps=1000
[InvertedPendulum-v4] run=2 seed= 55 t=  715,399  ep=2277  ep_reward=  1000.00  ep_steps=1000
[InvertedPendulum-v4] run=2 seed= 55 t=  716,399  ep=2278  ep_reward=  1000.00  ep_steps=1000
[InvertedPendulum-v4] run=2 seed= 55 t=  717,399  ep=2279  ep_reward=  1000.00  ep_steps=1000
[InvertedPendulum-v4] run=2 seed= 55 t=  718,399  ep=2280  ep_reward=  1000.00  ep_steps=1000
[InvertedPendulum-v4] run=2 seed= 55 t=  719,399  ep=2281  ep_reward=  1000.00  ep_steps=1000
  *** Eval  t=  720,000  avg_reward=  1000.00  (10 eps)  elapsed=48.5min ***
[InvertedPendulum-v4] run=2 seed= 55 t=  720,399  ep=2282  ep_reward=  1000.00  ep_steps=1000
[InvertedPendulum-v4] run=2 seed= 55 t=  721,399  ep=2283  ep_reward=  1000.00  ep_steps=1000
[InvertedPendulum-v4] run=2 seed= 55 t=  722,399  ep=2284  ep_reward=  1000.00  ep_steps=1000
[InvertedPendulum-v4] run=2 seed= 55 t=  723,399  ep=2285  ep_reward=  1000.00  ep_steps=1000
[InvertedPendulum-v4] run=2 seed= 55 t=  724,399  ep=2286  ep_reward=  1000.00  ep_steps=1000
[InvertedPendulum-v4] run=2 seed= 55 t=  725,399  ep=2287  ep_reward=  1000.00  ep_steps=1000
[InvertedPendulum-v4] run=2 seed= 55 t=  726,399  ep=2288  ep_reward=  1000.00  ep_steps=1000
[InvertedPendulum-v4] run=2 seed= 55 t=  727,399  ep=2289  ep_reward=  1000.00  ep_steps=1000
[InvertedPendulum-v4] run=2 seed= 55 t=  728,399  ep=2290  ep_reward=  1000.00  ep_steps=1000
[InvertedPendulum-v4] run=2 seed= 55 t=  729,399  ep=2291  ep_reward=  1000.00  ep_steps=1000
  *** Eval  t=  730,000  avg_reward=  1000.00  (10 eps)  elapsed=49.1min ***
[InvertedPendulum-v4] run=2 seed= 55 t=  730,399  ep=2292  ep_reward=  1000.00  ep_steps=1000
[InvertedPendulum-v4] run=2 seed= 55 t=  731,399  ep=2293  ep_reward=  1000.00  ep_steps=1000
[InvertedPendulum-v4] run=2 seed= 55 t=  732,399  ep=2294  ep_reward=  1000.00  ep_steps=1000
[InvertedPendulum-v4] run=2 seed= 55 t=  733,399  ep=2295  ep_reward=  1000.00  ep_steps=1000
[InvertedPendulum-v4] run=2 seed= 55 t=  734,399  ep=2296  ep_reward=  1000.00  ep_steps=1000
[InvertedPendulum-v4] run=2 seed= 55 t=  735,399  ep=2297  ep_reward=  1000.00  ep_steps=1000
[InvertedPendulum-v4] run=2 seed= 55 t=  736,399  ep=2298  ep_reward=  1000.00  ep_steps=1000
[InvertedPendulum-v4] run=2 seed= 55 t=  737,399  ep=2299  ep_reward=  1000.00  ep_steps=1000
[InvertedPendulum-v4] run=2 seed= 55 t=  738,399  ep=2300  ep_reward=  1000.00  ep_steps=1000
[InvertedPendulum-v4] run=2 seed= 55 t=  739,399  ep=2301  ep_reward=  1000.00  ep_steps=1000
  *** Eval  t=  740,000  avg_reward=  1000.00  (10 eps)  elapsed=49.8min ***
[InvertedPendulum-v4] run=2 seed= 55 t=  740,399  ep=2302  ep_reward=  1000.00  ep_steps=1000
[InvertedPendulum-v4] run=2 seed= 55 t=  741,399  ep=2303  ep_reward=  1000.00  ep_steps=1000
[InvertedPendulum-v4] run=2 seed= 55 t=  742,399  ep=2304  ep_reward=  1000.00  ep_steps=1000
[InvertedPendulum-v4] run=2 seed= 55 t=  743,399  ep=2305  ep_reward=  1000.00  ep_steps=1000
[InvertedPendulum-v4] run=2 seed= 55 t=  744,399  ep=2306  ep_reward=  1000.00  ep_steps=1000
[InvertedPendulum-v4] run=2 seed= 55 t=  745,399  ep=2307  ep_reward=  1000.00  ep_steps=1000
[InvertedPendulum-v4] run=2 seed= 55 t=  746,399  ep=2308  ep_reward=  1000.00  ep_steps=1000
[InvertedPendulum-v4] run=2 seed= 55 t=  747,399  ep=2309  ep_reward=  1000.00  ep_steps=1000
[InvertedPendulum-v4] run=2 seed= 55 t=  748,399  ep=2310  ep_reward=  1000.00  ep_steps=1000
[InvertedPendulum-v4] run=2 seed= 55 t=  749,399  ep=2311  ep_reward=  1000.00  ep_steps=1000
  *** Eval  t=  750,000  avg_reward=  1000.00  (10 eps)  elapsed=50.5min ***
[InvertedPendulum-v4] run=2 seed= 55 t=  750,399  ep=2312  ep_reward=  1000.00  ep_steps=1000
[InvertedPendulum-v4] run=2 seed= 55 t=  751,399  ep=2313  ep_reward=  1000.00  ep_steps=1000
[InvertedPendulum-v4] run=2 seed= 55 t=  752,399  ep=2314  ep_reward=  1000.00  ep_steps=1000
[InvertedPendulum-v4] run=2 seed= 55 t=  753,399  ep=2315  ep_reward=  1000.00  ep_steps=1000
[InvertedPendulum-v4] run=2 seed= 55 t=  754,399  ep=2316  ep_reward=  1000.00  ep_steps=1000
[InvertedPendulum-v4] run=2 seed= 55 t=  755,399  ep=2317  ep_reward=  1000.00  ep_steps=1000
[InvertedPendulum-v4] run=2 seed= 55 t=  756,399  ep=2318  ep_reward=  1000.00  ep_steps=1000
[InvertedPendulum-v4] run=2 seed= 55 t=  757,399  ep=2319  ep_reward=  1000.00  ep_steps=1000
[InvertedPendulum-v4] run=2 seed= 55 t=  758,399  ep=2320  ep_reward=  1000.00  ep_steps=1000
[InvertedPendulum-v4] run=2 seed= 55 t=  759,399  ep=2321  ep_reward=  1000.00  ep_steps=1000
  *** Eval  t=  760,000  avg_reward=  1000.00  (10 eps)  elapsed=51.1min ***
[InvertedPendulum-v4] run=2 seed= 55 t=  760,399  ep=2322  ep_reward=  1000.00  ep_steps=1000
[InvertedPendulum-v4] run=2 seed= 55 t=  761,399  ep=2323  ep_reward=  1000.00  ep_steps=1000
[InvertedPendulum-v4] run=2 seed= 55 t=  762,399  ep=2324  ep_reward=  1000.00  ep_steps=1000
[InvertedPendulum-v4] run=2 seed= 55 t=  763,399  ep=2325  ep_reward=  1000.00  ep_steps=1000
[InvertedPendulum-v4] run=2 seed= 55 t=  764,399  ep=2326  ep_reward=  1000.00  ep_steps=1000
[InvertedPendulum-v4] run=2 seed= 55 t=  765,399  ep=2327  ep_reward=  1000.00  ep_steps=1000
[InvertedPendulum-v4] run=2 seed= 55 t=  766,399  ep=2328  ep_reward=  1000.00  ep_steps=1000
[InvertedPendulum-v4] run=2 seed= 55 t=  767,399  ep=2329  ep_reward=  1000.00  ep_steps=1000
[InvertedPendulum-v4] run=2 seed= 55 t=  768,399  ep=2330  ep_reward=  1000.00  ep_steps=1000
[InvertedPendulum-v4] run=2 seed= 55 t=  769,399  ep=2331  ep_reward=  1000.00  ep_steps=1000
  *** Eval  t=  770,000  avg_reward=  1000.00  (10 eps)  elapsed=51.8min ***
[InvertedPendulum-v4] run=2 seed= 55 t=  770,399  ep=2332  ep_reward=  1000.00  ep_steps=1000
[InvertedPendulum-v4] run=2 seed= 55 t=  771,399  ep=2333  ep_reward=  1000.00  ep_steps=1000
[InvertedPendulum-v4] run=2 seed= 55 t=  772,399  ep=2334  ep_reward=  1000.00  ep_steps=1000
[InvertedPendulum-v4] run=2 seed= 55 t=  773,399  ep=2335  ep_reward=  1000.00  ep_steps=1000
[InvertedPendulum-v4] run=2 seed= 55 t=  774,399  ep=2336  ep_reward=  1000.00  ep_steps=1000
[InvertedPendulum-v4] run=2 seed= 55 t=  775,399  ep=2337  ep_reward=  1000.00  ep_steps=1000
[InvertedPendulum-v4] run=2 seed= 55 t=  776,399  ep=2338  ep_reward=  1000.00  ep_steps=1000
[InvertedPendulum-v4] run=2 seed= 55 t=  777,399  ep=2339  ep_reward=  1000.00  ep_steps=1000
[InvertedPendulum-v4] run=2 seed= 55 t=  778,399  ep=2340  ep_reward=  1000.00  ep_steps=1000
[InvertedPendulum-v4] run=2 seed= 55 t=  779,399  ep=2341  ep_reward=  1000.00  ep_steps=1000
  *** Eval  t=  780,000  avg_reward=  1000.00  (10 eps)  elapsed=52.5min ***
[InvertedPendulum-v4] run=2 seed= 55 t=  780,399  ep=2342  ep_reward=  1000.00  ep_steps=1000
[InvertedPendulum-v4] run=2 seed= 55 t=  781,399  ep=2343  ep_reward=  1000.00  ep_steps=1000
[InvertedPendulum-v4] run=2 seed= 55 t=  782,399  ep=2344  ep_reward=  1000.00  ep_steps=1000
[InvertedPendulum-v4] run=2 seed= 55 t=  783,399  ep=2345  ep_reward=  1000.00  ep_steps=1000
[InvertedPendulum-v4] run=2 seed= 55 t=  784,399  ep=2346  ep_reward=  1000.00  ep_steps=1000
[InvertedPendulum-v4] run=2 seed= 55 t=  785,399  ep=2347  ep_reward=  1000.00  ep_steps=1000
[InvertedPendulum-v4] run=2 seed= 55 t=  786,399  ep=2348  ep_reward=  1000.00  ep_steps=1000
[InvertedPendulum-v4] run=2 seed= 55 t=  787,399  ep=2349  ep_reward=  1000.00  ep_steps=1000
[InvertedPendulum-v4] run=2 seed= 55 t=  788,399  ep=2350  ep_reward=  1000.00  ep_steps=1000
[InvertedPendulum-v4] run=2 seed= 55 t=  789,399  ep=2351  ep_reward=  1000.00  ep_steps=1000
  *** Eval  t=  790,000  avg_reward=  1000.00  (10 eps)  elapsed=53.2min ***
[InvertedPendulum-v4] run=2 seed= 55 t=  790,399  ep=2352  ep_reward=  1000.00  ep_steps=1000
[InvertedPendulum-v4] run=2 seed= 55 t=  791,399  ep=2353  ep_reward=  1000.00  ep_steps=1000
[InvertedPendulum-v4] run=2 seed= 55 t=  792,399  ep=2354  ep_reward=  1000.00  ep_steps=1000
[InvertedPendulum-v4] run=2 seed= 55 t=  793,399  ep=2355  ep_reward=  1000.00  ep_steps=1000
[InvertedPendulum-v4] run=2 seed= 55 t=  794,399  ep=2356  ep_reward=  1000.00  ep_steps=1000
[InvertedPendulum-v4] run=2 seed= 55 t=  795,399  ep=2357  ep_reward=  1000.00  ep_steps=1000
[InvertedPendulum-v4] run=2 seed= 55 t=  796,399  ep=2358  ep_reward=  1000.00  ep_steps=1000
[InvertedPendulum-v4] run=2 seed= 55 t=  797,399  ep=2359  ep_reward=  1000.00  ep_steps=1000
[InvertedPendulum-v4] run=2 seed= 55 t=  798,399  ep=2360  ep_reward=  1000.00  ep_steps=1000
[InvertedPendulum-v4] run=2 seed= 55 t=  799,399  ep=2361  ep_reward=  1000.00  ep_steps=1000
  *** Eval  t=  800,000  avg_reward=  1000.00  (10 eps)  elapsed=53.8min ***
[InvertedPendulum-v4] run=2 seed= 55 t=  800,399  ep=2362  ep_reward=  1000.00  ep_steps=1000
[InvertedPendulum-v4] run=2 seed= 55 t=  801,399  ep=2363  ep_reward=  1000.00  ep_steps=1000
[InvertedPendulum-v4] run=2 seed= 55 t=  802,399  ep=2364  ep_reward=  1000.00  ep_steps=1000
[InvertedPendulum-v4] run=2 seed= 55 t=  803,399  ep=2365  ep_reward=  1000.00  ep_steps=1000
[InvertedPendulum-v4] run=2 seed= 55 t=  804,399  ep=2366  ep_reward=  1000.00  ep_steps=1000
[InvertedPendulum-v4] run=2 seed= 55 t=  805,399  ep=2367  ep_reward=  1000.00  ep_steps=1000
[InvertedPendulum-v4] run=2 seed= 55 t=  806,399  ep=2368  ep_reward=  1000.00  ep_steps=1000
[InvertedPendulum-v4] run=2 seed= 55 t=  807,399  ep=2369  ep_reward=  1000.00  ep_steps=1000
[InvertedPendulum-v4] run=2 seed= 55 t=  808,399  ep=2370  ep_reward=  1000.00  ep_steps=1000
[InvertedPendulum-v4] run=2 seed= 55 t=  809,399  ep=2371  ep_reward=  1000.00  ep_steps=1000
  *** Eval  t=  810,000  avg_reward=  1000.00  (10 eps)  elapsed=54.5min ***
[InvertedPendulum-v4] run=2 seed= 55 t=  810,399  ep=2372  ep_reward=  1000.00  ep_steps=1000
[InvertedPendulum-v4] run=2 seed= 55 t=  811,399  ep=2373  ep_reward=  1000.00  ep_steps=1000
[InvertedPendulum-v4] run=2 seed= 55 t=  812,399  ep=2374  ep_reward=  1000.00  ep_steps=1000
[InvertedPendulum-v4] run=2 seed= 55 t=  813,399  ep=2375  ep_reward=  1000.00  ep_steps=1000
[InvertedPendulum-v4] run=2 seed= 55 t=  814,399  ep=2376  ep_reward=  1000.00  ep_steps=1000
[InvertedPendulum-v4] run=2 seed= 55 t=  815,399  ep=2377  ep_reward=  1000.00  ep_steps=1000
[InvertedPendulum-v4] run=2 seed= 55 t=  816,399  ep=2378  ep_reward=  1000.00  ep_steps=1000
[InvertedPendulum-v4] run=2 seed= 55 t=  817,399  ep=2379  ep_reward=  1000.00  ep_steps=1000
[InvertedPendulum-v4] run=2 seed= 55 t=  818,399  ep=2380  ep_reward=  1000.00  ep_steps=1000
[InvertedPendulum-v4] run=2 seed= 55 t=  819,399  ep=2381  ep_reward=  1000.00  ep_steps=1000
  *** Eval  t=  820,000  avg_reward=  1000.00  (10 eps)  elapsed=55.2min ***
[InvertedPendulum-v4] run=2 seed= 55 t=  820,399  ep=2382  ep_reward=  1000.00  ep_steps=1000
[InvertedPendulum-v4] run=2 seed= 55 t=  821,399  ep=2383  ep_reward=  1000.00  ep_steps=1000
[InvertedPendulum-v4] run=2 seed= 55 t=  822,399  ep=2384  ep_reward=  1000.00  ep_steps=1000
[InvertedPendulum-v4] run=2 seed= 55 t=  823,399  ep=2385  ep_reward=  1000.00  ep_steps=1000
[InvertedPendulum-v4] run=2 seed= 55 t=  824,399  ep=2386  ep_reward=  1000.00  ep_steps=1000
[InvertedPendulum-v4] run=2 seed= 55 t=  825,399  ep=2387  ep_reward=  1000.00  ep_steps=1000
[InvertedPendulum-v4] run=2 seed= 55 t=  826,399  ep=2388  ep_reward=  1000.00  ep_steps=1000
[InvertedPendulum-v4] run=2 seed= 55 t=  827,399  ep=2389  ep_reward=  1000.00  ep_steps=1000
[InvertedPendulum-v4] run=2 seed= 55 t=  828,399  ep=2390  ep_reward=  1000.00  ep_steps=1000
[InvertedPendulum-v4] run=2 seed= 55 t=  829,399  ep=2391  ep_reward=  1000.00  ep_steps=1000
  *** Eval  t=  830,000  avg_reward=  1000.00  (10 eps)  elapsed=55.8min ***
[InvertedPendulum-v4] run=2 seed= 55 t=  830,399  ep=2392  ep_reward=  1000.00  ep_steps=1000
[InvertedPendulum-v4] run=2 seed= 55 t=  831,399  ep=2393  ep_reward=  1000.00  ep_steps=1000
[InvertedPendulum-v4] run=2 seed= 55 t=  832,399  ep=2394  ep_reward=  1000.00  ep_steps=1000
[InvertedPendulum-v4] run=2 seed= 55 t=  833,399  ep=2395  ep_reward=  1000.00  ep_steps=1000
[InvertedPendulum-v4] run=2 seed= 55 t=  834,399  ep=2396  ep_reward=  1000.00  ep_steps=1000
[InvertedPendulum-v4] run=2 seed= 55 t=  835,399  ep=2397  ep_reward=  1000.00  ep_steps=1000
[InvertedPendulum-v4] run=2 seed= 55 t=  836,399  ep=2398  ep_reward=  1000.00  ep_steps=1000
[InvertedPendulum-v4] run=2 seed= 55 t=  837,399  ep=2399  ep_reward=  1000.00  ep_steps=1000
[InvertedPendulum-v4] run=2 seed= 55 t=  838,399  ep=2400  ep_reward=  1000.00  ep_steps=1000
[InvertedPendulum-v4] run=2 seed= 55 t=  839,399  ep=2401  ep_reward=  1000.00  ep_steps=1000
  *** Eval  t=  840,000  avg_reward=  1000.00  (10 eps)  elapsed=56.5min ***
[InvertedPendulum-v4] run=2 seed= 55 t=  840,399  ep=2402  ep_reward=  1000.00  ep_steps=1000
[InvertedPendulum-v4] run=2 seed= 55 t=  841,399  ep=2403  ep_reward=  1000.00  ep_steps=1000
[InvertedPendulum-v4] run=2 seed= 55 t=  842,399  ep=2404  ep_reward=  1000.00  ep_steps=1000
[InvertedPendulum-v4] run=2 seed= 55 t=  843,399  ep=2405  ep_reward=  1000.00  ep_steps=1000
[InvertedPendulum-v4] run=2 seed= 55 t=  844,399  ep=2406  ep_reward=  1000.00  ep_steps=1000
[InvertedPendulum-v4] run=2 seed= 55 t=  845,399  ep=2407  ep_reward=  1000.00  ep_steps=1000
[InvertedPendulum-v4] run=2 seed= 55 t=  846,399  ep=2408  ep_reward=  1000.00  ep_steps=1000
[InvertedPendulum-v4] run=2 seed= 55 t=  847,399  ep=2409  ep_reward=  1000.00  ep_steps=1000
[InvertedPendulum-v4] run=2 seed= 55 t=  848,399  ep=2410  ep_reward=  1000.00  ep_steps=1000
[InvertedPendulum-v4] run=2 seed= 55 t=  849,399  ep=2411  ep_reward=  1000.00  ep_steps=1000
  *** Eval  t=  850,000  avg_reward=  1000.00  (10 eps)  elapsed=57.2min ***
[InvertedPendulum-v4] run=2 seed= 55 t=  850,399  ep=2412  ep_reward=  1000.00  ep_steps=1000
[InvertedPendulum-v4] run=2 seed= 55 t=  851,399  ep=2413  ep_reward=  1000.00  ep_steps=1000
[InvertedPendulum-v4] run=2 seed= 55 t=  852,399  ep=2414  ep_reward=  1000.00  ep_steps=1000
[InvertedPendulum-v4] run=2 seed= 55 t=  853,399  ep=2415  ep_reward=  1000.00  ep_steps=1000
[InvertedPendulum-v4] run=2 seed= 55 t=  854,399  ep=2416  ep_reward=  1000.00  ep_steps=1000
[InvertedPendulum-v4] run=2 seed= 55 t=  855,399  ep=2417  ep_reward=  1000.00  ep_steps=1000
[InvertedPendulum-v4] run=2 seed= 55 t=  856,399  ep=2418  ep_reward=  1000.00  ep_steps=1000
[InvertedPendulum-v4] run=2 seed= 55 t=  857,399  ep=2419  ep_reward=  1000.00  ep_steps=1000
[InvertedPendulum-v4] run=2 seed= 55 t=  858,399  ep=2420  ep_reward=  1000.00  ep_steps=1000
[InvertedPendulum-v4] run=2 seed= 55 t=  859,399  ep=2421  ep_reward=  1000.00  ep_steps=1000
  *** Eval  t=  860,000  avg_reward=  1000.00  (10 eps)  elapsed=57.9min ***
[InvertedPendulum-v4] run=2 seed= 55 t=  860,399  ep=2422  ep_reward=  1000.00  ep_steps=1000
[InvertedPendulum-v4] run=2 seed= 55 t=  861,399  ep=2423  ep_reward=  1000.00  ep_steps=1000
[InvertedPendulum-v4] run=2 seed= 55 t=  862,399  ep=2424  ep_reward=  1000.00  ep_steps=1000
[InvertedPendulum-v4] run=2 seed= 55 t=  863,399  ep=2425  ep_reward=  1000.00  ep_steps=1000
[InvertedPendulum-v4] run=2 seed= 55 t=  864,399  ep=2426  ep_reward=  1000.00  ep_steps=1000
[InvertedPendulum-v4] run=2 seed= 55 t=  865,399  ep=2427  ep_reward=  1000.00  ep_steps=1000
[InvertedPendulum-v4] run=2 seed= 55 t=  866,399  ep=2428  ep_reward=  1000.00  ep_steps=1000
[InvertedPendulum-v4] run=2 seed= 55 t=  867,399  ep=2429  ep_reward=  1000.00  ep_steps=1000
[InvertedPendulum-v4] run=2 seed= 55 t=  868,399  ep=2430  ep_reward=  1000.00  ep_steps=1000
[InvertedPendulum-v4] run=2 seed= 55 t=  869,399  ep=2431  ep_reward=  1000.00  ep_steps=1000
  *** Eval  t=  870,000  avg_reward=  1000.00  (10 eps)  elapsed=58.5min ***
[InvertedPendulum-v4] run=2 seed= 55 t=  870,399  ep=2432  ep_reward=  1000.00  ep_steps=1000
[InvertedPendulum-v4] run=2 seed= 55 t=  871,399  ep=2433  ep_reward=  1000.00  ep_steps=1000
[InvertedPendulum-v4] run=2 seed= 55 t=  872,399  ep=2434  ep_reward=  1000.00  ep_steps=1000
[InvertedPendulum-v4] run=2 seed= 55 t=  873,399  ep=2435  ep_reward=  1000.00  ep_steps=1000
[InvertedPendulum-v4] run=2 seed= 55 t=  874,399  ep=2436  ep_reward=  1000.00  ep_steps=1000
[InvertedPendulum-v4] run=2 seed= 55 t=  875,399  ep=2437  ep_reward=  1000.00  ep_steps=1000
[InvertedPendulum-v4] run=2 seed= 55 t=  876,399  ep=2438  ep_reward=  1000.00  ep_steps=1000
[InvertedPendulum-v4] run=2 seed= 55 t=  877,399  ep=2439  ep_reward=  1000.00  ep_steps=1000
[InvertedPendulum-v4] run=2 seed= 55 t=  878,399  ep=2440  ep_reward=  1000.00  ep_steps=1000
[InvertedPendulum-v4] run=2 seed= 55 t=  879,399  ep=2441  ep_reward=  1000.00  ep_steps=1000
  *** Eval  t=  880,000  avg_reward=  1000.00  (10 eps)  elapsed=59.2min ***
[InvertedPendulum-v4] run=2 seed= 55 t=  880,399  ep=2442  ep_reward=  1000.00  ep_steps=1000
[InvertedPendulum-v4] run=2 seed= 55 t=  881,399  ep=2443  ep_reward=  1000.00  ep_steps=1000
[InvertedPendulum-v4] run=2 seed= 55 t=  882,399  ep=2444  ep_reward=  1000.00  ep_steps=1000
[InvertedPendulum-v4] run=2 seed= 55 t=  883,399  ep=2445  ep_reward=  1000.00  ep_steps=1000
[InvertedPendulum-v4] run=2 seed= 55 t=  884,399  ep=2446  ep_reward=  1000.00  ep_steps=1000
[InvertedPendulum-v4] run=2 seed= 55 t=  885,399  ep=2447  ep_reward=  1000.00  ep_steps=1000
[InvertedPendulum-v4] run=2 seed= 55 t=  886,399  ep=2448  ep_reward=  1000.00  ep_steps=1000
[InvertedPendulum-v4] run=2 seed= 55 t=  887,399  ep=2449  ep_reward=  1000.00  ep_steps=1000
[InvertedPendulum-v4] run=2 seed= 55 t=  888,399  ep=2450  ep_reward=  1000.00  ep_steps=1000
[InvertedPendulum-v4] run=2 seed= 55 t=  889,399  ep=2451  ep_reward=  1000.00  ep_steps=1000
  *** Eval  t=  890,000  avg_reward=  1000.00  (10 eps)  elapsed=59.9min ***
[InvertedPendulum-v4] run=2 seed= 55 t=  890,399  ep=2452  ep_reward=  1000.00  ep_steps=1000
[InvertedPendulum-v4] run=2 seed= 55 t=  891,399  ep=2453  ep_reward=  1000.00  ep_steps=1000
[InvertedPendulum-v4] run=2 seed= 55 t=  892,399  ep=2454  ep_reward=  1000.00  ep_steps=1000
[InvertedPendulum-v4] run=2 seed= 55 t=  893,399  ep=2455  ep_reward=  1000.00  ep_steps=1000
[InvertedPendulum-v4] run=2 seed= 55 t=  894,399  ep=2456  ep_reward=  1000.00  ep_steps=1000
[InvertedPendulum-v4] run=2 seed= 55 t=  895,399  ep=2457  ep_reward=  1000.00  ep_steps=1000
[InvertedPendulum-v4] run=2 seed= 55 t=  896,399  ep=2458  ep_reward=  1000.00  ep_steps=1000
[InvertedPendulum-v4] run=2 seed= 55 t=  897,399  ep=2459  ep_reward=  1000.00  ep_steps=1000
[InvertedPendulum-v4] run=2 seed= 55 t=  898,399  ep=2460  ep_reward=  1000.00  ep_steps=1000
[InvertedPendulum-v4] run=2 seed= 55 t=  899,399  ep=2461  ep_reward=  1000.00  ep_steps=1000
  *** Eval  t=  900,000  avg_reward=  1000.00  (10 eps)  elapsed=60.5min ***
[InvertedPendulum-v4] run=2 seed= 55 t=  900,399  ep=2462  ep_reward=  1000.00  ep_steps=1000
[InvertedPendulum-v4] run=2 seed= 55 t=  901,399  ep=2463  ep_reward=  1000.00  ep_steps=1000
[InvertedPendulum-v4] run=2 seed= 55 t=  902,399  ep=2464  ep_reward=  1000.00  ep_steps=1000
[InvertedPendulum-v4] run=2 seed= 55 t=  903,399  ep=2465  ep_reward=  1000.00  ep_steps=1000
[InvertedPendulum-v4] run=2 seed= 55 t=  904,399  ep=2466  ep_reward=  1000.00  ep_steps=1000
[InvertedPendulum-v4] run=2 seed= 55 t=  905,399  ep=2467  ep_reward=  1000.00  ep_steps=1000
[InvertedPendulum-v4] run=2 seed= 55 t=  906,399  ep=2468  ep_reward=  1000.00  ep_steps=1000
[InvertedPendulum-v4] run=2 seed= 55 t=  907,399  ep=2469  ep_reward=  1000.00  ep_steps=1000
[InvertedPendulum-v4] run=2 seed= 55 t=  908,399  ep=2470  ep_reward=  1000.00  ep_steps=1000
[InvertedPendulum-v4] run=2 seed= 55 t=  909,399  ep=2471  ep_reward=  1000.00  ep_steps=1000
  *** Eval  t=  910,000  avg_reward=  1000.00  (10 eps)  elapsed=61.2min ***
[InvertedPendulum-v4] run=2 seed= 55 t=  910,399  ep=2472  ep_reward=  1000.00  ep_steps=1000
[InvertedPendulum-v4] run=2 seed= 55 t=  911,399  ep=2473  ep_reward=  1000.00  ep_steps=1000
[InvertedPendulum-v4] run=2 seed= 55 t=  912,399  ep=2474  ep_reward=  1000.00  ep_steps=1000
[InvertedPendulum-v4] run=2 seed= 55 t=  913,399  ep=2475  ep_reward=  1000.00  ep_steps=1000
[InvertedPendulum-v4] run=2 seed= 55 t=  914,399  ep=2476  ep_reward=  1000.00  ep_steps=1000
[InvertedPendulum-v4] run=2 seed= 55 t=  915,399  ep=2477  ep_reward=  1000.00  ep_steps=1000
[InvertedPendulum-v4] run=2 seed= 55 t=  916,399  ep=2478  ep_reward=  1000.00  ep_steps=1000
[InvertedPendulum-v4] run=2 seed= 55 t=  917,399  ep=2479  ep_reward=  1000.00  ep_steps=1000
[InvertedPendulum-v4] run=2 seed= 55 t=  918,399  ep=2480  ep_reward=  1000.00  ep_steps=1000
[InvertedPendulum-v4] run=2 seed= 55 t=  919,399  ep=2481  ep_reward=  1000.00  ep_steps=1000
  *** Eval  t=  920,000  avg_reward=  1000.00  (10 eps)  elapsed=61.9min ***
[InvertedPendulum-v4] run=2 seed= 55 t=  920,399  ep=2482  ep_reward=  1000.00  ep_steps=1000
[InvertedPendulum-v4] run=2 seed= 55 t=  921,399  ep=2483  ep_reward=  1000.00  ep_steps=1000
[InvertedPendulum-v4] run=2 seed= 55 t=  922,399  ep=2484  ep_reward=  1000.00  ep_steps=1000
[InvertedPendulum-v4] run=2 seed= 55 t=  923,399  ep=2485  ep_reward=  1000.00  ep_steps=1000
[InvertedPendulum-v4] run=2 seed= 55 t=  924,399  ep=2486  ep_reward=  1000.00  ep_steps=1000
[InvertedPendulum-v4] run=2 seed= 55 t=  925,399  ep=2487  ep_reward=  1000.00  ep_steps=1000
[InvertedPendulum-v4] run=2 seed= 55 t=  926,399  ep=2488  ep_reward=  1000.00  ep_steps=1000
[InvertedPendulum-v4] run=2 seed= 55 t=  927,399  ep=2489  ep_reward=  1000.00  ep_steps=1000
[InvertedPendulum-v4] run=2 seed= 55 t=  928,399  ep=2490  ep_reward=  1000.00  ep_steps=1000
[InvertedPendulum-v4] run=2 seed= 55 t=  929,399  ep=2491  ep_reward=  1000.00  ep_steps=1000
  *** Eval  t=  930,000  avg_reward=  1000.00  (10 eps)  elapsed=62.6min ***
[InvertedPendulum-v4] run=2 seed= 55 t=  930,399  ep=2492  ep_reward=  1000.00  ep_steps=1000
[InvertedPendulum-v4] run=2 seed= 55 t=  931,399  ep=2493  ep_reward=  1000.00  ep_steps=1000
[InvertedPendulum-v4] run=2 seed= 55 t=  931,520  ep=2494  ep_reward=   121.00  ep_steps=121
[InvertedPendulum-v4] run=2 seed= 55 t=  932,212  ep=2495  ep_reward=   692.00  ep_steps=692
[InvertedPendulum-v4] run=2 seed= 55 t=  933,212  ep=2496  ep_reward=  1000.00  ep_steps=1000
[InvertedPendulum-v4] run=2 seed= 55 t=  934,212  ep=2497  ep_reward=  1000.00  ep_steps=1000
[InvertedPendulum-v4] run=2 seed= 55 t=  935,212  ep=2498  ep_reward=  1000.00  ep_steps=1000
[InvertedPendulum-v4] run=2 seed= 55 t=  936,212  ep=2499  ep_reward=  1000.00  ep_steps=1000
[InvertedPendulum-v4] run=2 seed= 55 t=  937,212  ep=2500  ep_reward=  1000.00  ep_steps=1000
[InvertedPendulum-v4] run=2 seed= 55 t=  938,212  ep=2501  ep_reward=  1000.00  ep_steps=1000
[InvertedPendulum-v4] run=2 seed= 55 t=  939,212  ep=2502  ep_reward=  1000.00  ep_steps=1000
  *** Eval  t=  940,000  avg_reward=  1000.00  (10 eps)  elapsed=63.2min ***
[InvertedPendulum-v4] run=2 seed= 55 t=  940,212  ep=2503  ep_reward=  1000.00  ep_steps=1000
[InvertedPendulum-v4] run=2 seed= 55 t=  941,212  ep=2504  ep_reward=  1000.00  ep_steps=1000
[InvertedPendulum-v4] run=2 seed= 55 t=  942,212  ep=2505  ep_reward=  1000.00  ep_steps=1000
[InvertedPendulum-v4] run=2 seed= 55 t=  943,212  ep=2506  ep_reward=  1000.00  ep_steps=1000
[InvertedPendulum-v4] run=2 seed= 55 t=  944,212  ep=2507  ep_reward=  1000.00  ep_steps=1000
[InvertedPendulum-v4] run=2 seed= 55 t=  945,212  ep=2508  ep_reward=  1000.00  ep_steps=1000
[InvertedPendulum-v4] run=2 seed= 55 t=  946,212  ep=2509  ep_reward=  1000.00  ep_steps=1000
[InvertedPendulum-v4] run=2 seed= 55 t=  947,212  ep=2510  ep_reward=  1000.00  ep_steps=1000
[InvertedPendulum-v4] run=2 seed= 55 t=  948,212  ep=2511  ep_reward=  1000.00  ep_steps=1000
[InvertedPendulum-v4] run=2 seed= 55 t=  949,212  ep=2512  ep_reward=  1000.00  ep_steps=1000
  *** Eval  t=  950,000  avg_reward=  1000.00  (10 eps)  elapsed=63.9min ***
[InvertedPendulum-v4] run=2 seed= 55 t=  950,212  ep=2513  ep_reward=  1000.00  ep_steps=1000
[InvertedPendulum-v4] run=2 seed= 55 t=  951,212  ep=2514  ep_reward=  1000.00  ep_steps=1000
[InvertedPendulum-v4] run=2 seed= 55 t=  952,212  ep=2515  ep_reward=  1000.00  ep_steps=1000
[InvertedPendulum-v4] run=2 seed= 55 t=  953,212  ep=2516  ep_reward=  1000.00  ep_steps=1000
[InvertedPendulum-v4] run=2 seed= 55 t=  954,212  ep=2517  ep_reward=  1000.00  ep_steps=1000
[InvertedPendulum-v4] run=2 seed= 55 t=  955,212  ep=2518  ep_reward=  1000.00  ep_steps=1000
[InvertedPendulum-v4] run=2 seed= 55 t=  956,212  ep=2519  ep_reward=  1000.00  ep_steps=1000
[InvertedPendulum-v4] run=2 seed= 55 t=  957,212  ep=2520  ep_reward=  1000.00  ep_steps=1000
[InvertedPendulum-v4] run=2 seed= 55 t=  958,212  ep=2521  ep_reward=  1000.00  ep_steps=1000
[InvertedPendulum-v4] run=2 seed= 55 t=  959,212  ep=2522  ep_reward=  1000.00  ep_steps=1000
  *** Eval  t=  960,000  avg_reward=  1000.00  (10 eps)  elapsed=64.6min ***
[InvertedPendulum-v4] run=2 seed= 55 t=  960,084  ep=2523  ep_reward=   872.00  ep_steps=872
[InvertedPendulum-v4] run=2 seed= 55 t=  960,916  ep=2524  ep_reward=   832.00  ep_steps=832
[InvertedPendulum-v4] run=2 seed= 55 t=  961,092  ep=2525  ep_reward=   176.00  ep_steps=176
[InvertedPendulum-v4] run=2 seed= 55 t=  961,284  ep=2526  ep_reward=   192.00  ep_steps=192
[InvertedPendulum-v4] run=2 seed= 55 t=  961,490  ep=2527  ep_reward=   206.00  ep_steps=206
[InvertedPendulum-v4] run=2 seed= 55 t=  961,757  ep=2528  ep_reward=   267.00  ep_steps=267
[InvertedPendulum-v4] run=2 seed= 55 t=  962,016  ep=2529  ep_reward=   259.00  ep_steps=259
[InvertedPendulum-v4] run=2 seed= 55 t=  963,016  ep=2530  ep_reward=  1000.00  ep_steps=1000
[InvertedPendulum-v4] run=2 seed= 55 t=  964,016  ep=2531  ep_reward=  1000.00  ep_steps=1000
[InvertedPendulum-v4] run=2 seed= 55 t=  965,016  ep=2532  ep_reward=  1000.00  ep_steps=1000
[InvertedPendulum-v4] run=2 seed= 55 t=  966,016  ep=2533  ep_reward=  1000.00  ep_steps=1000
[InvertedPendulum-v4] run=2 seed= 55 t=  967,016  ep=2534  ep_reward=  1000.00  ep_steps=1000
[InvertedPendulum-v4] run=2 seed= 55 t=  968,016  ep=2535  ep_reward=  1000.00  ep_steps=1000
[InvertedPendulum-v4] run=2 seed= 55 t=  969,016  ep=2536  ep_reward=  1000.00  ep_steps=1000
  *** Eval  t=  970,000  avg_reward=  1000.00  (10 eps)  elapsed=65.2min ***
[InvertedPendulum-v4] run=2 seed= 55 t=  970,016  ep=2537  ep_reward=  1000.00  ep_steps=1000
[InvertedPendulum-v4] run=2 seed= 55 t=  971,016  ep=2538  ep_reward=  1000.00  ep_steps=1000
[InvertedPendulum-v4] run=2 seed= 55 t=  972,016  ep=2539  ep_reward=  1000.00  ep_steps=1000
[InvertedPendulum-v4] run=2 seed= 55 t=  973,016  ep=2540  ep_reward=  1000.00  ep_steps=1000
[InvertedPendulum-v4] run=2 seed= 55 t=  974,016  ep=2541  ep_reward=  1000.00  ep_steps=1000
[InvertedPendulum-v4] run=2 seed= 55 t=  975,016  ep=2542  ep_reward=  1000.00  ep_steps=1000
[InvertedPendulum-v4] run=2 seed= 55 t=  976,016  ep=2543  ep_reward=  1000.00  ep_steps=1000
[InvertedPendulum-v4] run=2 seed= 55 t=  977,016  ep=2544  ep_reward=  1000.00  ep_steps=1000
[InvertedPendulum-v4] run=2 seed= 55 t=  978,016  ep=2545  ep_reward=  1000.00  ep_steps=1000
[InvertedPendulum-v4] run=2 seed= 55 t=  979,016  ep=2546  ep_reward=  1000.00  ep_steps=1000
  *** Eval  t=  980,000  avg_reward=  1000.00  (10 eps)  elapsed=65.9min ***
[InvertedPendulum-v4] run=2 seed= 55 t=  980,016  ep=2547  ep_reward=  1000.00  ep_steps=1000
[InvertedPendulum-v4] run=2 seed= 55 t=  981,016  ep=2548  ep_reward=  1000.00  ep_steps=1000
[InvertedPendulum-v4] run=2 seed= 55 t=  982,016  ep=2549  ep_reward=  1000.00  ep_steps=1000
[InvertedPendulum-v4] run=2 seed= 55 t=  983,016  ep=2550  ep_reward=  1000.00  ep_steps=1000
[InvertedPendulum-v4] run=2 seed= 55 t=  984,016  ep=2551  ep_reward=  1000.00  ep_steps=1000
[InvertedPendulum-v4] run=2 seed= 55 t=  985,016  ep=2552  ep_reward=  1000.00  ep_steps=1000
[InvertedPendulum-v4] run=2 seed= 55 t=  986,016  ep=2553  ep_reward=  1000.00  ep_steps=1000
[InvertedPendulum-v4] run=2 seed= 55 t=  987,016  ep=2554  ep_reward=  1000.00  ep_steps=1000
[InvertedPendulum-v4] run=2 seed= 55 t=  988,016  ep=2555  ep_reward=  1000.00  ep_steps=1000
[InvertedPendulum-v4] run=2 seed= 55 t=  989,016  ep=2556  ep_reward=  1000.00  ep_steps=1000
  *** Eval  t=  990,000  avg_reward=  1000.00  (10 eps)  elapsed=66.6min ***
[InvertedPendulum-v4] run=2 seed= 55 t=  990,016  ep=2557  ep_reward=  1000.00  ep_steps=1000
[InvertedPendulum-v4] run=2 seed= 55 t=  991,016  ep=2558  ep_reward=  1000.00  ep_steps=1000
[InvertedPendulum-v4] run=2 seed= 55 t=  992,016  ep=2559  ep_reward=  1000.00  ep_steps=1000
[InvertedPendulum-v4] run=2 seed= 55 t=  993,016  ep=2560  ep_reward=  1000.00  ep_steps=1000
[InvertedPendulum-v4] run=2 seed= 55 t=  994,016  ep=2561  ep_reward=  1000.00  ep_steps=1000
[InvertedPendulum-v4] run=2 seed= 55 t=  995,016  ep=2562  ep_reward=  1000.00  ep_steps=1000
[InvertedPendulum-v4] run=2 seed= 55 t=  996,016  ep=2563  ep_reward=  1000.00  ep_steps=1000
[InvertedPendulum-v4] run=2 seed= 55 t=  997,016  ep=2564  ep_reward=  1000.00  ep_steps=1000
[InvertedPendulum-v4] run=2 seed= 55 t=  998,016  ep=2565  ep_reward=  1000.00  ep_steps=1000
[InvertedPendulum-v4] run=2 seed= 55 t=  999,016  ep=2566  ep_reward=  1000.00  ep_steps=1000
  *** Eval  t=1,000,000  avg_reward=  1000.00  (10 eps)  elapsed=67.3min ***
  Checkpoint → results/InvertedPendulum-v4_run2_seed55.pt

  Run 2 final eval reward: 1000.00

========================================================================
  InvertedPendulum-v4  |  Run 3/3  |  Seed 68
========================================================================
[InvertedPendulum-v4] run=3 seed= 68 t=        5  ep=   1  ep_reward=     5.00  ep_steps=5
[InvertedPendulum-v4] run=3 seed= 68 t=       12  ep=   2  ep_reward=     7.00  ep_steps=7
[InvertedPendulum-v4] run=3 seed= 68 t=       15  ep=   3  ep_reward=     3.00  ep_steps=3
[InvertedPendulum-v4] run=3 seed= 68 t=       18  ep=   4  ep_reward=     3.00  ep_steps=3
[InvertedPendulum-v4] run=3 seed= 68 t=       28  ep=   5  ep_reward=    10.00  ep_steps=10
[InvertedPendulum-v4] run=3 seed= 68 t=       31  ep=   6  ep_reward=     3.00  ep_steps=3
[InvertedPendulum-v4] run=3 seed= 68 t=       35  ep=   7  ep_reward=     4.00  ep_steps=4
[InvertedPendulum-v4] run=3 seed= 68 t=       42  ep=   8  ep_reward=     7.00  ep_steps=7
[InvertedPendulum-v4] run=3 seed= 68 t=       49  ep=   9  ep_reward=     7.00  ep_steps=7
[InvertedPendulum-v4] run=3 seed= 68 t=       52  ep=  10  ep_reward=     3.00  ep_steps=3
[InvertedPendulum-v4] run=3 seed= 68 t=       65  ep=  11  ep_reward=    13.00  ep_steps=13
[InvertedPendulum-v4] run=3 seed= 68 t=       73  ep=  12  ep_reward=     8.00  ep_steps=8
[InvertedPendulum-v4] run=3 seed= 68 t=       83  ep=  13  ep_reward=    10.00  ep_steps=10
[InvertedPendulum-v4] run=3 seed= 68 t=       88  ep=  14  ep_reward=     5.00  ep_steps=5
[InvertedPendulum-v4] run=3 seed= 68 t=      104  ep=  15  ep_reward=    16.00  ep_steps=16
[InvertedPendulum-v4] run=3 seed= 68 t=      115  ep=  16  ep_reward=    11.00  ep_steps=11
[InvertedPendulum-v4] run=3 seed= 68 t=      125  ep=  17  ep_reward=    10.00  ep_steps=10
[InvertedPendulum-v4] run=3 seed= 68 t=      129  ep=  18  ep_reward=     4.00  ep_steps=4
[InvertedPendulum-v4] run=3 seed= 68 t=      133  ep=  19  ep_reward=     4.00  ep_steps=4
[InvertedPendulum-v4] run=3 seed= 68 t=      142  ep=  20  ep_reward=     9.00  ep_steps=9
[InvertedPendulum-v4] run=3 seed= 68 t=      148  ep=  21  ep_reward=     6.00  ep_steps=6
[InvertedPendulum-v4] run=3 seed= 68 t=      153  ep=  22  ep_reward=     5.00  ep_steps=5
[InvertedPendulum-v4] run=3 seed= 68 t=      156  ep=  23  ep_reward=     3.00  ep_steps=3
[InvertedPendulum-v4] run=3 seed= 68 t=      160  ep=  24  ep_reward=     4.00  ep_steps=4
[InvertedPendulum-v4] run=3 seed= 68 t=      165  ep=  25  ep_reward=     5.00  ep_steps=5
[InvertedPendulum-v4] run=3 seed= 68 t=      177  ep=  26  ep_reward=    12.00  ep_steps=12
[InvertedPendulum-v4] run=3 seed= 68 t=      182  ep=  27  ep_reward=     5.00  ep_steps=5
[InvertedPendulum-v4] run=3 seed= 68 t=      186  ep=  28  ep_reward=     4.00  ep_steps=4
[InvertedPendulum-v4] run=3 seed= 68 t=      189  ep=  29  ep_reward=     3.00  ep_steps=3
[InvertedPendulum-v4] run=3 seed= 68 t=      193  ep=  30  ep_reward=     4.00  ep_steps=4
[InvertedPendulum-v4] run=3 seed= 68 t=      199  ep=  31  ep_reward=     6.00  ep_steps=6
[InvertedPendulum-v4] run=3 seed= 68 t=      203  ep=  32  ep_reward=     4.00  ep_steps=4
[InvertedPendulum-v4] run=3 seed= 68 t=      206  ep=  33  ep_reward=     3.00  ep_steps=3
[InvertedPendulum-v4] run=3 seed= 68 t=      214  ep=  34  ep_reward=     8.00  ep_steps=8
[InvertedPendulum-v4] run=3 seed= 68 t=      222  ep=  35  ep_reward=     8.00  ep_steps=8
[InvertedPendulum-v4] run=3 seed= 68 t=      227  ep=  36  ep_reward=     5.00  ep_steps=5
[InvertedPendulum-v4] run=3 seed= 68 t=      231  ep=  37  ep_reward=     4.00  ep_steps=4
[InvertedPendulum-v4] run=3 seed= 68 t=      235  ep=  38  ep_reward=     4.00  ep_steps=4
[InvertedPendulum-v4] run=3 seed= 68 t=      244  ep=  39  ep_reward=     9.00  ep_steps=9
[InvertedPendulum-v4] run=3 seed= 68 t=      248  ep=  40  ep_reward=     4.00  ep_steps=4
[InvertedPendulum-v4] run=3 seed= 68 t=      251  ep=  41  ep_reward=     3.00  ep_steps=3
[InvertedPendulum-v4] run=3 seed= 68 t=      258  ep=  42  ep_reward=     7.00  ep_steps=7
[InvertedPendulum-v4] run=3 seed= 68 t=      261  ep=  43  ep_reward=     3.00  ep_steps=3
[InvertedPendulum-v4] run=3 seed= 68 t=      267  ep=  44  ep_reward=     6.00  ep_steps=6
[InvertedPendulum-v4] run=3 seed= 68 t=      274  ep=  45  ep_reward=     7.00  ep_steps=7
[InvertedPendulum-v4] run=3 seed= 68 t=      278  ep=  46  ep_reward=     4.00  ep_steps=4
[InvertedPendulum-v4] run=3 seed= 68 t=      281  ep=  47  ep_reward=     3.00  ep_steps=3
[InvertedPendulum-v4] run=3 seed= 68 t=      284  ep=  48  ep_reward=     3.00  ep_steps=3
[InvertedPendulum-v4] run=3 seed= 68 t=      289  ep=  49  ep_reward=     5.00  ep_steps=5
[InvertedPendulum-v4] run=3 seed= 68 t=      295  ep=  50  ep_reward=     6.00  ep_steps=6
[InvertedPendulum-v4] run=3 seed= 68 t=      298  ep=  51  ep_reward=     3.00  ep_steps=3
[InvertedPendulum-v4] run=3 seed= 68 t=      303  ep=  52  ep_reward=     5.00  ep_steps=5
[InvertedPendulum-v4] run=3 seed= 68 t=      311  ep=  53  ep_reward=     8.00  ep_steps=8
[InvertedPendulum-v4] run=3 seed= 68 t=      320  ep=  54  ep_reward=     9.00  ep_steps=9
[InvertedPendulum-v4] run=3 seed= 68 t=      327  ep=  55  ep_reward=     7.00  ep_steps=7
[InvertedPendulum-v4] run=3 seed= 68 t=      333  ep=  56  ep_reward=     6.00  ep_steps=6
[InvertedPendulum-v4] run=3 seed= 68 t=      336  ep=  57  ep_reward=     3.00  ep_steps=3
[InvertedPendulum-v4] run=3 seed= 68 t=      343  ep=  58  ep_reward=     7.00  ep_steps=7
[InvertedPendulum-v4] run=3 seed= 68 t=      347  ep=  59  ep_reward=     4.00  ep_steps=4
[InvertedPendulum-v4] run=3 seed= 68 t=      350  ep=  60  ep_reward=     3.00  ep_steps=3
[InvertedPendulum-v4] run=3 seed= 68 t=      355  ep=  61  ep_reward=     5.00  ep_steps=5
[InvertedPendulum-v4] run=3 seed= 68 t=      358  ep=  62  ep_reward=     3.00  ep_steps=3
[InvertedPendulum-v4] run=3 seed= 68 t=      362  ep=  63  ep_reward=     4.00  ep_steps=4
[InvertedPendulum-v4] run=3 seed= 68 t=      367  ep=  64  ep_reward=     5.00  ep_steps=5
[InvertedPendulum-v4] run=3 seed= 68 t=      374  ep=  65  ep_reward=     7.00  ep_steps=7
[InvertedPendulum-v4] run=3 seed= 68 t=      377  ep=  66  ep_reward=     3.00  ep_steps=3
[InvertedPendulum-v4] run=3 seed= 68 t=      394  ep=  67  ep_reward=    17.00  ep_steps=17
[InvertedPendulum-v4] run=3 seed= 68 t=      401  ep=  68  ep_reward=     7.00  ep_steps=7
[InvertedPendulum-v4] run=3 seed= 68 t=      410  ep=  69  ep_reward=     9.00  ep_steps=9
[InvertedPendulum-v4] run=3 seed= 68 t=      413  ep=  70  ep_reward=     3.00  ep_steps=3
[InvertedPendulum-v4] run=3 seed= 68 t=      426  ep=  71  ep_reward=    13.00  ep_steps=13
[InvertedPendulum-v4] run=3 seed= 68 t=      430  ep=  72  ep_reward=     4.00  ep_steps=4
[InvertedPendulum-v4] run=3 seed= 68 t=      434  ep=  73  ep_reward=     4.00  ep_steps=4
[InvertedPendulum-v4] run=3 seed= 68 t=      441  ep=  74  ep_reward=     7.00  ep_steps=7
[InvertedPendulum-v4] run=3 seed= 68 t=      444  ep=  75  ep_reward=     3.00  ep_steps=3
[InvertedPendulum-v4] run=3 seed= 68 t=      448  ep=  76  ep_reward=     4.00  ep_steps=4
[InvertedPendulum-v4] run=3 seed= 68 t=      451  ep=  77  ep_reward=     3.00  ep_steps=3
[InvertedPendulum-v4] run=3 seed= 68 t=      463  ep=  78  ep_reward=    12.00  ep_steps=12
[InvertedPendulum-v4] run=3 seed= 68 t=      471  ep=  79  ep_reward=     8.00  ep_steps=8
[InvertedPendulum-v4] run=3 seed= 68 t=      474  ep=  80  ep_reward=     3.00  ep_steps=3
[InvertedPendulum-v4] run=3 seed= 68 t=      481  ep=  81  ep_reward=     7.00  ep_steps=7
[InvertedPendulum-v4] run=3 seed= 68 t=      497  ep=  82  ep_reward=    16.00  ep_steps=16
[InvertedPendulum-v4] run=3 seed= 68 t=      504  ep=  83  ep_reward=     7.00  ep_steps=7
[InvertedPendulum-v4] run=3 seed= 68 t=      507  ep=  84  ep_reward=     3.00  ep_steps=3
[InvertedPendulum-v4] run=3 seed= 68 t=      513  ep=  85  ep_reward=     6.00  ep_steps=6
[InvertedPendulum-v4] run=3 seed= 68 t=      517  ep=  86  ep_reward=     4.00  ep_steps=4
[InvertedPendulum-v4] run=3 seed= 68 t=      524  ep=  87  ep_reward=     7.00  ep_steps=7
[InvertedPendulum-v4] run=3 seed= 68 t=      531  ep=  88  ep_reward=     7.00  ep_steps=7
[InvertedPendulum-v4] run=3 seed= 68 t=      538  ep=  89  ep_reward=     7.00  ep_steps=7
[InvertedPendulum-v4] run=3 seed= 68 t=      541  ep=  90  ep_reward=     3.00  ep_steps=3
[InvertedPendulum-v4] run=3 seed= 68 t=      554  ep=  91  ep_reward=    13.00  ep_steps=13
[InvertedPendulum-v4] run=3 seed= 68 t=      559  ep=  92  ep_reward=     5.00  ep_steps=5
[InvertedPendulum-v4] run=3 seed= 68 t=      566  ep=  93  ep_reward=     7.00  ep_steps=7
[InvertedPendulum-v4] run=3 seed= 68 t=      571  ep=  94  ep_reward=     5.00  ep_steps=5
[InvertedPendulum-v4] run=3 seed= 68 t=      580  ep=  95  ep_reward=     9.00  ep_steps=9
[InvertedPendulum-v4] run=3 seed= 68 t=      584  ep=  96  ep_reward=     4.00  ep_steps=4
[InvertedPendulum-v4] run=3 seed= 68 t=      593  ep=  97  ep_reward=     9.00  ep_steps=9
[InvertedPendulum-v4] run=3 seed= 68 t=      599  ep=  98  ep_reward=     6.00  ep_steps=6
[InvertedPendulum-v4] run=3 seed= 68 t=      610  ep=  99  ep_reward=    11.00  ep_steps=11
[InvertedPendulum-v4] run=3 seed= 68 t=      614  ep= 100  ep_reward=     4.00  ep_steps=4
[InvertedPendulum-v4] run=3 seed= 68 t=      621  ep= 101  ep_reward=     7.00  ep_steps=7
[InvertedPendulum-v4] run=3 seed= 68 t=      625  ep= 102  ep_reward=     4.00  ep_steps=4
[InvertedPendulum-v4] run=3 seed= 68 t=      632  ep= 103  ep_reward=     7.00  ep_steps=7
[InvertedPendulum-v4] run=3 seed= 68 t=      637  ep= 104  ep_reward=     5.00  ep_steps=5
[InvertedPendulum-v4] run=3 seed= 68 t=      645  ep= 105  ep_reward=     8.00  ep_steps=8
[InvertedPendulum-v4] run=3 seed= 68 t=      655  ep= 106  ep_reward=    10.00  ep_steps=10
[InvertedPendulum-v4] run=3 seed= 68 t=      658  ep= 107  ep_reward=     3.00  ep_steps=3
[InvertedPendulum-v4] run=3 seed= 68 t=      663  ep= 108  ep_reward=     5.00  ep_steps=5
[InvertedPendulum-v4] run=3 seed= 68 t=      666  ep= 109  ep_reward=     3.00  ep_steps=3
[InvertedPendulum-v4] run=3 seed= 68 t=      677  ep= 110  ep_reward=    11.00  ep_steps=11
[InvertedPendulum-v4] run=3 seed= 68 t=      681  ep= 111  ep_reward=     4.00  ep_steps=4
[InvertedPendulum-v4] run=3 seed= 68 t=      684  ep= 112  ep_reward=     3.00  ep_steps=3
[InvertedPendulum-v4] run=3 seed= 68 t=      699  ep= 113  ep_reward=    15.00  ep_steps=15
[InvertedPendulum-v4] run=3 seed= 68 t=      707  ep= 114  ep_reward=     8.00  ep_steps=8
[InvertedPendulum-v4] run=3 seed= 68 t=      713  ep= 115  ep_reward=     6.00  ep_steps=6
[InvertedPendulum-v4] run=3 seed= 68 t=      720  ep= 116  ep_reward=     7.00  ep_steps=7
[InvertedPendulum-v4] run=3 seed= 68 t=      726  ep= 117  ep_reward=     6.00  ep_steps=6
[InvertedPendulum-v4] run=3 seed= 68 t=      732  ep= 118  ep_reward=     6.00  ep_steps=6
[InvertedPendulum-v4] run=3 seed= 68 t=      736  ep= 119  ep_reward=     4.00  ep_steps=4
[InvertedPendulum-v4] run=3 seed= 68 t=      741  ep= 120  ep_reward=     5.00  ep_steps=5
[InvertedPendulum-v4] run=3 seed= 68 t=      749  ep= 121  ep_reward=     8.00  ep_steps=8
[InvertedPendulum-v4] run=3 seed= 68 t=      756  ep= 122  ep_reward=     7.00  ep_steps=7
[InvertedPendulum-v4] run=3 seed= 68 t=      761  ep= 123  ep_reward=     5.00  ep_steps=5
[InvertedPendulum-v4] run=3 seed= 68 t=      766  ep= 124  ep_reward=     5.00  ep_steps=5
[InvertedPendulum-v4] run=3 seed= 68 t=      769  ep= 125  ep_reward=     3.00  ep_steps=3
[InvertedPendulum-v4] run=3 seed= 68 t=      775  ep= 126  ep_reward=     6.00  ep_steps=6
[InvertedPendulum-v4] run=3 seed= 68 t=      781  ep= 127  ep_reward=     6.00  ep_steps=6
[InvertedPendulum-v4] run=3 seed= 68 t=      793  ep= 128  ep_reward=    12.00  ep_steps=12
[InvertedPendulum-v4] run=3 seed= 68 t=      796  ep= 129  ep_reward=     3.00  ep_steps=3
[InvertedPendulum-v4] run=3 seed= 68 t=      800  ep= 130  ep_reward=     4.00  ep_steps=4
[InvertedPendulum-v4] run=3 seed= 68 t=      804  ep= 131  ep_reward=     4.00  ep_steps=4
[InvertedPendulum-v4] run=3 seed= 68 t=      808  ep= 132  ep_reward=     4.00  ep_steps=4
[InvertedPendulum-v4] run=3 seed= 68 t=      816  ep= 133  ep_reward=     8.00  ep_steps=8
[InvertedPendulum-v4] run=3 seed= 68 t=      820  ep= 134  ep_reward=     4.00  ep_steps=4
[InvertedPendulum-v4] run=3 seed= 68 t=      831  ep= 135  ep_reward=    11.00  ep_steps=11
[InvertedPendulum-v4] run=3 seed= 68 t=      835  ep= 136  ep_reward=     4.00  ep_steps=4
[InvertedPendulum-v4] run=3 seed= 68 t=      839  ep= 137  ep_reward=     4.00  ep_steps=4
[InvertedPendulum-v4] run=3 seed= 68 t=      842  ep= 138  ep_reward=     3.00  ep_steps=3
[InvertedPendulum-v4] run=3 seed= 68 t=      851  ep= 139  ep_reward=     9.00  ep_steps=9
[InvertedPendulum-v4] run=3 seed= 68 t=      856  ep= 140  ep_reward=     5.00  ep_steps=5
[InvertedPendulum-v4] run=3 seed= 68 t=      859  ep= 141  ep_reward=     3.00  ep_steps=3
[InvertedPendulum-v4] run=3 seed= 68 t=      862  ep= 142  ep_reward=     3.00  ep_steps=3
[InvertedPendulum-v4] run=3 seed= 68 t=      874  ep= 143  ep_reward=    12.00  ep_steps=12
[InvertedPendulum-v4] run=3 seed= 68 t=      878  ep= 144  ep_reward=     4.00  ep_steps=4
[InvertedPendulum-v4] run=3 seed= 68 t=      883  ep= 145  ep_reward=     5.00  ep_steps=5
[InvertedPendulum-v4] run=3 seed= 68 t=      886  ep= 146  ep_reward=     3.00  ep_steps=3
[InvertedPendulum-v4] run=3 seed= 68 t=      890  ep= 147  ep_reward=     4.00  ep_steps=4
[InvertedPendulum-v4] run=3 seed= 68 t=      893  ep= 148  ep_reward=     3.00  ep_steps=3
[InvertedPendulum-v4] run=3 seed= 68 t=      898  ep= 149  ep_reward=     5.00  ep_steps=5
[InvertedPendulum-v4] run=3 seed= 68 t=      901  ep= 150  ep_reward=     3.00  ep_steps=3
[InvertedPendulum-v4] run=3 seed= 68 t=      907  ep= 151  ep_reward=     6.00  ep_steps=6
[InvertedPendulum-v4] run=3 seed= 68 t=      912  ep= 152  ep_reward=     5.00  ep_steps=5
[InvertedPendulum-v4] run=3 seed= 68 t=      916  ep= 153  ep_reward=     4.00  ep_steps=4
[InvertedPendulum-v4] run=3 seed= 68 t=      932  ep= 154  ep_reward=    16.00  ep_steps=16
[InvertedPendulum-v4] run=3 seed= 68 t=      935  ep= 155  ep_reward=     3.00  ep_steps=3
[InvertedPendulum-v4] run=3 seed= 68 t=      948  ep= 156  ep_reward=    13.00  ep_steps=13
[InvertedPendulum-v4] run=3 seed= 68 t=      952  ep= 157  ep_reward=     4.00  ep_steps=4
[InvertedPendulum-v4] run=3 seed= 68 t=      972  ep= 158  ep_reward=    20.00  ep_steps=20
[InvertedPendulum-v4] run=3 seed= 68 t=      978  ep= 159  ep_reward=     6.00  ep_steps=6
[InvertedPendulum-v4] run=3 seed= 68 t=      993  ep= 160  ep_reward=    15.00  ep_steps=15
[InvertedPendulum-v4] run=3 seed= 68 t=      999  ep= 161  ep_reward=     6.00  ep_steps=6
[InvertedPendulum-v4] run=3 seed= 68 t=    1,002  ep= 162  ep_reward=     3.00  ep_steps=3
[InvertedPendulum-v4] run=3 seed= 68 t=    1,015  ep= 163  ep_reward=    13.00  ep_steps=13
[InvertedPendulum-v4] run=3 seed= 68 t=    1,023  ep= 164  ep_reward=     8.00  ep_steps=8
[InvertedPendulum-v4] run=3 seed= 68 t=    1,027  ep= 165  ep_reward=     4.00  ep_steps=4
[InvertedPendulum-v4] run=3 seed= 68 t=    1,037  ep= 166  ep_reward=    10.00  ep_steps=10
[InvertedPendulum-v4] run=3 seed= 68 t=    1,042  ep= 167  ep_reward=     5.00  ep_steps=5
[InvertedPendulum-v4] run=3 seed= 68 t=    1,046  ep= 168  ep_reward=     4.00  ep_steps=4
[InvertedPendulum-v4] run=3 seed= 68 t=    1,052  ep= 169  ep_reward=     6.00  ep_steps=6
[InvertedPendulum-v4] run=3 seed= 68 t=    1,055  ep= 170  ep_reward=     3.00  ep_steps=3
[InvertedPendulum-v4] run=3 seed= 68 t=    1,059  ep= 171  ep_reward=     4.00  ep_steps=4
[InvertedPendulum-v4] run=3 seed= 68 t=    1,071  ep= 172  ep_reward=    12.00  ep_steps=12
[InvertedPendulum-v4] run=3 seed= 68 t=    1,076  ep= 173  ep_reward=     5.00  ep_steps=5
[InvertedPendulum-v4] run=3 seed= 68 t=    1,103  ep= 174  ep_reward=    27.00  ep_steps=27
[InvertedPendulum-v4] run=3 seed= 68 t=    1,108  ep= 175  ep_reward=     5.00  ep_steps=5
[InvertedPendulum-v4] run=3 seed= 68 t=    1,114  ep= 176  ep_reward=     6.00  ep_steps=6
[InvertedPendulum-v4] run=3 seed= 68 t=    1,118  ep= 177  ep_reward=     4.00  ep_steps=4
[InvertedPendulum-v4] run=3 seed= 68 t=    1,121  ep= 178  ep_reward=     3.00  ep_steps=3
[InvertedPendulum-v4] run=3 seed= 68 t=    1,124  ep= 179  ep_reward=     3.00  ep_steps=3
[InvertedPendulum-v4] run=3 seed= 68 t=    1,133  ep= 180  ep_reward=     9.00  ep_steps=9
[InvertedPendulum-v4] run=3 seed= 68 t=    1,138  ep= 181  ep_reward=     5.00  ep_steps=5
[InvertedPendulum-v4] run=3 seed= 68 t=    1,154  ep= 182  ep_reward=    16.00  ep_steps=16
[InvertedPendulum-v4] run=3 seed= 68 t=    1,160  ep= 183  ep_reward=     6.00  ep_steps=6
[InvertedPendulum-v4] run=3 seed= 68 t=    1,166  ep= 184  ep_reward=     6.00  ep_steps=6
[InvertedPendulum-v4] run=3 seed= 68 t=    1,175  ep= 185  ep_reward=     9.00  ep_steps=9
[InvertedPendulum-v4] run=3 seed= 68 t=    1,183  ep= 186  ep_reward=     8.00  ep_steps=8
[InvertedPendulum-v4] run=3 seed= 68 t=    1,188  ep= 187  ep_reward=     5.00  ep_steps=5
[InvertedPendulum-v4] run=3 seed= 68 t=    1,192  ep= 188  ep_reward=     4.00  ep_steps=4
[InvertedPendulum-v4] run=3 seed= 68 t=    1,198  ep= 189  ep_reward=     6.00  ep_steps=6
[InvertedPendulum-v4] run=3 seed= 68 t=    1,211  ep= 190  ep_reward=    13.00  ep_steps=13
[InvertedPendulum-v4] run=3 seed= 68 t=    1,217  ep= 191  ep_reward=     6.00  ep_steps=6
[InvertedPendulum-v4] run=3 seed= 68 t=    1,224  ep= 192  ep_reward=     7.00  ep_steps=7
[InvertedPendulum-v4] run=3 seed= 68 t=    1,227  ep= 193  ep_reward=     3.00  ep_steps=3
[InvertedPendulum-v4] run=3 seed= 68 t=    1,232  ep= 194  ep_reward=     5.00  ep_steps=5
[InvertedPendulum-v4] run=3 seed= 68 t=    1,247  ep= 195  ep_reward=    15.00  ep_steps=15
[InvertedPendulum-v4] run=3 seed= 68 t=    1,252  ep= 196  ep_reward=     5.00  ep_steps=5
[InvertedPendulum-v4] run=3 seed= 68 t=    1,257  ep= 197  ep_reward=     5.00  ep_steps=5
[InvertedPendulum-v4] run=3 seed= 68 t=    1,268  ep= 198  ep_reward=    11.00  ep_steps=11
[InvertedPendulum-v4] run=3 seed= 68 t=    1,275  ep= 199  ep_reward=     7.00  ep_steps=7
[InvertedPendulum-v4] run=3 seed= 68 t=    1,282  ep= 200  ep_reward=     7.00  ep_steps=7
[InvertedPendulum-v4] run=3 seed= 68 t=    1,287  ep= 201  ep_reward=     5.00  ep_steps=5
[InvertedPendulum-v4] run=3 seed= 68 t=    1,292  ep= 202  ep_reward=     5.00  ep_steps=5
[InvertedPendulum-v4] run=3 seed= 68 t=    1,300  ep= 203  ep_reward=     8.00  ep_steps=8
[InvertedPendulum-v4] run=3 seed= 68 t=    1,303  ep= 204  ep_reward=     3.00  ep_steps=3
[InvertedPendulum-v4] run=3 seed= 68 t=    1,315  ep= 205  ep_reward=    12.00  ep_steps=12
[InvertedPendulum-v4] run=3 seed= 68 t=    1,318  ep= 206  ep_reward=     3.00  ep_steps=3
[InvertedPendulum-v4] run=3 seed= 68 t=    1,321  ep= 207  ep_reward=     3.00  ep_steps=3
[InvertedPendulum-v4] run=3 seed= 68 t=    1,324  ep= 208  ep_reward=     3.00  ep_steps=3
[InvertedPendulum-v4] run=3 seed= 68 t=    1,327  ep= 209  ep_reward=     3.00  ep_steps=3
[InvertedPendulum-v4] run=3 seed= 68 t=    1,333  ep= 210  ep_reward=     6.00  ep_steps=6
[InvertedPendulum-v4] run=3 seed= 68 t=    1,337  ep= 211  ep_reward=     4.00  ep_steps=4
[InvertedPendulum-v4] run=3 seed= 68 t=    1,344  ep= 212  ep_reward=     7.00  ep_steps=7
[InvertedPendulum-v4] run=3 seed= 68 t=    1,348  ep= 213  ep_reward=     4.00  ep_steps=4
[InvertedPendulum-v4] run=3 seed= 68 t=    1,355  ep= 214  ep_reward=     7.00  ep_steps=7
[InvertedPendulum-v4] run=3 seed= 68 t=    1,358  ep= 215  ep_reward=     3.00  ep_steps=3
[InvertedPendulum-v4] run=3 seed= 68 t=    1,365  ep= 216  ep_reward=     7.00  ep_steps=7
[InvertedPendulum-v4] run=3 seed= 68 t=    1,369  ep= 217  ep_reward=     4.00  ep_steps=4
[InvertedPendulum-v4] run=3 seed= 68 t=    1,387  ep= 218  ep_reward=    18.00  ep_steps=18
[InvertedPendulum-v4] run=3 seed= 68 t=    1,390  ep= 219  ep_reward=     3.00  ep_steps=3
[InvertedPendulum-v4] run=3 seed= 68 t=    1,394  ep= 220  ep_reward=     4.00  ep_steps=4
[InvertedPendulum-v4] run=3 seed= 68 t=    1,401  ep= 221  ep_reward=     7.00  ep_steps=7
[InvertedPendulum-v4] run=3 seed= 68 t=    1,406  ep= 222  ep_reward=     5.00  ep_steps=5
[InvertedPendulum-v4] run=3 seed= 68 t=    1,410  ep= 223  ep_reward=     4.00  ep_steps=4
[InvertedPendulum-v4] run=3 seed= 68 t=    1,417  ep= 224  ep_reward=     7.00  ep_steps=7
[InvertedPendulum-v4] run=3 seed= 68 t=    1,421  ep= 225  ep_reward=     4.00  ep_steps=4
[InvertedPendulum-v4] run=3 seed= 68 t=    1,428  ep= 226  ep_reward=     7.00  ep_steps=7
[InvertedPendulum-v4] run=3 seed= 68 t=    1,432  ep= 227  ep_reward=     4.00  ep_steps=4
[InvertedPendulum-v4] run=3 seed= 68 t=    1,435  ep= 228  ep_reward=     3.00  ep_steps=3
[InvertedPendulum-v4] run=3 seed= 68 t=    1,442  ep= 229  ep_reward=     7.00  ep_steps=7
[InvertedPendulum-v4] run=3 seed= 68 t=    1,448  ep= 230  ep_reward=     6.00  ep_steps=6
[InvertedPendulum-v4] run=3 seed= 68 t=    1,454  ep= 231  ep_reward=     6.00  ep_steps=6
[InvertedPendulum-v4] run=3 seed= 68 t=    1,457  ep= 232  ep_reward=     3.00  ep_steps=3
[InvertedPendulum-v4] run=3 seed= 68 t=    1,462  ep= 233  ep_reward=     5.00  ep_steps=5
[InvertedPendulum-v4] run=3 seed= 68 t=    1,468  ep= 234  ep_reward=     6.00  ep_steps=6
[InvertedPendulum-v4] run=3 seed= 68 t=    1,477  ep= 235  ep_reward=     9.00  ep_steps=9
[InvertedPendulum-v4] run=3 seed= 68 t=    1,488  ep= 236  ep_reward=    11.00  ep_steps=11
[InvertedPendulum-v4] run=3 seed= 68 t=    1,496  ep= 237  ep_reward=     8.00  ep_steps=8
[InvertedPendulum-v4] run=3 seed= 68 t=    1,504  ep= 238  ep_reward=     8.00  ep_steps=8
[InvertedPendulum-v4] run=3 seed= 68 t=    1,509  ep= 239  ep_reward=     5.00  ep_steps=5
[InvertedPendulum-v4] run=3 seed= 68 t=    1,512  ep= 240  ep_reward=     3.00  ep_steps=3
[InvertedPendulum-v4] run=3 seed= 68 t=    1,518  ep= 241  ep_reward=     6.00  ep_steps=6
[InvertedPendulum-v4] run=3 seed= 68 t=    1,522  ep= 242  ep_reward=     4.00  ep_steps=4
[InvertedPendulum-v4] run=3 seed= 68 t=    1,525  ep= 243  ep_reward=     3.00  ep_steps=3
[InvertedPendulum-v4] run=3 seed= 68 t=    1,531  ep= 244  ep_reward=     6.00  ep_steps=6
[InvertedPendulum-v4] run=3 seed= 68 t=    1,538  ep= 245  ep_reward=     7.00  ep_steps=7
[InvertedPendulum-v4] run=3 seed= 68 t=    1,542  ep= 246  ep_reward=     4.00  ep_steps=4
[InvertedPendulum-v4] run=3 seed= 68 t=    1,548  ep= 247  ep_reward=     6.00  ep_steps=6
[InvertedPendulum-v4] run=3 seed= 68 t=    1,556  ep= 248  ep_reward=     8.00  ep_steps=8
[InvertedPendulum-v4] run=3 seed= 68 t=    1,576  ep= 249  ep_reward=    20.00  ep_steps=20
[InvertedPendulum-v4] run=3 seed= 68 t=    1,583  ep= 250  ep_reward=     7.00  ep_steps=7
[InvertedPendulum-v4] run=3 seed= 68 t=    1,588  ep= 251  ep_reward=     5.00  ep_steps=5
[InvertedPendulum-v4] run=3 seed= 68 t=    1,596  ep= 252  ep_reward=     8.00  ep_steps=8
[InvertedPendulum-v4] run=3 seed= 68 t=    1,602  ep= 253  ep_reward=     6.00  ep_steps=6
[InvertedPendulum-v4] run=3 seed= 68 t=    1,637  ep= 254  ep_reward=    35.00  ep_steps=35
[InvertedPendulum-v4] run=3 seed= 68 t=    1,641  ep= 255  ep_reward=     4.00  ep_steps=4
[InvertedPendulum-v4] run=3 seed= 68 t=    1,649  ep= 256  ep_reward=     8.00  ep_steps=8
[InvertedPendulum-v4] run=3 seed= 68 t=    1,656  ep= 257  ep_reward=     7.00  ep_steps=7
[InvertedPendulum-v4] run=3 seed= 68 t=    1,662  ep= 258  ep_reward=     6.00  ep_steps=6
[InvertedPendulum-v4] run=3 seed= 68 t=    1,665  ep= 259  ep_reward=     3.00  ep_steps=3
[InvertedPendulum-v4] run=3 seed= 68 t=    1,678  ep= 260  ep_reward=    13.00  ep_steps=13
[InvertedPendulum-v4] run=3 seed= 68 t=    1,684  ep= 261  ep_reward=     6.00  ep_steps=6
[InvertedPendulum-v4] run=3 seed= 68 t=    1,692  ep= 262  ep_reward=     8.00  ep_steps=8
[InvertedPendulum-v4] run=3 seed= 68 t=    1,697  ep= 263  ep_reward=     5.00  ep_steps=5
[InvertedPendulum-v4] run=3 seed= 68 t=    1,700  ep= 264  ep_reward=     3.00  ep_steps=3
[InvertedPendulum-v4] run=3 seed= 68 t=    1,710  ep= 265  ep_reward=    10.00  ep_steps=10
[InvertedPendulum-v4] run=3 seed= 68 t=    1,714  ep= 266  ep_reward=     4.00  ep_steps=4
[InvertedPendulum-v4] run=3 seed= 68 t=    1,722  ep= 267  ep_reward=     8.00  ep_steps=8
[InvertedPendulum-v4] run=3 seed= 68 t=    1,727  ep= 268  ep_reward=     5.00  ep_steps=5
[InvertedPendulum-v4] run=3 seed= 68 t=    1,731  ep= 269  ep_reward=     4.00  ep_steps=4
[InvertedPendulum-v4] run=3 seed= 68 t=    1,734  ep= 270  ep_reward=     3.00  ep_steps=3
[InvertedPendulum-v4] run=3 seed= 68 t=    1,737  ep= 271  ep_reward=     3.00  ep_steps=3
[InvertedPendulum-v4] run=3 seed= 68 t=    1,740  ep= 272  ep_reward=     3.00  ep_steps=3
[InvertedPendulum-v4] run=3 seed= 68 t=    1,749  ep= 273  ep_reward=     9.00  ep_steps=9
[InvertedPendulum-v4] run=3 seed= 68 t=    1,752  ep= 274  ep_reward=     3.00  ep_steps=3
[InvertedPendulum-v4] run=3 seed= 68 t=    1,758  ep= 275  ep_reward=     6.00  ep_steps=6
[InvertedPendulum-v4] run=3 seed= 68 t=    1,761  ep= 276  ep_reward=     3.00  ep_steps=3
[InvertedPendulum-v4] run=3 seed= 68 t=    1,766  ep= 277  ep_reward=     5.00  ep_steps=5
[InvertedPendulum-v4] run=3 seed= 68 t=    1,775  ep= 278  ep_reward=     9.00  ep_steps=9
[InvertedPendulum-v4] run=3 seed= 68 t=    1,779  ep= 279  ep_reward=     4.00  ep_steps=4
[InvertedPendulum-v4] run=3 seed= 68 t=    1,784  ep= 280  ep_reward=     5.00  ep_steps=5
[InvertedPendulum-v4] run=3 seed= 68 t=    1,787  ep= 281  ep_reward=     3.00  ep_steps=3
[InvertedPendulum-v4] run=3 seed= 68 t=    1,792  ep= 282  ep_reward=     5.00  ep_steps=5
[InvertedPendulum-v4] run=3 seed= 68 t=    1,798  ep= 283  ep_reward=     6.00  ep_steps=6
[InvertedPendulum-v4] run=3 seed= 68 t=    1,805  ep= 284  ep_reward=     7.00  ep_steps=7
[InvertedPendulum-v4] run=3 seed= 68 t=    1,811  ep= 285  ep_reward=     6.00  ep_steps=6
[InvertedPendulum-v4] run=3 seed= 68 t=    1,818  ep= 286  ep_reward=     7.00  ep_steps=7
[InvertedPendulum-v4] run=3 seed= 68 t=    1,824  ep= 287  ep_reward=     6.00  ep_steps=6
[InvertedPendulum-v4] run=3 seed= 68 t=    1,836  ep= 288  ep_reward=    12.00  ep_steps=12
[InvertedPendulum-v4] run=3 seed= 68 t=    1,839  ep= 289  ep_reward=     3.00  ep_steps=3
[InvertedPendulum-v4] run=3 seed= 68 t=    1,847  ep= 290  ep_reward=     8.00  ep_steps=8
[InvertedPendulum-v4] run=3 seed= 68 t=    1,861  ep= 291  ep_reward=    14.00  ep_steps=14
[InvertedPendulum-v4] run=3 seed= 68 t=    1,874  ep= 292  ep_reward=    13.00  ep_steps=13
[InvertedPendulum-v4] run=3 seed= 68 t=    1,884  ep= 293  ep_reward=    10.00  ep_steps=10
[InvertedPendulum-v4] run=3 seed= 68 t=    1,889  ep= 294  ep_reward=     5.00  ep_steps=5
[InvertedPendulum-v4] run=3 seed= 68 t=    1,892  ep= 295  ep_reward=     3.00  ep_steps=3
[InvertedPendulum-v4] run=3 seed= 68 t=    1,903  ep= 296  ep_reward=    11.00  ep_steps=11
[InvertedPendulum-v4] run=3 seed= 68 t=    1,907  ep= 297  ep_reward=     4.00  ep_steps=4
[InvertedPendulum-v4] run=3 seed= 68 t=    1,916  ep= 298  ep_reward=     9.00  ep_steps=9
[InvertedPendulum-v4] run=3 seed= 68 t=    1,923  ep= 299  ep_reward=     7.00  ep_steps=7
[InvertedPendulum-v4] run=3 seed= 68 t=    1,926  ep= 300  ep_reward=     3.00  ep_steps=3
[InvertedPendulum-v4] run=3 seed= 68 t=    1,929  ep= 301  ep_reward=     3.00  ep_steps=3
[InvertedPendulum-v4] run=3 seed= 68 t=    1,933  ep= 302  ep_reward=     4.00  ep_steps=4
[InvertedPendulum-v4] run=3 seed= 68 t=    1,940  ep= 303  ep_reward=     7.00  ep_steps=7
[InvertedPendulum-v4] run=3 seed= 68 t=    1,943  ep= 304  ep_reward=     3.00  ep_steps=3
[InvertedPendulum-v4] run=3 seed= 68 t=    1,946  ep= 305  ep_reward=     3.00  ep_steps=3
[InvertedPendulum-v4] run=3 seed= 68 t=    1,950  ep= 306  ep_reward=     4.00  ep_steps=4
[InvertedPendulum-v4] run=3 seed= 68 t=    1,954  ep= 307  ep_reward=     4.00  ep_steps=4
[InvertedPendulum-v4] run=3 seed= 68 t=    1,962  ep= 308  ep_reward=     8.00  ep_steps=8
[InvertedPendulum-v4] run=3 seed= 68 t=    1,965  ep= 309  ep_reward=     3.00  ep_steps=3
[InvertedPendulum-v4] run=3 seed= 68 t=    1,971  ep= 310  ep_reward=     6.00  ep_steps=6
[InvertedPendulum-v4] run=3 seed= 68 t=    1,976  ep= 311  ep_reward=     5.00  ep_steps=5
[InvertedPendulum-v4] run=3 seed= 68 t=    1,984  ep= 312  ep_reward=     8.00  ep_steps=8
[InvertedPendulum-v4] run=3 seed= 68 t=    1,988  ep= 313  ep_reward=     4.00  ep_steps=4
[InvertedPendulum-v4] run=3 seed= 68 t=    1,992  ep= 314  ep_reward=     4.00  ep_steps=4
[InvertedPendulum-v4] run=3 seed= 68 t=    1,998  ep= 315  ep_reward=     6.00  ep_steps=6
[InvertedPendulum-v4] run=3 seed= 68 t=    2,003  ep= 316  ep_reward=     5.00  ep_steps=5
[InvertedPendulum-v4] run=3 seed= 68 t=    2,009  ep= 317  ep_reward=     6.00  ep_steps=6
[InvertedPendulum-v4] run=3 seed= 68 t=    2,014  ep= 318  ep_reward=     5.00  ep_steps=5
[InvertedPendulum-v4] run=3 seed= 68 t=    2,028  ep= 319  ep_reward=    14.00  ep_steps=14
[InvertedPendulum-v4] run=3 seed= 68 t=    2,032  ep= 320  ep_reward=     4.00  ep_steps=4
[InvertedPendulum-v4] run=3 seed= 68 t=    2,044  ep= 321  ep_reward=    12.00  ep_steps=12
[InvertedPendulum-v4] run=3 seed= 68 t=    2,047  ep= 322  ep_reward=     3.00  ep_steps=3
[InvertedPendulum-v4] run=3 seed= 68 t=    2,057  ep= 323  ep_reward=    10.00  ep_steps=10
[InvertedPendulum-v4] run=3 seed= 68 t=    2,060  ep= 324  ep_reward=     3.00  ep_steps=3
[InvertedPendulum-v4] run=3 seed= 68 t=    2,065  ep= 325  ep_reward=     5.00  ep_steps=5
[InvertedPendulum-v4] run=3 seed= 68 t=    2,069  ep= 326  ep_reward=     4.00  ep_steps=4
[InvertedPendulum-v4] run=3 seed= 68 t=    2,076  ep= 327  ep_reward=     7.00  ep_steps=7
[InvertedPendulum-v4] run=3 seed= 68 t=    2,080  ep= 328  ep_reward=     4.00  ep_steps=4
[InvertedPendulum-v4] run=3 seed= 68 t=    2,090  ep= 329  ep_reward=    10.00  ep_steps=10
[InvertedPendulum-v4] run=3 seed= 68 t=    2,096  ep= 330  ep_reward=     6.00  ep_steps=6
[InvertedPendulum-v4] run=3 seed= 68 t=    2,100  ep= 331  ep_reward=     4.00  ep_steps=4
[InvertedPendulum-v4] run=3 seed= 68 t=    2,109  ep= 332  ep_reward=     9.00  ep_steps=9
[InvertedPendulum-v4] run=3 seed= 68 t=    2,113  ep= 333  ep_reward=     4.00  ep_steps=4
[InvertedPendulum-v4] run=3 seed= 68 t=    2,117  ep= 334  ep_reward=     4.00  ep_steps=4
[InvertedPendulum-v4] run=3 seed= 68 t=    2,120  ep= 335  ep_reward=     3.00  ep_steps=3
[InvertedPendulum-v4] run=3 seed= 68 t=    2,123  ep= 336  ep_reward=     3.00  ep_steps=3
[InvertedPendulum-v4] run=3 seed= 68 t=    2,131  ep= 337  ep_reward=     8.00  ep_steps=8
[InvertedPendulum-v4] run=3 seed= 68 t=    2,138  ep= 338  ep_reward=     7.00  ep_steps=7
[InvertedPendulum-v4] run=3 seed= 68 t=    2,144  ep= 339  ep_reward=     6.00  ep_steps=6
[InvertedPendulum-v4] run=3 seed= 68 t=    2,148  ep= 340  ep_reward=     4.00  ep_steps=4
[InvertedPendulum-v4] run=3 seed= 68 t=    2,152  ep= 341  ep_reward=     4.00  ep_steps=4
[InvertedPendulum-v4] run=3 seed= 68 t=    2,155  ep= 342  ep_reward=     3.00  ep_steps=3
[InvertedPendulum-v4] run=3 seed= 68 t=    2,160  ep= 343  ep_reward=     5.00  ep_steps=5
[InvertedPendulum-v4] run=3 seed= 68 t=    2,172  ep= 344  ep_reward=    12.00  ep_steps=12
[InvertedPendulum-v4] run=3 seed= 68 t=    2,183  ep= 345  ep_reward=    11.00  ep_steps=11
[InvertedPendulum-v4] run=3 seed= 68 t=    2,186  ep= 346  ep_reward=     3.00  ep_steps=3
[InvertedPendulum-v4] run=3 seed= 68 t=    2,190  ep= 347  ep_reward=     4.00  ep_steps=4
[InvertedPendulum-v4] run=3 seed= 68 t=    2,202  ep= 348  ep_reward=    12.00  ep_steps=12
[InvertedPendulum-v4] run=3 seed= 68 t=    2,208  ep= 349  ep_reward=     6.00  ep_steps=6
[InvertedPendulum-v4] run=3 seed= 68 t=    2,211  ep= 350  ep_reward=     3.00  ep_steps=3
[InvertedPendulum-v4] run=3 seed= 68 t=    2,225  ep= 351  ep_reward=    14.00  ep_steps=14
[InvertedPendulum-v4] run=3 seed= 68 t=    2,229  ep= 352  ep_reward=     4.00  ep_steps=4
[InvertedPendulum-v4] run=3 seed= 68 t=    2,234  ep= 353  ep_reward=     5.00  ep_steps=5
[InvertedPendulum-v4] run=3 seed= 68 t=    2,237  ep= 354  ep_reward=     3.00  ep_steps=3
[InvertedPendulum-v4] run=3 seed= 68 t=    2,241  ep= 355  ep_reward=     4.00  ep_steps=4
[InvertedPendulum-v4] run=3 seed= 68 t=    2,245  ep= 356  ep_reward=     4.00  ep_steps=4
[InvertedPendulum-v4] run=3 seed= 68 t=    2,249  ep= 357  ep_reward=     4.00  ep_steps=4
[InvertedPendulum-v4] run=3 seed= 68 t=    2,258  ep= 358  ep_reward=     9.00  ep_steps=9
[InvertedPendulum-v4] run=3 seed= 68 t=    2,263  ep= 359  ep_reward=     5.00  ep_steps=5
[InvertedPendulum-v4] run=3 seed= 68 t=    2,273  ep= 360  ep_reward=    10.00  ep_steps=10
[InvertedPendulum-v4] run=3 seed= 68 t=    2,280  ep= 361  ep_reward=     7.00  ep_steps=7
[InvertedPendulum-v4] run=3 seed= 68 t=    2,285  ep= 362  ep_reward=     5.00  ep_steps=5
[InvertedPendulum-v4] run=3 seed= 68 t=    2,291  ep= 363  ep_reward=     6.00  ep_steps=6
[InvertedPendulum-v4] run=3 seed= 68 t=    2,296  ep= 364  ep_reward=     5.00  ep_steps=5
[InvertedPendulum-v4] run=3 seed= 68 t=    2,300  ep= 365  ep_reward=     4.00  ep_steps=4
[InvertedPendulum-v4] run=3 seed= 68 t=    2,308  ep= 366  ep_reward=     8.00  ep_steps=8
[InvertedPendulum-v4] run=3 seed= 68 t=    2,317  ep= 367  ep_reward=     9.00  ep_steps=9
[InvertedPendulum-v4] run=3 seed= 68 t=    2,321  ep= 368  ep_reward=     4.00  ep_steps=4
[InvertedPendulum-v4] run=3 seed= 68 t=    2,331  ep= 369  ep_reward=    10.00  ep_steps=10
[InvertedPendulum-v4] run=3 seed= 68 t=    2,340  ep= 370  ep_reward=     9.00  ep_steps=9
[InvertedPendulum-v4] run=3 seed= 68 t=    2,344  ep= 371  ep_reward=     4.00  ep_steps=4
[InvertedPendulum-v4] run=3 seed= 68 t=    2,351  ep= 372  ep_reward=     7.00  ep_steps=7
[InvertedPendulum-v4] run=3 seed= 68 t=    2,357  ep= 373  ep_reward=     6.00  ep_steps=6
[InvertedPendulum-v4] run=3 seed= 68 t=    2,363  ep= 374  ep_reward=     6.00  ep_steps=6
[InvertedPendulum-v4] run=3 seed= 68 t=    2,370  ep= 375  ep_reward=     7.00  ep_steps=7
[InvertedPendulum-v4] run=3 seed= 68 t=    2,375  ep= 376  ep_reward=     5.00  ep_steps=5
[InvertedPendulum-v4] run=3 seed= 68 t=    2,381  ep= 377  ep_reward=     6.00  ep_steps=6
[InvertedPendulum-v4] run=3 seed= 68 t=    2,386  ep= 378  ep_reward=     5.00  ep_steps=5
[InvertedPendulum-v4] run=3 seed= 68 t=    2,389  ep= 379  ep_reward=     3.00  ep_steps=3
[InvertedPendulum-v4] run=3 seed= 68 t=    2,396  ep= 380  ep_reward=     7.00  ep_steps=7
[InvertedPendulum-v4] run=3 seed= 68 t=    2,401  ep= 381  ep_reward=     5.00  ep_steps=5
[InvertedPendulum-v4] run=3 seed= 68 t=    2,412  ep= 382  ep_reward=    11.00  ep_steps=11
[InvertedPendulum-v4] run=3 seed= 68 t=    2,418  ep= 383  ep_reward=     6.00  ep_steps=6
[InvertedPendulum-v4] run=3 seed= 68 t=    2,422  ep= 384  ep_reward=     4.00  ep_steps=4
[InvertedPendulum-v4] run=3 seed= 68 t=    2,427  ep= 385  ep_reward=     5.00  ep_steps=5
[InvertedPendulum-v4] run=3 seed= 68 t=    2,431  ep= 386  ep_reward=     4.00  ep_steps=4
[InvertedPendulum-v4] run=3 seed= 68 t=    2,434  ep= 387  ep_reward=     3.00  ep_steps=3
[InvertedPendulum-v4] run=3 seed= 68 t=    2,438  ep= 388  ep_reward=     4.00  ep_steps=4
[InvertedPendulum-v4] run=3 seed= 68 t=    2,443  ep= 389  ep_reward=     5.00  ep_steps=5
[InvertedPendulum-v4] run=3 seed= 68 t=    2,449  ep= 390  ep_reward=     6.00  ep_steps=6
[InvertedPendulum-v4] run=3 seed= 68 t=    2,455  ep= 391  ep_reward=     6.00  ep_steps=6
[InvertedPendulum-v4] run=3 seed= 68 t=    2,468  ep= 392  ep_reward=    13.00  ep_steps=13
[InvertedPendulum-v4] run=3 seed= 68 t=    2,475  ep= 393  ep_reward=     7.00  ep_steps=7
[InvertedPendulum-v4] run=3 seed= 68 t=    2,478  ep= 394  ep_reward=     3.00  ep_steps=3
[InvertedPendulum-v4] run=3 seed= 68 t=    2,487  ep= 395  ep_reward=     9.00  ep_steps=9
[InvertedPendulum-v4] run=3 seed= 68 t=    2,493  ep= 396  ep_reward=     6.00  ep_steps=6
[InvertedPendulum-v4] run=3 seed= 68 t=    2,498  ep= 397  ep_reward=     5.00  ep_steps=5
[InvertedPendulum-v4] run=3 seed= 68 t=    2,501  ep= 398  ep_reward=     3.00  ep_steps=3
[InvertedPendulum-v4] run=3 seed= 68 t=    2,508  ep= 399  ep_reward=     7.00  ep_steps=7
[InvertedPendulum-v4] run=3 seed= 68 t=    2,512  ep= 400  ep_reward=     4.00  ep_steps=4
[InvertedPendulum-v4] run=3 seed= 68 t=    2,516  ep= 401  ep_reward=     4.00  ep_steps=4
[InvertedPendulum-v4] run=3 seed= 68 t=    2,521  ep= 402  ep_reward=     5.00  ep_steps=5
[InvertedPendulum-v4] run=3 seed= 68 t=    2,528  ep= 403  ep_reward=     7.00  ep_steps=7
[InvertedPendulum-v4] run=3 seed= 68 t=    2,532  ep= 404  ep_reward=     4.00  ep_steps=4
[InvertedPendulum-v4] run=3 seed= 68 t=    2,537  ep= 405  ep_reward=     5.00  ep_steps=5
[InvertedPendulum-v4] run=3 seed= 68 t=    2,548  ep= 406  ep_reward=    11.00  ep_steps=11
[InvertedPendulum-v4] run=3 seed= 68 t=    2,554  ep= 407  ep_reward=     6.00  ep_steps=6
[InvertedPendulum-v4] run=3 seed= 68 t=    2,557  ep= 408  ep_reward=     3.00  ep_steps=3
[InvertedPendulum-v4] run=3 seed= 68 t=    2,564  ep= 409  ep_reward=     7.00  ep_steps=7
[InvertedPendulum-v4] run=3 seed= 68 t=    2,567  ep= 410  ep_reward=     3.00  ep_steps=3
[InvertedPendulum-v4] run=3 seed= 68 t=    2,570  ep= 411  ep_reward=     3.00  ep_steps=3
[InvertedPendulum-v4] run=3 seed= 68 t=    2,574  ep= 412  ep_reward=     4.00  ep_steps=4
[InvertedPendulum-v4] run=3 seed= 68 t=    2,578  ep= 413  ep_reward=     4.00  ep_steps=4
[InvertedPendulum-v4] run=3 seed= 68 t=    2,581  ep= 414  ep_reward=     3.00  ep_steps=3
[InvertedPendulum-v4] run=3 seed= 68 t=    2,594  ep= 415  ep_reward=    13.00  ep_steps=13
[InvertedPendulum-v4] run=3 seed= 68 t=    2,609  ep= 416  ep_reward=    15.00  ep_steps=15
[InvertedPendulum-v4] run=3 seed= 68 t=    2,618  ep= 417  ep_reward=     9.00  ep_steps=9
[InvertedPendulum-v4] run=3 seed= 68 t=    2,621  ep= 418  ep_reward=     3.00  ep_steps=3
[InvertedPendulum-v4] run=3 seed= 68 t=    2,632  ep= 419  ep_reward=    11.00  ep_steps=11
[InvertedPendulum-v4] run=3 seed= 68 t=    2,640  ep= 420  ep_reward=     8.00  ep_steps=8
[InvertedPendulum-v4] run=3 seed= 68 t=    2,644  ep= 421  ep_reward=     4.00  ep_steps=4
[InvertedPendulum-v4] run=3 seed= 68 t=    2,652  ep= 422  ep_reward=     8.00  ep_steps=8
[InvertedPendulum-v4] run=3 seed= 68 t=    2,657  ep= 423  ep_reward=     5.00  ep_steps=5
[InvertedPendulum-v4] run=3 seed= 68 t=    2,665  ep= 424  ep_reward=     8.00  ep_steps=8
[InvertedPendulum-v4] run=3 seed= 68 t=    2,668  ep= 425  ep_reward=     3.00  ep_steps=3
[InvertedPendulum-v4] run=3 seed= 68 t=    2,672  ep= 426  ep_reward=     4.00  ep_steps=4
[InvertedPendulum-v4] run=3 seed= 68 t=    2,678  ep= 427  ep_reward=     6.00  ep_steps=6
[InvertedPendulum-v4] run=3 seed= 68 t=    2,687  ep= 428  ep_reward=     9.00  ep_steps=9
[InvertedPendulum-v4] run=3 seed= 68 t=    2,690  ep= 429  ep_reward=     3.00  ep_steps=3
[InvertedPendulum-v4] run=3 seed= 68 t=    2,711  ep= 430  ep_reward=    21.00  ep_steps=21
[InvertedPendulum-v4] run=3 seed= 68 t=    2,724  ep= 431  ep_reward=    13.00  ep_steps=13
[InvertedPendulum-v4] run=3 seed= 68 t=    2,728  ep= 432  ep_reward=     4.00  ep_steps=4
[InvertedPendulum-v4] run=3 seed= 68 t=    2,731  ep= 433  ep_reward=     3.00  ep_steps=3
[InvertedPendulum-v4] run=3 seed= 68 t=    2,737  ep= 434  ep_reward=     6.00  ep_steps=6
[InvertedPendulum-v4] run=3 seed= 68 t=    2,740  ep= 435  ep_reward=     3.00  ep_steps=3
[InvertedPendulum-v4] run=3 seed= 68 t=    2,746  ep= 436  ep_reward=     6.00  ep_steps=6
[InvertedPendulum-v4] run=3 seed= 68 t=    2,751  ep= 437  ep_reward=     5.00  ep_steps=5
[InvertedPendulum-v4] run=3 seed= 68 t=    2,755  ep= 438  ep_reward=     4.00  ep_steps=4
[InvertedPendulum-v4] run=3 seed= 68 t=    2,758  ep= 439  ep_reward=     3.00  ep_steps=3
[InvertedPendulum-v4] run=3 seed= 68 t=    2,762  ep= 440  ep_reward=     4.00  ep_steps=4
[InvertedPendulum-v4] run=3 seed= 68 t=    2,767  ep= 441  ep_reward=     5.00  ep_steps=5
[InvertedPendulum-v4] run=3 seed= 68 t=    2,772  ep= 442  ep_reward=     5.00  ep_steps=5
[InvertedPendulum-v4] run=3 seed= 68 t=    2,775  ep= 443  ep_reward=     3.00  ep_steps=3
[InvertedPendulum-v4] run=3 seed= 68 t=    2,788  ep= 444  ep_reward=    13.00  ep_steps=13
[InvertedPendulum-v4] run=3 seed= 68 t=    2,793  ep= 445  ep_reward=     5.00  ep_steps=5
[InvertedPendulum-v4] run=3 seed= 68 t=    2,803  ep= 446  ep_reward=    10.00  ep_steps=10
[InvertedPendulum-v4] run=3 seed= 68 t=    2,810  ep= 447  ep_reward=     7.00  ep_steps=7
[InvertedPendulum-v4] run=3 seed= 68 t=    2,813  ep= 448  ep_reward=     3.00  ep_steps=3
[InvertedPendulum-v4] run=3 seed= 68 t=    2,816  ep= 449  ep_reward=     3.00  ep_steps=3
[InvertedPendulum-v4] run=3 seed= 68 t=    2,819  ep= 450  ep_reward=     3.00  ep_steps=3
[InvertedPendulum-v4] run=3 seed= 68 t=    2,824  ep= 451  ep_reward=     5.00  ep_steps=5
[InvertedPendulum-v4] run=3 seed= 68 t=    2,828  ep= 452  ep_reward=     4.00  ep_steps=4
[InvertedPendulum-v4] run=3 seed= 68 t=    2,831  ep= 453  ep_reward=     3.00  ep_steps=3
[InvertedPendulum-v4] run=3 seed= 68 t=    2,835  ep= 454  ep_reward=     4.00  ep_steps=4
[InvertedPendulum-v4] run=3 seed= 68 t=    2,839  ep= 455  ep_reward=     4.00  ep_steps=4
[InvertedPendulum-v4] run=3 seed= 68 t=    2,850  ep= 456  ep_reward=    11.00  ep_steps=11
[InvertedPendulum-v4] run=3 seed= 68 t=    2,862  ep= 457  ep_reward=    12.00  ep_steps=12
[InvertedPendulum-v4] run=3 seed= 68 t=    2,868  ep= 458  ep_reward=     6.00  ep_steps=6
[InvertedPendulum-v4] run=3 seed= 68 t=    2,871  ep= 459  ep_reward=     3.00  ep_steps=3
[InvertedPendulum-v4] run=3 seed= 68 t=    2,875  ep= 460  ep_reward=     4.00  ep_steps=4
[InvertedPendulum-v4] run=3 seed= 68 t=    2,879  ep= 461  ep_reward=     4.00  ep_steps=4
[InvertedPendulum-v4] run=3 seed= 68 t=    2,882  ep= 462  ep_reward=     3.00  ep_steps=3
[InvertedPendulum-v4] run=3 seed= 68 t=    2,885  ep= 463  ep_reward=     3.00  ep_steps=3
[InvertedPendulum-v4] run=3 seed= 68 t=    2,891  ep= 464  ep_reward=     6.00  ep_steps=6
[InvertedPendulum-v4] run=3 seed= 68 t=    2,902  ep= 465  ep_reward=    11.00  ep_steps=11
[InvertedPendulum-v4] run=3 seed= 68 t=    2,905  ep= 466  ep_reward=     3.00  ep_steps=3
[InvertedPendulum-v4] run=3 seed= 68 t=    2,910  ep= 467  ep_reward=     5.00  ep_steps=5
[InvertedPendulum-v4] run=3 seed= 68 t=    2,916  ep= 468  ep_reward=     6.00  ep_steps=6
[InvertedPendulum-v4] run=3 seed= 68 t=    2,921  ep= 469  ep_reward=     5.00  ep_steps=5
[InvertedPendulum-v4] run=3 seed= 68 t=    2,938  ep= 470  ep_reward=    17.00  ep_steps=17
[InvertedPendulum-v4] run=3 seed= 68 t=    2,942  ep= 471  ep_reward=     4.00  ep_steps=4
[InvertedPendulum-v4] run=3 seed= 68 t=    2,954  ep= 472  ep_reward=    12.00  ep_steps=12
[InvertedPendulum-v4] run=3 seed= 68 t=    2,960  ep= 473  ep_reward=     6.00  ep_steps=6
[InvertedPendulum-v4] run=3 seed= 68 t=    2,965  ep= 474  ep_reward=     5.00  ep_steps=5
[InvertedPendulum-v4] run=3 seed= 68 t=    2,969  ep= 475  ep_reward=     4.00  ep_steps=4
[InvertedPendulum-v4] run=3 seed= 68 t=    2,972  ep= 476  ep_reward=     3.00  ep_steps=3
[InvertedPendulum-v4] run=3 seed= 68 t=    2,975  ep= 477  ep_reward=     3.00  ep_steps=3
[InvertedPendulum-v4] run=3 seed= 68 t=    2,978  ep= 478  ep_reward=     3.00  ep_steps=3
[InvertedPendulum-v4] run=3 seed= 68 t=    2,982  ep= 479  ep_reward=     4.00  ep_steps=4
[InvertedPendulum-v4] run=3 seed= 68 t=    2,988  ep= 480  ep_reward=     6.00  ep_steps=6
[InvertedPendulum-v4] run=3 seed= 68 t=    2,993  ep= 481  ep_reward=     5.00  ep_steps=5
[InvertedPendulum-v4] run=3 seed= 68 t=    2,996  ep= 482  ep_reward=     3.00  ep_steps=3
[InvertedPendulum-v4] run=3 seed= 68 t=    3,003  ep= 483  ep_reward=     7.00  ep_steps=7
[InvertedPendulum-v4] run=3 seed= 68 t=    3,006  ep= 484  ep_reward=     3.00  ep_steps=3
[InvertedPendulum-v4] run=3 seed= 68 t=    3,009  ep= 485  ep_reward=     3.00  ep_steps=3
[InvertedPendulum-v4] run=3 seed= 68 t=    3,014  ep= 486  ep_reward=     5.00  ep_steps=5
[InvertedPendulum-v4] run=3 seed= 68 t=    3,019  ep= 487  ep_reward=     5.00  ep_steps=5
[InvertedPendulum-v4] run=3 seed= 68 t=    3,022  ep= 488  ep_reward=     3.00  ep_steps=3
[InvertedPendulum-v4] run=3 seed= 68 t=    3,028  ep= 489  ep_reward=     6.00  ep_steps=6
[InvertedPendulum-v4] run=3 seed= 68 t=    3,037  ep= 490  ep_reward=     9.00  ep_steps=9
[InvertedPendulum-v4] run=3 seed= 68 t=    3,045  ep= 491  ep_reward=     8.00  ep_steps=8
[InvertedPendulum-v4] run=3 seed= 68 t=    3,051  ep= 492  ep_reward=     6.00  ep_steps=6
[InvertedPendulum-v4] run=3 seed= 68 t=    3,054  ep= 493  ep_reward=     3.00  ep_steps=3
[InvertedPendulum-v4] run=3 seed= 68 t=    3,068  ep= 494  ep_reward=    14.00  ep_steps=14
[InvertedPendulum-v4] run=3 seed= 68 t=    3,071  ep= 495  ep_reward=     3.00  ep_steps=3
[InvertedPendulum-v4] run=3 seed= 68 t=    3,074  ep= 496  ep_reward=     3.00  ep_steps=3
[InvertedPendulum-v4] run=3 seed= 68 t=    3,084  ep= 497  ep_reward=    10.00  ep_steps=10
[InvertedPendulum-v4] run=3 seed= 68 t=    3,087  ep= 498  ep_reward=     3.00  ep_steps=3
[InvertedPendulum-v4] run=3 seed= 68 t=    3,090  ep= 499  ep_reward=     3.00  ep_steps=3
[InvertedPendulum-v4] run=3 seed= 68 t=    3,103  ep= 500  ep_reward=    13.00  ep_steps=13
[InvertedPendulum-v4] run=3 seed= 68 t=    3,109  ep= 501  ep_reward=     6.00  ep_steps=6
[InvertedPendulum-v4] run=3 seed= 68 t=    3,115  ep= 502  ep_reward=     6.00  ep_steps=6
[InvertedPendulum-v4] run=3 seed= 68 t=    3,125  ep= 503  ep_reward=    10.00  ep_steps=10
[InvertedPendulum-v4] run=3 seed= 68 t=    3,128  ep= 504  ep_reward=     3.00  ep_steps=3
[InvertedPendulum-v4] run=3 seed= 68 t=    3,132  ep= 505  ep_reward=     4.00  ep_steps=4
[InvertedPendulum-v4] run=3 seed= 68 t=    3,137  ep= 506  ep_reward=     5.00  ep_steps=5
[InvertedPendulum-v4] run=3 seed= 68 t=    3,143  ep= 507  ep_reward=     6.00  ep_steps=6
[InvertedPendulum-v4] run=3 seed= 68 t=    3,146  ep= 508  ep_reward=     3.00  ep_steps=3
[InvertedPendulum-v4] run=3 seed= 68 t=    3,151  ep= 509  ep_reward=     5.00  ep_steps=5
[InvertedPendulum-v4] run=3 seed= 68 t=    3,158  ep= 510  ep_reward=     7.00  ep_steps=7
[InvertedPendulum-v4] run=3 seed= 68 t=    3,166  ep= 511  ep_reward=     8.00  ep_steps=8
[InvertedPendulum-v4] run=3 seed= 68 t=    3,169  ep= 512  ep_reward=     3.00  ep_steps=3
[InvertedPendulum-v4] run=3 seed= 68 t=    3,175  ep= 513  ep_reward=     6.00  ep_steps=6
[InvertedPendulum-v4] run=3 seed= 68 t=    3,178  ep= 514  ep_reward=     3.00  ep_steps=3
[InvertedPendulum-v4] run=3 seed= 68 t=    3,181  ep= 515  ep_reward=     3.00  ep_steps=3
[InvertedPendulum-v4] run=3 seed= 68 t=    3,189  ep= 516  ep_reward=     8.00  ep_steps=8
[InvertedPendulum-v4] run=3 seed= 68 t=    3,199  ep= 517  ep_reward=    10.00  ep_steps=10
[InvertedPendulum-v4] run=3 seed= 68 t=    3,202  ep= 518  ep_reward=     3.00  ep_steps=3
[InvertedPendulum-v4] run=3 seed= 68 t=    3,207  ep= 519  ep_reward=     5.00  ep_steps=5
[InvertedPendulum-v4] run=3 seed= 68 t=    3,211  ep= 520  ep_reward=     4.00  ep_steps=4
[InvertedPendulum-v4] run=3 seed= 68 t=    3,215  ep= 521  ep_reward=     4.00  ep_steps=4
[InvertedPendulum-v4] run=3 seed= 68 t=    3,219  ep= 522  ep_reward=     4.00  ep_steps=4
[InvertedPendulum-v4] run=3 seed= 68 t=    3,234  ep= 523  ep_reward=    15.00  ep_steps=15
[InvertedPendulum-v4] run=3 seed= 68 t=    3,238  ep= 524  ep_reward=     4.00  ep_steps=4
[InvertedPendulum-v4] run=3 seed= 68 t=    3,243  ep= 525  ep_reward=     5.00  ep_steps=5
[InvertedPendulum-v4] run=3 seed= 68 t=    3,247  ep= 526  ep_reward=     4.00  ep_steps=4
[InvertedPendulum-v4] run=3 seed= 68 t=    3,253  ep= 527  ep_reward=     6.00  ep_steps=6
[InvertedPendulum-v4] run=3 seed= 68 t=    3,256  ep= 528  ep_reward=     3.00  ep_steps=3
[InvertedPendulum-v4] run=3 seed= 68 t=    3,265  ep= 529  ep_reward=     9.00  ep_steps=9
[InvertedPendulum-v4] run=3 seed= 68 t=    3,280  ep= 530  ep_reward=    15.00  ep_steps=15
[InvertedPendulum-v4] run=3 seed= 68 t=    3,284  ep= 531  ep_reward=     4.00  ep_steps=4
[InvertedPendulum-v4] run=3 seed= 68 t=    3,288  ep= 532  ep_reward=     4.00  ep_steps=4
[InvertedPendulum-v4] run=3 seed= 68 t=    3,301  ep= 533  ep_reward=    13.00  ep_steps=13
[InvertedPendulum-v4] run=3 seed= 68 t=    3,304  ep= 534  ep_reward=     3.00  ep_steps=3
[InvertedPendulum-v4] run=3 seed= 68 t=    3,312  ep= 535  ep_reward=     8.00  ep_steps=8
[InvertedPendulum-v4] run=3 seed= 68 t=    3,316  ep= 536  ep_reward=     4.00  ep_steps=4
[InvertedPendulum-v4] run=3 seed= 68 t=    3,322  ep= 537  ep_reward=     6.00  ep_steps=6
[InvertedPendulum-v4] run=3 seed= 68 t=    3,325  ep= 538  ep_reward=     3.00  ep_steps=3
[InvertedPendulum-v4] run=3 seed= 68 t=    3,329  ep= 539  ep_reward=     4.00  ep_steps=4
[InvertedPendulum-v4] run=3 seed= 68 t=    3,332  ep= 540  ep_reward=     3.00  ep_steps=3
[InvertedPendulum-v4] run=3 seed= 68 t=    3,337  ep= 541  ep_reward=     5.00  ep_steps=5
[InvertedPendulum-v4] run=3 seed= 68 t=    3,349  ep= 542  ep_reward=    12.00  ep_steps=12
[InvertedPendulum-v4] run=3 seed= 68 t=    3,355  ep= 543  ep_reward=     6.00  ep_steps=6
[InvertedPendulum-v4] run=3 seed= 68 t=    3,359  ep= 544  ep_reward=     4.00  ep_steps=4
[InvertedPendulum-v4] run=3 seed= 68 t=    3,364  ep= 545  ep_reward=     5.00  ep_steps=5
[InvertedPendulum-v4] run=3 seed= 68 t=    3,376  ep= 546  ep_reward=    12.00  ep_steps=12
[InvertedPendulum-v4] run=3 seed= 68 t=    3,379  ep= 547  ep_reward=     3.00  ep_steps=3
[InvertedPendulum-v4] run=3 seed= 68 t=    3,383  ep= 548  ep_reward=     4.00  ep_steps=4
[InvertedPendulum-v4] run=3 seed= 68 t=    3,387  ep= 549  ep_reward=     4.00  ep_steps=4
[InvertedPendulum-v4] run=3 seed= 68 t=    3,393  ep= 550  ep_reward=     6.00  ep_steps=6
[InvertedPendulum-v4] run=3 seed= 68 t=    3,396  ep= 551  ep_reward=     3.00  ep_steps=3
[InvertedPendulum-v4] run=3 seed= 68 t=    3,407  ep= 552  ep_reward=    11.00  ep_steps=11
[InvertedPendulum-v4] run=3 seed= 68 t=    3,413  ep= 553  ep_reward=     6.00  ep_steps=6
[InvertedPendulum-v4] run=3 seed= 68 t=    3,427  ep= 554  ep_reward=    14.00  ep_steps=14
[InvertedPendulum-v4] run=3 seed= 68 t=    3,445  ep= 555  ep_reward=    18.00  ep_steps=18
[InvertedPendulum-v4] run=3 seed= 68 t=    3,449  ep= 556  ep_reward=     4.00  ep_steps=4
[InvertedPendulum-v4] run=3 seed= 68 t=    3,454  ep= 557  ep_reward=     5.00  ep_steps=5
[InvertedPendulum-v4] run=3 seed= 68 t=    3,457  ep= 558  ep_reward=     3.00  ep_steps=3
[InvertedPendulum-v4] run=3 seed= 68 t=    3,468  ep= 559  ep_reward=    11.00  ep_steps=11
[InvertedPendulum-v4] run=3 seed= 68 t=    3,476  ep= 560  ep_reward=     8.00  ep_steps=8
[InvertedPendulum-v4] run=3 seed= 68 t=    3,479  ep= 561  ep_reward=     3.00  ep_steps=3
[InvertedPendulum-v4] run=3 seed= 68 t=    3,486  ep= 562  ep_reward=     7.00  ep_steps=7
[InvertedPendulum-v4] run=3 seed= 68 t=    3,492  ep= 563  ep_reward=     6.00  ep_steps=6
[InvertedPendulum-v4] run=3 seed= 68 t=    3,495  ep= 564  ep_reward=     3.00  ep_steps=3
[InvertedPendulum-v4] run=3 seed= 68 t=    3,513  ep= 565  ep_reward=    18.00  ep_steps=18
[InvertedPendulum-v4] run=3 seed= 68 t=    3,518  ep= 566  ep_reward=     5.00  ep_steps=5
[InvertedPendulum-v4] run=3 seed= 68 t=    3,528  ep= 567  ep_reward=    10.00  ep_steps=10
[InvertedPendulum-v4] run=3 seed= 68 t=    3,541  ep= 568  ep_reward=    13.00  ep_steps=13
[InvertedPendulum-v4] run=3 seed= 68 t=    3,546  ep= 569  ep_reward=     5.00  ep_steps=5
[InvertedPendulum-v4] run=3 seed= 68 t=    3,550  ep= 570  ep_reward=     4.00  ep_steps=4
[InvertedPendulum-v4] run=3 seed= 68 t=    3,553  ep= 571  ep_reward=     3.00  ep_steps=3
[InvertedPendulum-v4] run=3 seed= 68 t=    3,557  ep= 572  ep_reward=     4.00  ep_steps=4
[InvertedPendulum-v4] run=3 seed= 68 t=    3,566  ep= 573  ep_reward=     9.00  ep_steps=9
[InvertedPendulum-v4] run=3 seed= 68 t=    3,571  ep= 574  ep_reward=     5.00  ep_steps=5
[InvertedPendulum-v4] run=3 seed= 68 t=    3,574  ep= 575  ep_reward=     3.00  ep_steps=3
[InvertedPendulum-v4] run=3 seed= 68 t=    3,582  ep= 576  ep_reward=     8.00  ep_steps=8
[InvertedPendulum-v4] run=3 seed= 68 t=    3,586  ep= 577  ep_reward=     4.00  ep_steps=4
[InvertedPendulum-v4] run=3 seed= 68 t=    3,592  ep= 578  ep_reward=     6.00  ep_steps=6
[InvertedPendulum-v4] run=3 seed= 68 t=    3,598  ep= 579  ep_reward=     6.00  ep_steps=6
[InvertedPendulum-v4] run=3 seed= 68 t=    3,602  ep= 580  ep_reward=     4.00  ep_steps=4
[InvertedPendulum-v4] run=3 seed= 68 t=    3,605  ep= 581  ep_reward=     3.00  ep_steps=3
[InvertedPendulum-v4] run=3 seed= 68 t=    3,610  ep= 582  ep_reward=     5.00  ep_steps=5
[InvertedPendulum-v4] run=3 seed= 68 t=    3,616  ep= 583  ep_reward=     6.00  ep_steps=6
[InvertedPendulum-v4] run=3 seed= 68 t=    3,619  ep= 584  ep_reward=     3.00  ep_steps=3
[InvertedPendulum-v4] run=3 seed= 68 t=    3,625  ep= 585  ep_reward=     6.00  ep_steps=6
[InvertedPendulum-v4] run=3 seed= 68 t=    3,628  ep= 586  ep_reward=     3.00  ep_steps=3
[InvertedPendulum-v4] run=3 seed= 68 t=    3,652  ep= 587  ep_reward=    24.00  ep_steps=24
[InvertedPendulum-v4] run=3 seed= 68 t=    3,658  ep= 588  ep_reward=     6.00  ep_steps=6
[InvertedPendulum-v4] run=3 seed= 68 t=    3,661  ep= 589  ep_reward=     3.00  ep_steps=3
[InvertedPendulum-v4] run=3 seed= 68 t=    3,667  ep= 590  ep_reward=     6.00  ep_steps=6
[InvertedPendulum-v4] run=3 seed= 68 t=    3,670  ep= 591  ep_reward=     3.00  ep_steps=3
[InvertedPendulum-v4] run=3 seed= 68 t=    3,679  ep= 592  ep_reward=     9.00  ep_steps=9
[InvertedPendulum-v4] run=3 seed= 68 t=    3,683  ep= 593  ep_reward=     4.00  ep_steps=4
[InvertedPendulum-v4] run=3 seed= 68 t=    3,687  ep= 594  ep_reward=     4.00  ep_steps=4
[InvertedPendulum-v4] run=3 seed= 68 t=    3,696  ep= 595  ep_reward=     9.00  ep_steps=9
[InvertedPendulum-v4] run=3 seed= 68 t=    3,701  ep= 596  ep_reward=     5.00  ep_steps=5
[InvertedPendulum-v4] run=3 seed= 68 t=    3,705  ep= 597  ep_reward=     4.00  ep_steps=4
[InvertedPendulum-v4] run=3 seed= 68 t=    3,712  ep= 598  ep_reward=     7.00  ep_steps=7
[InvertedPendulum-v4] run=3 seed= 68 t=    3,721  ep= 599  ep_reward=     9.00  ep_steps=9
[InvertedPendulum-v4] run=3 seed= 68 t=    3,724  ep= 600  ep_reward=     3.00  ep_steps=3
[InvertedPendulum-v4] run=3 seed= 68 t=    3,728  ep= 601  ep_reward=     4.00  ep_steps=4
[InvertedPendulum-v4] run=3 seed= 68 t=    3,731  ep= 602  ep_reward=     3.00  ep_steps=3
[InvertedPendulum-v4] run=3 seed= 68 t=    3,738  ep= 603  ep_reward=     7.00  ep_steps=7
[InvertedPendulum-v4] run=3 seed= 68 t=    3,741  ep= 604  ep_reward=     3.00  ep_steps=3
[InvertedPendulum-v4] run=3 seed= 68 t=    3,744  ep= 605  ep_reward=     3.00  ep_steps=3
[InvertedPendulum-v4] run=3 seed= 68 t=    3,747  ep= 606  ep_reward=     3.00  ep_steps=3
[InvertedPendulum-v4] run=3 seed= 68 t=    3,751  ep= 607  ep_reward=     4.00  ep_steps=4
[InvertedPendulum-v4] run=3 seed= 68 t=    3,754  ep= 608  ep_reward=     3.00  ep_steps=3
[InvertedPendulum-v4] run=3 seed= 68 t=    3,759  ep= 609  ep_reward=     5.00  ep_steps=5
[InvertedPendulum-v4] run=3 seed= 68 t=    3,763  ep= 610  ep_reward=     4.00  ep_steps=4
[InvertedPendulum-v4] run=3 seed= 68 t=    3,770  ep= 611  ep_reward=     7.00  ep_steps=7
[InvertedPendulum-v4] run=3 seed= 68 t=    3,777  ep= 612  ep_reward=     7.00  ep_steps=7
[InvertedPendulum-v4] run=3 seed= 68 t=    3,797  ep= 613  ep_reward=    20.00  ep_steps=20
[InvertedPendulum-v4] run=3 seed= 68 t=    3,806  ep= 614  ep_reward=     9.00  ep_steps=9
[InvertedPendulum-v4] run=3 seed= 68 t=    3,810  ep= 615  ep_reward=     4.00  ep_steps=4
[InvertedPendulum-v4] run=3 seed= 68 t=    3,815  ep= 616  ep_reward=     5.00  ep_steps=5
[InvertedPendulum-v4] run=3 seed= 68 t=    3,818  ep= 617  ep_reward=     3.00  ep_steps=3
[InvertedPendulum-v4] run=3 seed= 68 t=    3,824  ep= 618  ep_reward=     6.00  ep_steps=6
[InvertedPendulum-v4] run=3 seed= 68 t=    3,829  ep= 619  ep_reward=     5.00  ep_steps=5
[InvertedPendulum-v4] run=3 seed= 68 t=    3,839  ep= 620  ep_reward=    10.00  ep_steps=10
[InvertedPendulum-v4] run=3 seed= 68 t=    3,845  ep= 621  ep_reward=     6.00  ep_steps=6
[InvertedPendulum-v4] run=3 seed= 68 t=    3,853  ep= 622  ep_reward=     8.00  ep_steps=8
[InvertedPendulum-v4] run=3 seed= 68 t=    3,856  ep= 623  ep_reward=     3.00  ep_steps=3
[InvertedPendulum-v4] run=3 seed= 68 t=    3,865  ep= 624  ep_reward=     9.00  ep_steps=9
[InvertedPendulum-v4] run=3 seed= 68 t=    3,881  ep= 625  ep_reward=    16.00  ep_steps=16
[InvertedPendulum-v4] run=3 seed= 68 t=    3,887  ep= 626  ep_reward=     6.00  ep_steps=6
[InvertedPendulum-v4] run=3 seed= 68 t=    3,890  ep= 627  ep_reward=     3.00  ep_steps=3
[InvertedPendulum-v4] run=3 seed= 68 t=    3,893  ep= 628  ep_reward=     3.00  ep_steps=3
[InvertedPendulum-v4] run=3 seed= 68 t=    3,896  ep= 629  ep_reward=     3.00  ep_steps=3
[InvertedPendulum-v4] run=3 seed= 68 t=    3,900  ep= 630  ep_reward=     4.00  ep_steps=4
[InvertedPendulum-v4] run=3 seed= 68 t=    3,907  ep= 631  ep_reward=     7.00  ep_steps=7
[InvertedPendulum-v4] run=3 seed= 68 t=    3,911  ep= 632  ep_reward=     4.00  ep_steps=4
[InvertedPendulum-v4] run=3 seed= 68 t=    3,915  ep= 633  ep_reward=     4.00  ep_steps=4
[InvertedPendulum-v4] run=3 seed= 68 t=    3,919  ep= 634  ep_reward=     4.00  ep_steps=4
[InvertedPendulum-v4] run=3 seed= 68 t=    3,924  ep= 635  ep_reward=     5.00  ep_steps=5
[InvertedPendulum-v4] run=3 seed= 68 t=    3,928  ep= 636  ep_reward=     4.00  ep_steps=4
[InvertedPendulum-v4] run=3 seed= 68 t=    3,935  ep= 637  ep_reward=     7.00  ep_steps=7
[InvertedPendulum-v4] run=3 seed= 68 t=    3,941  ep= 638  ep_reward=     6.00  ep_steps=6
[InvertedPendulum-v4] run=3 seed= 68 t=    3,945  ep= 639  ep_reward=     4.00  ep_steps=4
[InvertedPendulum-v4] run=3 seed= 68 t=    3,948  ep= 640  ep_reward=     3.00  ep_steps=3
[InvertedPendulum-v4] run=3 seed= 68 t=    3,953  ep= 641  ep_reward=     5.00  ep_steps=5
[InvertedPendulum-v4] run=3 seed= 68 t=    3,965  ep= 642  ep_reward=    12.00  ep_steps=12
[InvertedPendulum-v4] run=3 seed= 68 t=    3,972  ep= 643  ep_reward=     7.00  ep_steps=7
[InvertedPendulum-v4] run=3 seed= 68 t=    3,975  ep= 644  ep_reward=     3.00  ep_steps=3
[InvertedPendulum-v4] run=3 seed= 68 t=    3,981  ep= 645  ep_reward=     6.00  ep_steps=6
[InvertedPendulum-v4] run=3 seed= 68 t=    3,987  ep= 646  ep_reward=     6.00  ep_steps=6
[InvertedPendulum-v4] run=3 seed= 68 t=    3,991  ep= 647  ep_reward=     4.00  ep_steps=4
[InvertedPendulum-v4] run=3 seed= 68 t=    3,996  ep= 648  ep_reward=     5.00  ep_steps=5
[InvertedPendulum-v4] run=3 seed= 68 t=    4,000  ep= 649  ep_reward=     4.00  ep_steps=4
[InvertedPendulum-v4] run=3 seed= 68 t=    4,003  ep= 650  ep_reward=     3.00  ep_steps=3
[InvertedPendulum-v4] run=3 seed= 68 t=    4,008  ep= 651  ep_reward=     5.00  ep_steps=5
[InvertedPendulum-v4] run=3 seed= 68 t=    4,021  ep= 652  ep_reward=    13.00  ep_steps=13
[InvertedPendulum-v4] run=3 seed= 68 t=    4,043  ep= 653  ep_reward=    22.00  ep_steps=22
[InvertedPendulum-v4] run=3 seed= 68 t=    4,050  ep= 654  ep_reward=     7.00  ep_steps=7
[InvertedPendulum-v4] run=3 seed= 68 t=    4,054  ep= 655  ep_reward=     4.00  ep_steps=4
[InvertedPendulum-v4] run=3 seed= 68 t=    4,059  ep= 656  ep_reward=     5.00  ep_steps=5
[InvertedPendulum-v4] run=3 seed= 68 t=    4,066  ep= 657  ep_reward=     7.00  ep_steps=7
[InvertedPendulum-v4] run=3 seed= 68 t=    4,069  ep= 658  ep_reward=     3.00  ep_steps=3
[InvertedPendulum-v4] run=3 seed= 68 t=    4,072  ep= 659  ep_reward=     3.00  ep_steps=3
[InvertedPendulum-v4] run=3 seed= 68 t=    4,078  ep= 660  ep_reward=     6.00  ep_steps=6
[InvertedPendulum-v4] run=3 seed= 68 t=    4,087  ep= 661  ep_reward=     9.00  ep_steps=9
[InvertedPendulum-v4] run=3 seed= 68 t=    4,102  ep= 662  ep_reward=    15.00  ep_steps=15
[InvertedPendulum-v4] run=3 seed= 68 t=    4,106  ep= 663  ep_reward=     4.00  ep_steps=4
[InvertedPendulum-v4] run=3 seed= 68 t=    4,110  ep= 664  ep_reward=     4.00  ep_steps=4
[InvertedPendulum-v4] run=3 seed= 68 t=    4,113  ep= 665  ep_reward=     3.00  ep_steps=3
[InvertedPendulum-v4] run=3 seed= 68 t=    4,125  ep= 666  ep_reward=    12.00  ep_steps=12
[InvertedPendulum-v4] run=3 seed= 68 t=    4,129  ep= 667  ep_reward=     4.00  ep_steps=4
[InvertedPendulum-v4] run=3 seed= 68 t=    4,133  ep= 668  ep_reward=     4.00  ep_steps=4
[InvertedPendulum-v4] run=3 seed= 68 t=    4,148  ep= 669  ep_reward=    15.00  ep_steps=15
[InvertedPendulum-v4] run=3 seed= 68 t=    4,153  ep= 670  ep_reward=     5.00  ep_steps=5
[InvertedPendulum-v4] run=3 seed= 68 t=    4,159  ep= 671  ep_reward=     6.00  ep_steps=6
[InvertedPendulum-v4] run=3 seed= 68 t=    4,164  ep= 672  ep_reward=     5.00  ep_steps=5
[InvertedPendulum-v4] run=3 seed= 68 t=    4,168  ep= 673  ep_reward=     4.00  ep_steps=4
[InvertedPendulum-v4] run=3 seed= 68 t=    4,171  ep= 674  ep_reward=     3.00  ep_steps=3
[InvertedPendulum-v4] run=3 seed= 68 t=    4,182  ep= 675  ep_reward=    11.00  ep_steps=11
[InvertedPendulum-v4] run=3 seed= 68 t=    4,187  ep= 676  ep_reward=     5.00  ep_steps=5
[InvertedPendulum-v4] run=3 seed= 68 t=    4,190  ep= 677  ep_reward=     3.00  ep_steps=3
[InvertedPendulum-v4] run=3 seed= 68 t=    4,193  ep= 678  ep_reward=     3.00  ep_steps=3
[InvertedPendulum-v4] run=3 seed= 68 t=    4,207  ep= 679  ep_reward=    14.00  ep_steps=14
[InvertedPendulum-v4] run=3 seed= 68 t=    4,210  ep= 680  ep_reward=     3.00  ep_steps=3
[InvertedPendulum-v4] run=3 seed= 68 t=    4,219  ep= 681  ep_reward=     9.00  ep_steps=9
[InvertedPendulum-v4] run=3 seed= 68 t=    4,224  ep= 682  ep_reward=     5.00  ep_steps=5
[InvertedPendulum-v4] run=3 seed= 68 t=    4,232  ep= 683  ep_reward=     8.00  ep_steps=8
[InvertedPendulum-v4] run=3 seed= 68 t=    4,236  ep= 684  ep_reward=     4.00  ep_steps=4
[InvertedPendulum-v4] run=3 seed= 68 t=    4,243  ep= 685  ep_reward=     7.00  ep_steps=7
[InvertedPendulum-v4] run=3 seed= 68 t=    4,246  ep= 686  ep_reward=     3.00  ep_steps=3
[InvertedPendulum-v4] run=3 seed= 68 t=    4,250  ep= 687  ep_reward=     4.00  ep_steps=4
[InvertedPendulum-v4] run=3 seed= 68 t=    4,253  ep= 688  ep_reward=     3.00  ep_steps=3
[InvertedPendulum-v4] run=3 seed= 68 t=    4,267  ep= 689  ep_reward=    14.00  ep_steps=14
[InvertedPendulum-v4] run=3 seed= 68 t=    4,271  ep= 690  ep_reward=     4.00  ep_steps=4
[InvertedPendulum-v4] run=3 seed= 68 t=    4,275  ep= 691  ep_reward=     4.00  ep_steps=4
[InvertedPendulum-v4] run=3 seed= 68 t=    4,280  ep= 692  ep_reward=     5.00  ep_steps=5
[InvertedPendulum-v4] run=3 seed= 68 t=    4,283  ep= 693  ep_reward=     3.00  ep_steps=3
[InvertedPendulum-v4] run=3 seed= 68 t=    4,287  ep= 694  ep_reward=     4.00  ep_steps=4
[InvertedPendulum-v4] run=3 seed= 68 t=    4,292  ep= 695  ep_reward=     5.00  ep_steps=5
[InvertedPendulum-v4] run=3 seed= 68 t=    4,295  ep= 696  ep_reward=     3.00  ep_steps=3
[InvertedPendulum-v4] run=3 seed= 68 t=    4,299  ep= 697  ep_reward=     4.00  ep_steps=4
[InvertedPendulum-v4] run=3 seed= 68 t=    4,304  ep= 698  ep_reward=     5.00  ep_steps=5
[InvertedPendulum-v4] run=3 seed= 68 t=    4,308  ep= 699  ep_reward=     4.00  ep_steps=4
[InvertedPendulum-v4] run=3 seed= 68 t=    4,311  ep= 700  ep_reward=     3.00  ep_steps=3
[InvertedPendulum-v4] run=3 seed= 68 t=    4,324  ep= 701  ep_reward=    13.00  ep_steps=13
[InvertedPendulum-v4] run=3 seed= 68 t=    4,335  ep= 702  ep_reward=    11.00  ep_steps=11
[InvertedPendulum-v4] run=3 seed= 68 t=    4,342  ep= 703  ep_reward=     7.00  ep_steps=7
[InvertedPendulum-v4] run=3 seed= 68 t=    4,345  ep= 704  ep_reward=     3.00  ep_steps=3
[InvertedPendulum-v4] run=3 seed= 68 t=    4,349  ep= 705  ep_reward=     4.00  ep_steps=4
[InvertedPendulum-v4] run=3 seed= 68 t=    4,353  ep= 706  ep_reward=     4.00  ep_steps=4
[InvertedPendulum-v4] run=3 seed= 68 t=    4,363  ep= 707  ep_reward=    10.00  ep_steps=10
[InvertedPendulum-v4] run=3 seed= 68 t=    4,368  ep= 708  ep_reward=     5.00  ep_steps=5
[InvertedPendulum-v4] run=3 seed= 68 t=    4,373  ep= 709  ep_reward=     5.00  ep_steps=5
[InvertedPendulum-v4] run=3 seed= 68 t=    4,378  ep= 710  ep_reward=     5.00  ep_steps=5
[InvertedPendulum-v4] run=3 seed= 68 t=    4,384  ep= 711  ep_reward=     6.00  ep_steps=6
[InvertedPendulum-v4] run=3 seed= 68 t=    4,391  ep= 712  ep_reward=     7.00  ep_steps=7
[InvertedPendulum-v4] run=3 seed= 68 t=    4,398  ep= 713  ep_reward=     7.00  ep_steps=7
[InvertedPendulum-v4] run=3 seed= 68 t=    4,401  ep= 714  ep_reward=     3.00  ep_steps=3
[InvertedPendulum-v4] run=3 seed= 68 t=    4,406  ep= 715  ep_reward=     5.00  ep_steps=5
[InvertedPendulum-v4] run=3 seed= 68 t=    4,409  ep= 716  ep_reward=     3.00  ep_steps=3
[InvertedPendulum-v4] run=3 seed= 68 t=    4,414  ep= 717  ep_reward=     5.00  ep_steps=5
[InvertedPendulum-v4] run=3 seed= 68 t=    4,423  ep= 718  ep_reward=     9.00  ep_steps=9
[InvertedPendulum-v4] run=3 seed= 68 t=    4,434  ep= 719  ep_reward=    11.00  ep_steps=11
[InvertedPendulum-v4] run=3 seed= 68 t=    4,439  ep= 720  ep_reward=     5.00  ep_steps=5
[InvertedPendulum-v4] run=3 seed= 68 t=    4,450  ep= 721  ep_reward=    11.00  ep_steps=11
[InvertedPendulum-v4] run=3 seed= 68 t=    4,454  ep= 722  ep_reward=     4.00  ep_steps=4
[InvertedPendulum-v4] run=3 seed= 68 t=    4,484  ep= 723  ep_reward=    30.00  ep_steps=30
[InvertedPendulum-v4] run=3 seed= 68 t=    4,488  ep= 724  ep_reward=     4.00  ep_steps=4
[InvertedPendulum-v4] run=3 seed= 68 t=    4,496  ep= 725  ep_reward=     8.00  ep_steps=8
[InvertedPendulum-v4] run=3 seed= 68 t=    4,505  ep= 726  ep_reward=     9.00  ep_steps=9
[InvertedPendulum-v4] run=3 seed= 68 t=    4,512  ep= 727  ep_reward=     7.00  ep_steps=7
[InvertedPendulum-v4] run=3 seed= 68 t=    4,516  ep= 728  ep_reward=     4.00  ep_steps=4
[InvertedPendulum-v4] run=3 seed= 68 t=    4,519  ep= 729  ep_reward=     3.00  ep_steps=3
[InvertedPendulum-v4] run=3 seed= 68 t=    4,523  ep= 730  ep_reward=     4.00  ep_steps=4
[InvertedPendulum-v4] run=3 seed= 68 t=    4,529  ep= 731  ep_reward=     6.00  ep_steps=6
[InvertedPendulum-v4] run=3 seed= 68 t=    4,532  ep= 732  ep_reward=     3.00  ep_steps=3
[InvertedPendulum-v4] run=3 seed= 68 t=    4,535  ep= 733  ep_reward=     3.00  ep_steps=3
[InvertedPendulum-v4] run=3 seed= 68 t=    4,540  ep= 734  ep_reward=     5.00  ep_steps=5
[InvertedPendulum-v4] run=3 seed= 68 t=    4,543  ep= 735  ep_reward=     3.00  ep_steps=3
[InvertedPendulum-v4] run=3 seed= 68 t=    4,549  ep= 736  ep_reward=     6.00  ep_steps=6
[InvertedPendulum-v4] run=3 seed= 68 t=    4,561  ep= 737  ep_reward=    12.00  ep_steps=12
[InvertedPendulum-v4] run=3 seed= 68 t=    4,566  ep= 738  ep_reward=     5.00  ep_steps=5
[InvertedPendulum-v4] run=3 seed= 68 t=    4,574  ep= 739  ep_reward=     8.00  ep_steps=8
[InvertedPendulum-v4] run=3 seed= 68 t=    4,581  ep= 740  ep_reward=     7.00  ep_steps=7
[InvertedPendulum-v4] run=3 seed= 68 t=    4,584  ep= 741  ep_reward=     3.00  ep_steps=3
[InvertedPendulum-v4] run=3 seed= 68 t=    4,587  ep= 742  ep_reward=     3.00  ep_steps=3
[InvertedPendulum-v4] run=3 seed= 68 t=    4,591  ep= 743  ep_reward=     4.00  ep_steps=4
[InvertedPendulum-v4] run=3 seed= 68 t=    4,595  ep= 744  ep_reward=     4.00  ep_steps=4
[InvertedPendulum-v4] run=3 seed= 68 t=    4,614  ep= 745  ep_reward=    19.00  ep_steps=19
[InvertedPendulum-v4] run=3 seed= 68 t=    4,617  ep= 746  ep_reward=     3.00  ep_steps=3
[InvertedPendulum-v4] run=3 seed= 68 t=    4,625  ep= 747  ep_reward=     8.00  ep_steps=8
[InvertedPendulum-v4] run=3 seed= 68 t=    4,631  ep= 748  ep_reward=     6.00  ep_steps=6
[InvertedPendulum-v4] run=3 seed= 68 t=    4,634  ep= 749  ep_reward=     3.00  ep_steps=3
[InvertedPendulum-v4] run=3 seed= 68 t=    4,640  ep= 750  ep_reward=     6.00  ep_steps=6
[InvertedPendulum-v4] run=3 seed= 68 t=    4,646  ep= 751  ep_reward=     6.00  ep_steps=6
[InvertedPendulum-v4] run=3 seed= 68 t=    4,663  ep= 752  ep_reward=    17.00  ep_steps=17
[InvertedPendulum-v4] run=3 seed= 68 t=    4,669  ep= 753  ep_reward=     6.00  ep_steps=6
[InvertedPendulum-v4] run=3 seed= 68 t=    4,672  ep= 754  ep_reward=     3.00  ep_steps=3
[InvertedPendulum-v4] run=3 seed= 68 t=    4,678  ep= 755  ep_reward=     6.00  ep_steps=6
[InvertedPendulum-v4] run=3 seed= 68 t=    4,682  ep= 756  ep_reward=     4.00  ep_steps=4
[InvertedPendulum-v4] run=3 seed= 68 t=    4,686  ep= 757  ep_reward=     4.00  ep_steps=4
[InvertedPendulum-v4] run=3 seed= 68 t=    4,689  ep= 758  ep_reward=     3.00  ep_steps=3
[InvertedPendulum-v4] run=3 seed= 68 t=    4,692  ep= 759  ep_reward=     3.00  ep_steps=3
[InvertedPendulum-v4] run=3 seed= 68 t=    4,700  ep= 760  ep_reward=     8.00  ep_steps=8
[InvertedPendulum-v4] run=3 seed= 68 t=    4,704  ep= 761  ep_reward=     4.00  ep_steps=4
[InvertedPendulum-v4] run=3 seed= 68 t=    4,715  ep= 762  ep_reward=    11.00  ep_steps=11
[InvertedPendulum-v4] run=3 seed= 68 t=    4,718  ep= 763  ep_reward=     3.00  ep_steps=3
[InvertedPendulum-v4] run=3 seed= 68 t=    4,724  ep= 764  ep_reward=     6.00  ep_steps=6
[InvertedPendulum-v4] run=3 seed= 68 t=    4,727  ep= 765  ep_reward=     3.00  ep_steps=3
[InvertedPendulum-v4] run=3 seed= 68 t=    4,731  ep= 766  ep_reward=     4.00  ep_steps=4
[InvertedPendulum-v4] run=3 seed= 68 t=    4,743  ep= 767  ep_reward=    12.00  ep_steps=12
[InvertedPendulum-v4] run=3 seed= 68 t=    4,749  ep= 768  ep_reward=     6.00  ep_steps=6
[InvertedPendulum-v4] run=3 seed= 68 t=    4,762  ep= 769  ep_reward=    13.00  ep_steps=13
[InvertedPendulum-v4] run=3 seed= 68 t=    4,769  ep= 770  ep_reward=     7.00  ep_steps=7
[InvertedPendulum-v4] run=3 seed= 68 t=    4,773  ep= 771  ep_reward=     4.00  ep_steps=4
[InvertedPendulum-v4] run=3 seed= 68 t=    4,776  ep= 772  ep_reward=     3.00  ep_steps=3
[InvertedPendulum-v4] run=3 seed= 68 t=    4,784  ep= 773  ep_reward=     8.00  ep_steps=8
[InvertedPendulum-v4] run=3 seed= 68 t=    4,791  ep= 774  ep_reward=     7.00  ep_steps=7
[InvertedPendulum-v4] run=3 seed= 68 t=    4,797  ep= 775  ep_reward=     6.00  ep_steps=6
[InvertedPendulum-v4] run=3 seed= 68 t=    4,803  ep= 776  ep_reward=     6.00  ep_steps=6
[InvertedPendulum-v4] run=3 seed= 68 t=    4,806  ep= 777  ep_reward=     3.00  ep_steps=3
[InvertedPendulum-v4] run=3 seed= 68 t=    4,809  ep= 778  ep_reward=     3.00  ep_steps=3
[InvertedPendulum-v4] run=3 seed= 68 t=    4,816  ep= 779  ep_reward=     7.00  ep_steps=7
[InvertedPendulum-v4] run=3 seed= 68 t=    4,823  ep= 780  ep_reward=     7.00  ep_steps=7
[InvertedPendulum-v4] run=3 seed= 68 t=    4,826  ep= 781  ep_reward=     3.00  ep_steps=3
[InvertedPendulum-v4] run=3 seed= 68 t=    4,835  ep= 782  ep_reward=     9.00  ep_steps=9
[InvertedPendulum-v4] run=3 seed= 68 t=    4,839  ep= 783  ep_reward=     4.00  ep_steps=4
[InvertedPendulum-v4] run=3 seed= 68 t=    4,842  ep= 784  ep_reward=     3.00  ep_steps=3
[InvertedPendulum-v4] run=3 seed= 68 t=    4,845  ep= 785  ep_reward=     3.00  ep_steps=3
[InvertedPendulum-v4] run=3 seed= 68 t=    4,855  ep= 786  ep_reward=    10.00  ep_steps=10
[InvertedPendulum-v4] run=3 seed= 68 t=    4,863  ep= 787  ep_reward=     8.00  ep_steps=8
[InvertedPendulum-v4] run=3 seed= 68 t=    4,870  ep= 788  ep_reward=     7.00  ep_steps=7
[InvertedPendulum-v4] run=3 seed= 68 t=    4,875  ep= 789  ep_reward=     5.00  ep_steps=5
[InvertedPendulum-v4] run=3 seed= 68 t=    4,880  ep= 790  ep_reward=     5.00  ep_steps=5
[InvertedPendulum-v4] run=3 seed= 68 t=    4,884  ep= 791  ep_reward=     4.00  ep_steps=4
[InvertedPendulum-v4] run=3 seed= 68 t=    4,897  ep= 792  ep_reward=    13.00  ep_steps=13
[InvertedPendulum-v4] run=3 seed= 68 t=    4,901  ep= 793  ep_reward=     4.00  ep_steps=4
[InvertedPendulum-v4] run=3 seed= 68 t=    4,907  ep= 794  ep_reward=     6.00  ep_steps=6
[InvertedPendulum-v4] run=3 seed= 68 t=    4,911  ep= 795  ep_reward=     4.00  ep_steps=4
[InvertedPendulum-v4] run=3 seed= 68 t=    4,914  ep= 796  ep_reward=     3.00  ep_steps=3
[InvertedPendulum-v4] run=3 seed= 68 t=    4,920  ep= 797  ep_reward=     6.00  ep_steps=6
[InvertedPendulum-v4] run=3 seed= 68 t=    4,924  ep= 798  ep_reward=     4.00  ep_steps=4
[InvertedPendulum-v4] run=3 seed= 68 t=    4,932  ep= 799  ep_reward=     8.00  ep_steps=8
[InvertedPendulum-v4] run=3 seed= 68 t=    4,937  ep= 800  ep_reward=     5.00  ep_steps=5
[InvertedPendulum-v4] run=3 seed= 68 t=    4,940  ep= 801  ep_reward=     3.00  ep_steps=3
[InvertedPendulum-v4] run=3 seed= 68 t=    4,943  ep= 802  ep_reward=     3.00  ep_steps=3
[InvertedPendulum-v4] run=3 seed= 68 t=    4,948  ep= 803  ep_reward=     5.00  ep_steps=5
[InvertedPendulum-v4] run=3 seed= 68 t=    4,952  ep= 804  ep_reward=     4.00  ep_steps=4
[InvertedPendulum-v4] run=3 seed= 68 t=    4,957  ep= 805  ep_reward=     5.00  ep_steps=5
[InvertedPendulum-v4] run=3 seed= 68 t=    4,965  ep= 806  ep_reward=     8.00  ep_steps=8
[InvertedPendulum-v4] run=3 seed= 68 t=    4,969  ep= 807  ep_reward=     4.00  ep_steps=4
[InvertedPendulum-v4] run=3 seed= 68 t=    4,972  ep= 808  ep_reward=     3.00  ep_steps=3
[InvertedPendulum-v4] run=3 seed= 68 t=    4,982  ep= 809  ep_reward=    10.00  ep_steps=10
[InvertedPendulum-v4] run=3 seed= 68 t=    4,989  ep= 810  ep_reward=     7.00  ep_steps=7
[InvertedPendulum-v4] run=3 seed= 68 t=    4,993  ep= 811  ep_reward=     4.00  ep_steps=4
[InvertedPendulum-v4] run=3 seed= 68 t=    4,997  ep= 812  ep_reward=     4.00  ep_steps=4
[InvertedPendulum-v4] run=3 seed= 68 t=    5,005  ep= 813  ep_reward=     8.00  ep_steps=8
[InvertedPendulum-v4] run=3 seed= 68 t=    5,011  ep= 814  ep_reward=     6.00  ep_steps=6
[InvertedPendulum-v4] run=3 seed= 68 t=    5,015  ep= 815  ep_reward=     4.00  ep_steps=4
[InvertedPendulum-v4] run=3 seed= 68 t=    5,019  ep= 816  ep_reward=     4.00  ep_steps=4
[InvertedPendulum-v4] run=3 seed= 68 t=    5,022  ep= 817  ep_reward=     3.00  ep_steps=3
[InvertedPendulum-v4] run=3 seed= 68 t=    5,026  ep= 818  ep_reward=     4.00  ep_steps=4
[InvertedPendulum-v4] run=3 seed= 68 t=    5,029  ep= 819  ep_reward=     3.00  ep_steps=3
[InvertedPendulum-v4] run=3 seed= 68 t=    5,032  ep= 820  ep_reward=     3.00  ep_steps=3
[InvertedPendulum-v4] run=3 seed= 68 t=    5,035  ep= 821  ep_reward=     3.00  ep_steps=3
[InvertedPendulum-v4] run=3 seed= 68 t=    5,038  ep= 822  ep_reward=     3.00  ep_steps=3
[InvertedPendulum-v4] run=3 seed= 68 t=    5,041  ep= 823  ep_reward=     3.00  ep_steps=3
[InvertedPendulum-v4] run=3 seed= 68 t=    5,044  ep= 824  ep_reward=     3.00  ep_steps=3
[InvertedPendulum-v4] run=3 seed= 68 t=    5,047  ep= 825  ep_reward=     3.00  ep_steps=3
[InvertedPendulum-v4] run=3 seed= 68 t=    5,050  ep= 826  ep_reward=     3.00  ep_steps=3
[InvertedPendulum-v4] run=3 seed= 68 t=    5,053  ep= 827  ep_reward=     3.00  ep_steps=3
[InvertedPendulum-v4] run=3 seed= 68 t=    5,056  ep= 828  ep_reward=     3.00  ep_steps=3
[InvertedPendulum-v4] run=3 seed= 68 t=    5,059  ep= 829  ep_reward=     3.00  ep_steps=3
[InvertedPendulum-v4] run=3 seed= 68 t=    5,062  ep= 830  ep_reward=     3.00  ep_steps=3
[InvertedPendulum-v4] run=3 seed= 68 t=    5,065  ep= 831  ep_reward=     3.00  ep_steps=3
[InvertedPendulum-v4] run=3 seed= 68 t=    5,068  ep= 832  ep_reward=     3.00  ep_steps=3
[InvertedPendulum-v4] run=3 seed= 68 t=    5,071  ep= 833  ep_reward=     3.00  ep_steps=3
[InvertedPendulum-v4] run=3 seed= 68 t=    5,074  ep= 834  ep_reward=     3.00  ep_steps=3
[InvertedPendulum-v4] run=3 seed= 68 t=    5,077  ep= 835  ep_reward=     3.00  ep_steps=3
[InvertedPendulum-v4] run=3 seed= 68 t=    5,080  ep= 836  ep_reward=     3.00  ep_steps=3
[InvertedPendulum-v4] run=3 seed= 68 t=    5,083  ep= 837  ep_reward=     3.00  ep_steps=3
[InvertedPendulum-v4] run=3 seed= 68 t=    5,086  ep= 838  ep_reward=     3.00  ep_steps=3
[InvertedPendulum-v4] run=3 seed= 68 t=    5,089  ep= 839  ep_reward=     3.00  ep_steps=3
[InvertedPendulum-v4] run=3 seed= 68 t=    5,092  ep= 840  ep_reward=     3.00  ep_steps=3
[InvertedPendulum-v4] run=3 seed= 68 t=    5,095  ep= 841  ep_reward=     3.00  ep_steps=3
[InvertedPendulum-v4] run=3 seed= 68 t=    5,098  ep= 842  ep_reward=     3.00  ep_steps=3
[InvertedPendulum-v4] run=3 seed= 68 t=    5,101  ep= 843  ep_reward=     3.00  ep_steps=3
[InvertedPendulum-v4] run=3 seed= 68 t=    5,104  ep= 844  ep_reward=     3.00  ep_steps=3
[InvertedPendulum-v4] run=3 seed= 68 t=    5,107  ep= 845  ep_reward=     3.00  ep_steps=3
[InvertedPendulum-v4] run=3 seed= 68 t=    5,110  ep= 846  ep_reward=     3.00  ep_steps=3
[InvertedPendulum-v4] run=3 seed= 68 t=    5,113  ep= 847  ep_reward=     3.00  ep_steps=3
[InvertedPendulum-v4] run=3 seed= 68 t=    5,116  ep= 848  ep_reward=     3.00  ep_steps=3
[InvertedPendulum-v4] run=3 seed= 68 t=    5,119  ep= 849  ep_reward=     3.00  ep_steps=3
[InvertedPendulum-v4] run=3 seed= 68 t=    5,122  ep= 850  ep_reward=     3.00  ep_steps=3
[InvertedPendulum-v4] run=3 seed= 68 t=    5,125  ep= 851  ep_reward=     3.00  ep_steps=3
[InvertedPendulum-v4] run=3 seed= 68 t=    5,128  ep= 852  ep_reward=     3.00  ep_steps=3
[InvertedPendulum-v4] run=3 seed= 68 t=    5,131  ep= 853  ep_reward=     3.00  ep_steps=3
[InvertedPendulum-v4] run=3 seed= 68 t=    5,134  ep= 854  ep_reward=     3.00  ep_steps=3
[InvertedPendulum-v4] run=3 seed= 68 t=    5,137  ep= 855  ep_reward=     3.00  ep_steps=3
[InvertedPendulum-v4] run=3 seed= 68 t=    5,140  ep= 856  ep_reward=     3.00  ep_steps=3
[InvertedPendulum-v4] run=3 seed= 68 t=    5,143  ep= 857  ep_reward=     3.00  ep_steps=3
[InvertedPendulum-v4] run=3 seed= 68 t=    5,146  ep= 858  ep_reward=     3.00  ep_steps=3
[InvertedPendulum-v4] run=3 seed= 68 t=    5,149  ep= 859  ep_reward=     3.00  ep_steps=3
[InvertedPendulum-v4] run=3 seed= 68 t=    5,152  ep= 860  ep_reward=     3.00  ep_steps=3
[InvertedPendulum-v4] run=3 seed= 68 t=    5,155  ep= 861  ep_reward=     3.00  ep_steps=3
[InvertedPendulum-v4] run=3 seed= 68 t=    5,158  ep= 862  ep_reward=     3.00  ep_steps=3
[InvertedPendulum-v4] run=3 seed= 68 t=    5,161  ep= 863  ep_reward=     3.00  ep_steps=3
[InvertedPendulum-v4] run=3 seed= 68 t=    5,164  ep= 864  ep_reward=     3.00  ep_steps=3
[InvertedPendulum-v4] run=3 seed= 68 t=    5,167  ep= 865  ep_reward=     3.00  ep_steps=3
[InvertedPendulum-v4] run=3 seed= 68 t=    5,170  ep= 866  ep_reward=     3.00  ep_steps=3
[InvertedPendulum-v4] run=3 seed= 68 t=    5,173  ep= 867  ep_reward=     3.00  ep_steps=3
[InvertedPendulum-v4] run=3 seed= 68 t=    5,176  ep= 868  ep_reward=     3.00  ep_steps=3
[InvertedPendulum-v4] run=3 seed= 68 t=    5,179  ep= 869  ep_reward=     3.00  ep_steps=3
[InvertedPendulum-v4] run=3 seed= 68 t=    5,182  ep= 870  ep_reward=     3.00  ep_steps=3
[InvertedPendulum-v4] run=3 seed= 68 t=    5,185  ep= 871  ep_reward=     3.00  ep_steps=3
[InvertedPendulum-v4] run=3 seed= 68 t=    5,188  ep= 872  ep_reward=     3.00  ep_steps=3
[InvertedPendulum-v4] run=3 seed= 68 t=    5,191  ep= 873  ep_reward=     3.00  ep_steps=3
[InvertedPendulum-v4] run=3 seed= 68 t=    5,194  ep= 874  ep_reward=     3.00  ep_steps=3
[InvertedPendulum-v4] run=3 seed= 68 t=    5,197  ep= 875  ep_reward=     3.00  ep_steps=3
[InvertedPendulum-v4] run=3 seed= 68 t=    5,200  ep= 876  ep_reward=     3.00  ep_steps=3
[InvertedPendulum-v4] run=3 seed= 68 t=    5,203  ep= 877  ep_reward=     3.00  ep_steps=3
[InvertedPendulum-v4] run=3 seed= 68 t=    5,206  ep= 878  ep_reward=     3.00  ep_steps=3
[InvertedPendulum-v4] run=3 seed= 68 t=    5,209  ep= 879  ep_reward=     3.00  ep_steps=3
[InvertedPendulum-v4] run=3 seed= 68 t=    5,212  ep= 880  ep_reward=     3.00  ep_steps=3
[InvertedPendulum-v4] run=3 seed= 68 t=    5,215  ep= 881  ep_reward=     3.00  ep_steps=3
[InvertedPendulum-v4] run=3 seed= 68 t=    5,218  ep= 882  ep_reward=     3.00  ep_steps=3
[InvertedPendulum-v4] run=3 seed= 68 t=    5,221  ep= 883  ep_reward=     3.00  ep_steps=3
[InvertedPendulum-v4] run=3 seed= 68 t=    5,224  ep= 884  ep_reward=     3.00  ep_steps=3
[InvertedPendulum-v4] run=3 seed= 68 t=    5,227  ep= 885  ep_reward=     3.00  ep_steps=3
[InvertedPendulum-v4] run=3 seed= 68 t=    5,230  ep= 886  ep_reward=     3.00  ep_steps=3
[InvertedPendulum-v4] run=3 seed= 68 t=    5,233  ep= 887  ep_reward=     3.00  ep_steps=3
[InvertedPendulum-v4] run=3 seed= 68 t=    5,236  ep= 888  ep_reward=     3.00  ep_steps=3
[InvertedPendulum-v4] run=3 seed= 68 t=    5,239  ep= 889  ep_reward=     3.00  ep_steps=3
[InvertedPendulum-v4] run=3 seed= 68 t=    5,242  ep= 890  ep_reward=     3.00  ep_steps=3
[InvertedPendulum-v4] run=3 seed= 68 t=    5,245  ep= 891  ep_reward=     3.00  ep_steps=3
[InvertedPendulum-v4] run=3 seed= 68 t=    5,248  ep= 892  ep_reward=     3.00  ep_steps=3
[InvertedPendulum-v4] run=3 seed= 68 t=    5,251  ep= 893  ep_reward=     3.00  ep_steps=3
[InvertedPendulum-v4] run=3 seed= 68 t=    5,254  ep= 894  ep_reward=     3.00  ep_steps=3
[InvertedPendulum-v4] run=3 seed= 68 t=    5,257  ep= 895  ep_reward=     3.00  ep_steps=3
[InvertedPendulum-v4] run=3 seed= 68 t=    5,260  ep= 896  ep_reward=     3.00  ep_steps=3
[InvertedPendulum-v4] run=3 seed= 68 t=    5,263  ep= 897  ep_reward=     3.00  ep_steps=3
[InvertedPendulum-v4] run=3 seed= 68 t=    5,266  ep= 898  ep_reward=     3.00  ep_steps=3
[InvertedPendulum-v4] run=3 seed= 68 t=    5,269  ep= 899  ep_reward=     3.00  ep_steps=3
[InvertedPendulum-v4] run=3 seed= 68 t=    5,272  ep= 900  ep_reward=     3.00  ep_steps=3
[InvertedPendulum-v4] run=3 seed= 68 t=    5,275  ep= 901  ep_reward=     3.00  ep_steps=3
[InvertedPendulum-v4] run=3 seed= 68 t=    5,278  ep= 902  ep_reward=     3.00  ep_steps=3
[InvertedPendulum-v4] run=3 seed= 68 t=    5,281  ep= 903  ep_reward=     3.00  ep_steps=3
[InvertedPendulum-v4] run=3 seed= 68 t=    5,284  ep= 904  ep_reward=     3.00  ep_steps=3
[InvertedPendulum-v4] run=3 seed= 68 t=    5,287  ep= 905  ep_reward=     3.00  ep_steps=3
[InvertedPendulum-v4] run=3 seed= 68 t=    5,290  ep= 906  ep_reward=     3.00  ep_steps=3
[InvertedPendulum-v4] run=3 seed= 68 t=    5,293  ep= 907  ep_reward=     3.00  ep_steps=3
[InvertedPendulum-v4] run=3 seed= 68 t=    5,296  ep= 908  ep_reward=     3.00  ep_steps=3
[InvertedPendulum-v4] run=3 seed= 68 t=    5,299  ep= 909  ep_reward=     3.00  ep_steps=3
[InvertedPendulum-v4] run=3 seed= 68 t=    5,302  ep= 910  ep_reward=     3.00  ep_steps=3
[InvertedPendulum-v4] run=3 seed= 68 t=    5,305  ep= 911  ep_reward=     3.00  ep_steps=3
[InvertedPendulum-v4] run=3 seed= 68 t=    5,308  ep= 912  ep_reward=     3.00  ep_steps=3
[InvertedPendulum-v4] run=3 seed= 68 t=    5,311  ep= 913  ep_reward=     3.00  ep_steps=3
[InvertedPendulum-v4] run=3 seed= 68 t=    5,314  ep= 914  ep_reward=     3.00  ep_steps=3
[InvertedPendulum-v4] run=3 seed= 68 t=    5,317  ep= 915  ep_reward=     3.00  ep_steps=3
[InvertedPendulum-v4] run=3 seed= 68 t=    5,320  ep= 916  ep_reward=     3.00  ep_steps=3
[InvertedPendulum-v4] run=3 seed= 68 t=    5,323  ep= 917  ep_reward=     3.00  ep_steps=3
[InvertedPendulum-v4] run=3 seed= 68 t=    5,326  ep= 918  ep_reward=     3.00  ep_steps=3
[InvertedPendulum-v4] run=3 seed= 68 t=    5,329  ep= 919  ep_reward=     3.00  ep_steps=3
[InvertedPendulum-v4] run=3 seed= 68 t=    5,332  ep= 920  ep_reward=     3.00  ep_steps=3
[InvertedPendulum-v4] run=3 seed= 68 t=    5,335  ep= 921  ep_reward=     3.00  ep_steps=3
[InvertedPendulum-v4] run=3 seed= 68 t=    5,338  ep= 922  ep_reward=     3.00  ep_steps=3
[InvertedPendulum-v4] run=3 seed= 68 t=    5,341  ep= 923  ep_reward=     3.00  ep_steps=3
[InvertedPendulum-v4] run=3 seed= 68 t=    5,344  ep= 924  ep_reward=     3.00  ep_steps=3
[InvertedPendulum-v4] run=3 seed= 68 t=    5,347  ep= 925  ep_reward=     3.00  ep_steps=3
[InvertedPendulum-v4] run=3 seed= 68 t=    5,350  ep= 926  ep_reward=     3.00  ep_steps=3
[InvertedPendulum-v4] run=3 seed= 68 t=    5,353  ep= 927  ep_reward=     3.00  ep_steps=3
[InvertedPendulum-v4] run=3 seed= 68 t=    5,356  ep= 928  ep_reward=     3.00  ep_steps=3
[InvertedPendulum-v4] run=3 seed= 68 t=    5,359  ep= 929  ep_reward=     3.00  ep_steps=3
[InvertedPendulum-v4] run=3 seed= 68 t=    5,362  ep= 930  ep_reward=     3.00  ep_steps=3
[InvertedPendulum-v4] run=3 seed= 68 t=    5,365  ep= 931  ep_reward=     3.00  ep_steps=3
[InvertedPendulum-v4] run=3 seed= 68 t=    5,368  ep= 932  ep_reward=     3.00  ep_steps=3
[InvertedPendulum-v4] run=3 seed= 68 t=    5,371  ep= 933  ep_reward=     3.00  ep_steps=3
[InvertedPendulum-v4] run=3 seed= 68 t=    5,374  ep= 934  ep_reward=     3.00  ep_steps=3
[InvertedPendulum-v4] run=3 seed= 68 t=    5,377  ep= 935  ep_reward=     3.00  ep_steps=3
[InvertedPendulum-v4] run=3 seed= 68 t=    5,380  ep= 936  ep_reward=     3.00  ep_steps=3
[InvertedPendulum-v4] run=3 seed= 68 t=    5,383  ep= 937  ep_reward=     3.00  ep_steps=3
[InvertedPendulum-v4] run=3 seed= 68 t=    5,386  ep= 938  ep_reward=     3.00  ep_steps=3
[InvertedPendulum-v4] run=3 seed= 68 t=    5,389  ep= 939  ep_reward=     3.00  ep_steps=3
[InvertedPendulum-v4] run=3 seed= 68 t=    5,392  ep= 940  ep_reward=     3.00  ep_steps=3
[InvertedPendulum-v4] run=3 seed= 68 t=    5,395  ep= 941  ep_reward=     3.00  ep_steps=3
[InvertedPendulum-v4] run=3 seed= 68 t=    5,398  ep= 942  ep_reward=     3.00  ep_steps=3
[InvertedPendulum-v4] run=3 seed= 68 t=    5,401  ep= 943  ep_reward=     3.00  ep_steps=3
[InvertedPendulum-v4] run=3 seed= 68 t=    5,404  ep= 944  ep_reward=     3.00  ep_steps=3
[InvertedPendulum-v4] run=3 seed= 68 t=    5,407  ep= 945  ep_reward=     3.00  ep_steps=3
[InvertedPendulum-v4] run=3 seed= 68 t=    5,410  ep= 946  ep_reward=     3.00  ep_steps=3
[InvertedPendulum-v4] run=3 seed= 68 t=    5,413  ep= 947  ep_reward=     3.00  ep_steps=3
[InvertedPendulum-v4] run=3 seed= 68 t=    5,416  ep= 948  ep_reward=     3.00  ep_steps=3
[InvertedPendulum-v4] run=3 seed= 68 t=    5,419  ep= 949  ep_reward=     3.00  ep_steps=3
[InvertedPendulum-v4] run=3 seed= 68 t=    5,422  ep= 950  ep_reward=     3.00  ep_steps=3
[InvertedPendulum-v4] run=3 seed= 68 t=    5,425  ep= 951  ep_reward=     3.00  ep_steps=3
[InvertedPendulum-v4] run=3 seed= 68 t=    5,428  ep= 952  ep_reward=     3.00  ep_steps=3
[InvertedPendulum-v4] run=3 seed= 68 t=    5,431  ep= 953  ep_reward=     3.00  ep_steps=3
[InvertedPendulum-v4] run=3 seed= 68 t=    5,434  ep= 954  ep_reward=     3.00  ep_steps=3
[InvertedPendulum-v4] run=3 seed= 68 t=    5,437  ep= 955  ep_reward=     3.00  ep_steps=3
[InvertedPendulum-v4] run=3 seed= 68 t=    5,440  ep= 956  ep_reward=     3.00  ep_steps=3
[InvertedPendulum-v4] run=3 seed= 68 t=    5,443  ep= 957  ep_reward=     3.00  ep_steps=3
[InvertedPendulum-v4] run=3 seed= 68 t=    5,446  ep= 958  ep_reward=     3.00  ep_steps=3
[InvertedPendulum-v4] run=3 seed= 68 t=    5,449  ep= 959  ep_reward=     3.00  ep_steps=3
[InvertedPendulum-v4] run=3 seed= 68 t=    5,452  ep= 960  ep_reward=     3.00  ep_steps=3
[InvertedPendulum-v4] run=3 seed= 68 t=    5,455  ep= 961  ep_reward=     3.00  ep_steps=3
[InvertedPendulum-v4] run=3 seed= 68 t=    5,458  ep= 962  ep_reward=     3.00  ep_steps=3
[InvertedPendulum-v4] run=3 seed= 68 t=    5,461  ep= 963  ep_reward=     3.00  ep_steps=3
[InvertedPendulum-v4] run=3 seed= 68 t=    5,464  ep= 964  ep_reward=     3.00  ep_steps=3
[InvertedPendulum-v4] run=3 seed= 68 t=    5,467  ep= 965  ep_reward=     3.00  ep_steps=3
[InvertedPendulum-v4] run=3 seed= 68 t=    5,470  ep= 966  ep_reward=     3.00  ep_steps=3
[InvertedPendulum-v4] run=3 seed= 68 t=    5,473  ep= 967  ep_reward=     3.00  ep_steps=3
[InvertedPendulum-v4] run=3 seed= 68 t=    5,476  ep= 968  ep_reward=     3.00  ep_steps=3
[InvertedPendulum-v4] run=3 seed= 68 t=    5,479  ep= 969  ep_reward=     3.00  ep_steps=3
[InvertedPendulum-v4] run=3 seed= 68 t=    5,482  ep= 970  ep_reward=     3.00  ep_steps=3
[InvertedPendulum-v4] run=3 seed= 68 t=    5,485  ep= 971  ep_reward=     3.00  ep_steps=3
[InvertedPendulum-v4] run=3 seed= 68 t=    5,488  ep= 972  ep_reward=     3.00  ep_steps=3
[InvertedPendulum-v4] run=3 seed= 68 t=    5,491  ep= 973  ep_reward=     3.00  ep_steps=3
[InvertedPendulum-v4] run=3 seed= 68 t=    5,494  ep= 974  ep_reward=     3.00  ep_steps=3
[InvertedPendulum-v4] run=3 seed= 68 t=    5,497  ep= 975  ep_reward=     3.00  ep_steps=3
[InvertedPendulum-v4] run=3 seed= 68 t=    5,500  ep= 976  ep_reward=     3.00  ep_steps=3
[InvertedPendulum-v4] run=3 seed= 68 t=    5,503  ep= 977  ep_reward=     3.00  ep_steps=3
[InvertedPendulum-v4] run=3 seed= 68 t=    5,506  ep= 978  ep_reward=     3.00  ep_steps=3
[InvertedPendulum-v4] run=3 seed= 68 t=    5,509  ep= 979  ep_reward=     3.00  ep_steps=3
[InvertedPendulum-v4] run=3 seed= 68 t=    5,512  ep= 980  ep_reward=     3.00  ep_steps=3
[InvertedPendulum-v4] run=3 seed= 68 t=    5,515  ep= 981  ep_reward=     3.00  ep_steps=3
[InvertedPendulum-v4] run=3 seed= 68 t=    5,518  ep= 982  ep_reward=     3.00  ep_steps=3
[InvertedPendulum-v4] run=3 seed= 68 t=    5,521  ep= 983  ep_reward=     3.00  ep_steps=3
[InvertedPendulum-v4] run=3 seed= 68 t=    5,524  ep= 984  ep_reward=     3.00  ep_steps=3
[InvertedPendulum-v4] run=3 seed= 68 t=    5,527  ep= 985  ep_reward=     3.00  ep_steps=3
[InvertedPendulum-v4] run=3 seed= 68 t=    5,530  ep= 986  ep_reward=     3.00  ep_steps=3
[InvertedPendulum-v4] run=3 seed= 68 t=    5,533  ep= 987  ep_reward=     3.00  ep_steps=3
[InvertedPendulum-v4] run=3 seed= 68 t=    5,536  ep= 988  ep_reward=     3.00  ep_steps=3
[InvertedPendulum-v4] run=3 seed= 68 t=    5,539  ep= 989  ep_reward=     3.00  ep_steps=3
[InvertedPendulum-v4] run=3 seed= 68 t=    5,542  ep= 990  ep_reward=     3.00  ep_steps=3
[InvertedPendulum-v4] run=3 seed= 68 t=    5,545  ep= 991  ep_reward=     3.00  ep_steps=3
[InvertedPendulum-v4] run=3 seed= 68 t=    5,548  ep= 992  ep_reward=     3.00  ep_steps=3
[InvertedPendulum-v4] run=3 seed= 68 t=    5,551  ep= 993  ep_reward=     3.00  ep_steps=3
[InvertedPendulum-v4] run=3 seed= 68 t=    5,554  ep= 994  ep_reward=     3.00  ep_steps=3
[InvertedPendulum-v4] run=3 seed= 68 t=    5,557  ep= 995  ep_reward=     3.00  ep_steps=3
[InvertedPendulum-v4] run=3 seed= 68 t=    5,560  ep= 996  ep_reward=     3.00  ep_steps=3
[InvertedPendulum-v4] run=3 seed= 68 t=    5,563  ep= 997  ep_reward=     3.00  ep_steps=3
[InvertedPendulum-v4] run=3 seed= 68 t=    5,566  ep= 998  ep_reward=     3.00  ep_steps=3
[InvertedPendulum-v4] run=3 seed= 68 t=    5,569  ep= 999  ep_reward=     3.00  ep_steps=3
[InvertedPendulum-v4] run=3 seed= 68 t=    5,572  ep=1000  ep_reward=     3.00  ep_steps=3
[InvertedPendulum-v4] run=3 seed= 68 t=    5,575  ep=1001  ep_reward=     3.00  ep_steps=3
[InvertedPendulum-v4] run=3 seed= 68 t=    5,578  ep=1002  ep_reward=     3.00  ep_steps=3
[InvertedPendulum-v4] run=3 seed= 68 t=    5,581  ep=1003  ep_reward=     3.00  ep_steps=3
[InvertedPendulum-v4] run=3 seed= 68 t=    5,584  ep=1004  ep_reward=     3.00  ep_steps=3
[InvertedPendulum-v4] run=3 seed= 68 t=    5,587  ep=1005  ep_reward=     3.00  ep_steps=3
[InvertedPendulum-v4] run=3 seed= 68 t=    5,590  ep=1006  ep_reward=     3.00  ep_steps=3
[InvertedPendulum-v4] run=3 seed= 68 t=    5,593  ep=1007  ep_reward=     3.00  ep_steps=3
[InvertedPendulum-v4] run=3 seed= 68 t=    5,596  ep=1008  ep_reward=     3.00  ep_steps=3
[InvertedPendulum-v4] run=3 seed= 68 t=    5,599  ep=1009  ep_reward=     3.00  ep_steps=3
[InvertedPendulum-v4] run=3 seed= 68 t=    5,602  ep=1010  ep_reward=     3.00  ep_steps=3
[InvertedPendulum-v4] run=3 seed= 68 t=    5,605  ep=1011  ep_reward=     3.00  ep_steps=3
[InvertedPendulum-v4] run=3 seed= 68 t=    5,608  ep=1012  ep_reward=     3.00  ep_steps=3
[InvertedPendulum-v4] run=3 seed= 68 t=    5,611  ep=1013  ep_reward=     3.00  ep_steps=3
[InvertedPendulum-v4] run=3 seed= 68 t=    5,614  ep=1014  ep_reward=     3.00  ep_steps=3
[InvertedPendulum-v4] run=3 seed= 68 t=    5,617  ep=1015  ep_reward=     3.00  ep_steps=3
[InvertedPendulum-v4] run=3 seed= 68 t=    5,620  ep=1016  ep_reward=     3.00  ep_steps=3
[InvertedPendulum-v4] run=3 seed= 68 t=    5,623  ep=1017  ep_reward=     3.00  ep_steps=3
[InvertedPendulum-v4] run=3 seed= 68 t=    5,626  ep=1018  ep_reward=     3.00  ep_steps=3
[InvertedPendulum-v4] run=3 seed= 68 t=    5,629  ep=1019  ep_reward=     3.00  ep_steps=3
[InvertedPendulum-v4] run=3 seed= 68 t=    5,632  ep=1020  ep_reward=     3.00  ep_steps=3
[InvertedPendulum-v4] run=3 seed= 68 t=    5,635  ep=1021  ep_reward=     3.00  ep_steps=3
[InvertedPendulum-v4] run=3 seed= 68 t=    5,638  ep=1022  ep_reward=     3.00  ep_steps=3
[InvertedPendulum-v4] run=3 seed= 68 t=    5,641  ep=1023  ep_reward=     3.00  ep_steps=3
[InvertedPendulum-v4] run=3 seed= 68 t=    5,644  ep=1024  ep_reward=     3.00  ep_steps=3
[InvertedPendulum-v4] run=3 seed= 68 t=    5,647  ep=1025  ep_reward=     3.00  ep_steps=3
[InvertedPendulum-v4] run=3 seed= 68 t=    5,650  ep=1026  ep_reward=     3.00  ep_steps=3
[InvertedPendulum-v4] run=3 seed= 68 t=    5,653  ep=1027  ep_reward=     3.00  ep_steps=3
[InvertedPendulum-v4] run=3 seed= 68 t=    5,656  ep=1028  ep_reward=     3.00  ep_steps=3
[InvertedPendulum-v4] run=3 seed= 68 t=    5,659  ep=1029  ep_reward=     3.00  ep_steps=3
[InvertedPendulum-v4] run=3 seed= 68 t=    5,662  ep=1030  ep_reward=     3.00  ep_steps=3
[InvertedPendulum-v4] run=3 seed= 68 t=    5,665  ep=1031  ep_reward=     3.00  ep_steps=3
[InvertedPendulum-v4] run=3 seed= 68 t=    5,668  ep=1032  ep_reward=     3.00  ep_steps=3
[InvertedPendulum-v4] run=3 seed= 68 t=    5,671  ep=1033  ep_reward=     3.00  ep_steps=3
[InvertedPendulum-v4] run=3 seed= 68 t=    5,674  ep=1034  ep_reward=     3.00  ep_steps=3
[InvertedPendulum-v4] run=3 seed= 68 t=    5,677  ep=1035  ep_reward=     3.00  ep_steps=3
[InvertedPendulum-v4] run=3 seed= 68 t=    5,680  ep=1036  ep_reward=     3.00  ep_steps=3
[InvertedPendulum-v4] run=3 seed= 68 t=    5,683  ep=1037  ep_reward=     3.00  ep_steps=3
[InvertedPendulum-v4] run=3 seed= 68 t=    5,686  ep=1038  ep_reward=     3.00  ep_steps=3
[InvertedPendulum-v4] run=3 seed= 68 t=    5,689  ep=1039  ep_reward=     3.00  ep_steps=3
[InvertedPendulum-v4] run=3 seed= 68 t=    5,692  ep=1040  ep_reward=     3.00  ep_steps=3
[InvertedPendulum-v4] run=3 seed= 68 t=    5,695  ep=1041  ep_reward=     3.00  ep_steps=3
[InvertedPendulum-v4] run=3 seed= 68 t=    5,698  ep=1042  ep_reward=     3.00  ep_steps=3
[InvertedPendulum-v4] run=3 seed= 68 t=    5,701  ep=1043  ep_reward=     3.00  ep_steps=3
[InvertedPendulum-v4] run=3 seed= 68 t=    5,704  ep=1044  ep_reward=     3.00  ep_steps=3
[InvertedPendulum-v4] run=3 seed= 68 t=    5,707  ep=1045  ep_reward=     3.00  ep_steps=3
[InvertedPendulum-v4] run=3 seed= 68 t=    5,710  ep=1046  ep_reward=     3.00  ep_steps=3
[InvertedPendulum-v4] run=3 seed= 68 t=    5,713  ep=1047  ep_reward=     3.00  ep_steps=3
[InvertedPendulum-v4] run=3 seed= 68 t=    5,716  ep=1048  ep_reward=     3.00  ep_steps=3
[InvertedPendulum-v4] run=3 seed= 68 t=    5,719  ep=1049  ep_reward=     3.00  ep_steps=3
[InvertedPendulum-v4] run=3 seed= 68 t=    5,722  ep=1050  ep_reward=     3.00  ep_steps=3
[InvertedPendulum-v4] run=3 seed= 68 t=    5,725  ep=1051  ep_reward=     3.00  ep_steps=3
[InvertedPendulum-v4] run=3 seed= 68 t=    5,728  ep=1052  ep_reward=     3.00  ep_steps=3
[InvertedPendulum-v4] run=3 seed= 68 t=    5,731  ep=1053  ep_reward=     3.00  ep_steps=3
[InvertedPendulum-v4] run=3 seed= 68 t=    5,734  ep=1054  ep_reward=     3.00  ep_steps=3
[InvertedPendulum-v4] run=3 seed= 68 t=    5,737  ep=1055  ep_reward=     3.00  ep_steps=3
[InvertedPendulum-v4] run=3 seed= 68 t=    5,740  ep=1056  ep_reward=     3.00  ep_steps=3
[InvertedPendulum-v4] run=3 seed= 68 t=    5,743  ep=1057  ep_reward=     3.00  ep_steps=3
[InvertedPendulum-v4] run=3 seed= 68 t=    5,746  ep=1058  ep_reward=     3.00  ep_steps=3
[InvertedPendulum-v4] run=3 seed= 68 t=    5,749  ep=1059  ep_reward=     3.00  ep_steps=3
[InvertedPendulum-v4] run=3 seed= 68 t=    5,752  ep=1060  ep_reward=     3.00  ep_steps=3
[InvertedPendulum-v4] run=3 seed= 68 t=    5,755  ep=1061  ep_reward=     3.00  ep_steps=3
[InvertedPendulum-v4] run=3 seed= 68 t=    5,758  ep=1062  ep_reward=     3.00  ep_steps=3
[InvertedPendulum-v4] run=3 seed= 68 t=    5,761  ep=1063  ep_reward=     3.00  ep_steps=3
[InvertedPendulum-v4] run=3 seed= 68 t=    5,764  ep=1064  ep_reward=     3.00  ep_steps=3
[InvertedPendulum-v4] run=3 seed= 68 t=    5,767  ep=1065  ep_reward=     3.00  ep_steps=3
[InvertedPendulum-v4] run=3 seed= 68 t=    5,770  ep=1066  ep_reward=     3.00  ep_steps=3
[InvertedPendulum-v4] run=3 seed= 68 t=    5,773  ep=1067  ep_reward=     3.00  ep_steps=3
[InvertedPendulum-v4] run=3 seed= 68 t=    5,776  ep=1068  ep_reward=     3.00  ep_steps=3
[InvertedPendulum-v4] run=3 seed= 68 t=    5,779  ep=1069  ep_reward=     3.00  ep_steps=3
[InvertedPendulum-v4] run=3 seed= 68 t=    5,782  ep=1070  ep_reward=     3.00  ep_steps=3
[InvertedPendulum-v4] run=3 seed= 68 t=    5,785  ep=1071  ep_reward=     3.00  ep_steps=3
[InvertedPendulum-v4] run=3 seed= 68 t=    5,788  ep=1072  ep_reward=     3.00  ep_steps=3
[InvertedPendulum-v4] run=3 seed= 68 t=    5,791  ep=1073  ep_reward=     3.00  ep_steps=3
[InvertedPendulum-v4] run=3 seed= 68 t=    5,794  ep=1074  ep_reward=     3.00  ep_steps=3
[InvertedPendulum-v4] run=3 seed= 68 t=    5,797  ep=1075  ep_reward=     3.00  ep_steps=3
[InvertedPendulum-v4] run=3 seed= 68 t=    5,800  ep=1076  ep_reward=     3.00  ep_steps=3
[InvertedPendulum-v4] run=3 seed= 68 t=    5,803  ep=1077  ep_reward=     3.00  ep_steps=3
[InvertedPendulum-v4] run=3 seed= 68 t=    5,806  ep=1078  ep_reward=     3.00  ep_steps=3
[InvertedPendulum-v4] run=3 seed= 68 t=    5,809  ep=1079  ep_reward=     3.00  ep_steps=3
[InvertedPendulum-v4] run=3 seed= 68 t=    5,812  ep=1080  ep_reward=     3.00  ep_steps=3
[InvertedPendulum-v4] run=3 seed= 68 t=    5,815  ep=1081  ep_reward=     3.00  ep_steps=3
[InvertedPendulum-v4] run=3 seed= 68 t=    5,818  ep=1082  ep_reward=     3.00  ep_steps=3
[InvertedPendulum-v4] run=3 seed= 68 t=    5,821  ep=1083  ep_reward=     3.00  ep_steps=3
[InvertedPendulum-v4] run=3 seed= 68 t=    5,824  ep=1084  ep_reward=     3.00  ep_steps=3
[InvertedPendulum-v4] run=3 seed= 68 t=    5,827  ep=1085  ep_reward=     3.00  ep_steps=3
[InvertedPendulum-v4] run=3 seed= 68 t=    5,830  ep=1086  ep_reward=     3.00  ep_steps=3
[InvertedPendulum-v4] run=3 seed= 68 t=    5,833  ep=1087  ep_reward=     3.00  ep_steps=3
[InvertedPendulum-v4] run=3 seed= 68 t=    5,836  ep=1088  ep_reward=     3.00  ep_steps=3
[InvertedPendulum-v4] run=3 seed= 68 t=    5,839  ep=1089  ep_reward=     3.00  ep_steps=3
[InvertedPendulum-v4] run=3 seed= 68 t=    5,842  ep=1090  ep_reward=     3.00  ep_steps=3
[InvertedPendulum-v4] run=3 seed= 68 t=    5,845  ep=1091  ep_reward=     3.00  ep_steps=3
[InvertedPendulum-v4] run=3 seed= 68 t=    5,848  ep=1092  ep_reward=     3.00  ep_steps=3
[InvertedPendulum-v4] run=3 seed= 68 t=    5,851  ep=1093  ep_reward=     3.00  ep_steps=3
[InvertedPendulum-v4] run=3 seed= 68 t=    5,854  ep=1094  ep_reward=     3.00  ep_steps=3
[InvertedPendulum-v4] run=3 seed= 68 t=    5,857  ep=1095  ep_reward=     3.00  ep_steps=3
[InvertedPendulum-v4] run=3 seed= 68 t=    5,860  ep=1096  ep_reward=     3.00  ep_steps=3
[InvertedPendulum-v4] run=3 seed= 68 t=    5,863  ep=1097  ep_reward=     3.00  ep_steps=3
[InvertedPendulum-v4] run=3 seed= 68 t=    5,867  ep=1098  ep_reward=     4.00  ep_steps=4
[InvertedPendulum-v4] run=3 seed= 68 t=    5,871  ep=1099  ep_reward=     4.00  ep_steps=4
[InvertedPendulum-v4] run=3 seed= 68 t=    5,875  ep=1100  ep_reward=     4.00  ep_steps=4
[InvertedPendulum-v4] run=3 seed= 68 t=    5,880  ep=1101  ep_reward=     5.00  ep_steps=5
[InvertedPendulum-v4] run=3 seed= 68 t=    5,887  ep=1102  ep_reward=     7.00  ep_steps=7
[InvertedPendulum-v4] run=3 seed= 68 t=    5,907  ep=1103  ep_reward=    20.00  ep_steps=20
[InvertedPendulum-v4] run=3 seed= 68 t=    5,917  ep=1104  ep_reward=    10.00  ep_steps=10
[InvertedPendulum-v4] run=3 seed= 68 t=    5,927  ep=1105  ep_reward=    10.00  ep_steps=10
[InvertedPendulum-v4] run=3 seed= 68 t=    5,936  ep=1106  ep_reward=     9.00  ep_steps=9
[InvertedPendulum-v4] run=3 seed= 68 t=    5,944  ep=1107  ep_reward=     8.00  ep_steps=8
[InvertedPendulum-v4] run=3 seed= 68 t=    5,952  ep=1108  ep_reward=     8.00  ep_steps=8
[InvertedPendulum-v4] run=3 seed= 68 t=    5,961  ep=1109  ep_reward=     9.00  ep_steps=9
[InvertedPendulum-v4] run=3 seed= 68 t=    5,969  ep=1110  ep_reward=     8.00  ep_steps=8
[InvertedPendulum-v4] run=3 seed= 68 t=    5,978  ep=1111  ep_reward=     9.00  ep_steps=9
[InvertedPendulum-v4] run=3 seed= 68 t=    5,988  ep=1112  ep_reward=    10.00  ep_steps=10
[InvertedPendulum-v4] run=3 seed= 68 t=    5,997  ep=1113  ep_reward=     9.00  ep_steps=9
[InvertedPendulum-v4] run=3 seed= 68 t=    6,008  ep=1114  ep_reward=    11.00  ep_steps=11
[InvertedPendulum-v4] run=3 seed= 68 t=    6,018  ep=1115  ep_reward=    10.00  ep_steps=10
[InvertedPendulum-v4] run=3 seed= 68 t=    6,026  ep=1116  ep_reward=     8.00  ep_steps=8
[InvertedPendulum-v4] run=3 seed= 68 t=    6,035  ep=1117  ep_reward=     9.00  ep_steps=9
[InvertedPendulum-v4] run=3 seed= 68 t=    6,044  ep=1118  ep_reward=     9.00  ep_steps=9
[InvertedPendulum-v4] run=3 seed= 68 t=    6,055  ep=1119  ep_reward=    11.00  ep_steps=11
[InvertedPendulum-v4] run=3 seed= 68 t=    6,064  ep=1120  ep_reward=     9.00  ep_steps=9
[InvertedPendulum-v4] run=3 seed= 68 t=    6,073  ep=1121  ep_reward=     9.00  ep_steps=9
[InvertedPendulum-v4] run=3 seed= 68 t=    6,082  ep=1122  ep_reward=     9.00  ep_steps=9
[InvertedPendulum-v4] run=3 seed= 68 t=    6,091  ep=1123  ep_reward=     9.00  ep_steps=9
[InvertedPendulum-v4] run=3 seed= 68 t=    6,103  ep=1124  ep_reward=    12.00  ep_steps=12
[InvertedPendulum-v4] run=3 seed= 68 t=    6,114  ep=1125  ep_reward=    11.00  ep_steps=11
[InvertedPendulum-v4] run=3 seed= 68 t=    6,125  ep=1126  ep_reward=    11.00  ep_steps=11
[InvertedPendulum-v4] run=3 seed= 68 t=    6,139  ep=1127  ep_reward=    14.00  ep_steps=14
[InvertedPendulum-v4] run=3 seed= 68 t=    6,158  ep=1128  ep_reward=    19.00  ep_steps=19
[InvertedPendulum-v4] run=3 seed= 68 t=    6,180  ep=1129  ep_reward=    22.00  ep_steps=22
[InvertedPendulum-v4] run=3 seed= 68 t=    6,204  ep=1130  ep_reward=    24.00  ep_steps=24
[InvertedPendulum-v4] run=3 seed= 68 t=    6,242  ep=1131  ep_reward=    38.00  ep_steps=38
[InvertedPendulum-v4] run=3 seed= 68 t=    6,291  ep=1132  ep_reward=    49.00  ep_steps=49
[InvertedPendulum-v4] run=3 seed= 68 t=    6,338  ep=1133  ep_reward=    47.00  ep_steps=47
[InvertedPendulum-v4] run=3 seed= 68 t=    6,382  ep=1134  ep_reward=    44.00  ep_steps=44
[InvertedPendulum-v4] run=3 seed= 68 t=    6,419  ep=1135  ep_reward=    37.00  ep_steps=37
[InvertedPendulum-v4] run=3 seed= 68 t=    6,455  ep=1136  ep_reward=    36.00  ep_steps=36
[InvertedPendulum-v4] run=3 seed= 68 t=    6,494  ep=1137  ep_reward=    39.00  ep_steps=39
[InvertedPendulum-v4] run=3 seed= 68 t=    6,535  ep=1138  ep_reward=    41.00  ep_steps=41
[InvertedPendulum-v4] run=3 seed= 68 t=    6,578  ep=1139  ep_reward=    43.00  ep_steps=43
[InvertedPendulum-v4] run=3 seed= 68 t=    6,626  ep=1140  ep_reward=    48.00  ep_steps=48
[InvertedPendulum-v4] run=3 seed= 68 t=    6,680  ep=1141  ep_reward=    54.00  ep_steps=54
[InvertedPendulum-v4] run=3 seed= 68 t=    6,740  ep=1142  ep_reward=    60.00  ep_steps=60
[InvertedPendulum-v4] run=3 seed= 68 t=    6,803  ep=1143  ep_reward=    63.00  ep_steps=63
[InvertedPendulum-v4] run=3 seed= 68 t=    6,892  ep=1144  ep_reward=    89.00  ep_steps=89
[InvertedPendulum-v4] run=3 seed= 68 t=    6,961  ep=1145  ep_reward=    69.00  ep_steps=69
[InvertedPendulum-v4] run=3 seed= 68 t=    7,034  ep=1146  ep_reward=    73.00  ep_steps=73
[InvertedPendulum-v4] run=3 seed= 68 t=    7,119  ep=1147  ep_reward=    85.00  ep_steps=85
[InvertedPendulum-v4] run=3 seed= 68 t=    7,188  ep=1148  ep_reward=    69.00  ep_steps=69
[InvertedPendulum-v4] run=3 seed= 68 t=    7,260  ep=1149  ep_reward=    72.00  ep_steps=72
[InvertedPendulum-v4] run=3 seed= 68 t=    7,329  ep=1150  ep_reward=    69.00  ep_steps=69
[InvertedPendulum-v4] run=3 seed= 68 t=    7,389  ep=1151  ep_reward=    60.00  ep_steps=60
[InvertedPendulum-v4] run=3 seed= 68 t=    7,449  ep=1152  ep_reward=    60.00  ep_steps=60
[InvertedPendulum-v4] run=3 seed= 68 t=    7,509  ep=1153  ep_reward=    60.00  ep_steps=60
[InvertedPendulum-v4] run=3 seed= 68 t=    7,567  ep=1154  ep_reward=    58.00  ep_steps=58
[InvertedPendulum-v4] run=3 seed= 68 t=    7,629  ep=1155  ep_reward=    62.00  ep_steps=62
[InvertedPendulum-v4] run=3 seed= 68 t=    7,687  ep=1156  ep_reward=    58.00  ep_steps=58
[InvertedPendulum-v4] run=3 seed= 68 t=    7,748  ep=1157  ep_reward=    61.00  ep_steps=61
[InvertedPendulum-v4] run=3 seed= 68 t=    7,808  ep=1158  ep_reward=    60.00  ep_steps=60
[InvertedPendulum-v4] run=3 seed= 68 t=    7,866  ep=1159  ep_reward=    58.00  ep_steps=58
[InvertedPendulum-v4] run=3 seed= 68 t=    7,922  ep=1160  ep_reward=    56.00  ep_steps=56
[InvertedPendulum-v4] run=3 seed= 68 t=    7,979  ep=1161  ep_reward=    57.00  ep_steps=57
[InvertedPendulum-v4] run=3 seed= 68 t=    8,036  ep=1162  ep_reward=    57.00  ep_steps=57
[InvertedPendulum-v4] run=3 seed= 68 t=    8,090  ep=1163  ep_reward=    54.00  ep_steps=54
[InvertedPendulum-v4] run=3 seed= 68 t=    8,141  ep=1164  ep_reward=    51.00  ep_steps=51
[InvertedPendulum-v4] run=3 seed= 68 t=    8,199  ep=1165  ep_reward=    58.00  ep_steps=58
[InvertedPendulum-v4] run=3 seed= 68 t=    8,252  ep=1166  ep_reward=    53.00  ep_steps=53
[InvertedPendulum-v4] run=3 seed= 68 t=    8,306  ep=1167  ep_reward=    54.00  ep_steps=54
[InvertedPendulum-v4] run=3 seed= 68 t=    8,358  ep=1168  ep_reward=    52.00  ep_steps=52
[InvertedPendulum-v4] run=3 seed= 68 t=    8,407  ep=1169  ep_reward=    49.00  ep_steps=49
[InvertedPendulum-v4] run=3 seed= 68 t=    8,455  ep=1170  ep_reward=    48.00  ep_steps=48
[InvertedPendulum-v4] run=3 seed= 68 t=    8,504  ep=1171  ep_reward=    49.00  ep_steps=49
[InvertedPendulum-v4] run=3 seed= 68 t=    8,556  ep=1172  ep_reward=    52.00  ep_steps=52
[InvertedPendulum-v4] run=3 seed= 68 t=    8,606  ep=1173  ep_reward=    50.00  ep_steps=50
[InvertedPendulum-v4] run=3 seed= 68 t=    8,655  ep=1174  ep_reward=    49.00  ep_steps=49
[InvertedPendulum-v4] run=3 seed= 68 t=    8,707  ep=1175  ep_reward=    52.00  ep_steps=52
[InvertedPendulum-v4] run=3 seed= 68 t=    8,756  ep=1176  ep_reward=    49.00  ep_steps=49
[InvertedPendulum-v4] run=3 seed= 68 t=    8,807  ep=1177  ep_reward=    51.00  ep_steps=51
[InvertedPendulum-v4] run=3 seed= 68 t=    8,856  ep=1178  ep_reward=    49.00  ep_steps=49
[InvertedPendulum-v4] run=3 seed= 68 t=    8,906  ep=1179  ep_reward=    50.00  ep_steps=50
[InvertedPendulum-v4] run=3 seed= 68 t=    8,955  ep=1180  ep_reward=    49.00  ep_steps=49
[InvertedPendulum-v4] run=3 seed= 68 t=    9,002  ep=1181  ep_reward=    47.00  ep_steps=47
[InvertedPendulum-v4] run=3 seed= 68 t=    9,051  ep=1182  ep_reward=    49.00  ep_steps=49
[InvertedPendulum-v4] run=3 seed= 68 t=    9,098  ep=1183  ep_reward=    47.00  ep_steps=47
[InvertedPendulum-v4] run=3 seed= 68 t=    9,144  ep=1184  ep_reward=    46.00  ep_steps=46
[InvertedPendulum-v4] run=3 seed= 68 t=    9,192  ep=1185  ep_reward=    48.00  ep_steps=48
[InvertedPendulum-v4] run=3 seed= 68 t=    9,238  ep=1186  ep_reward=    46.00  ep_steps=46
[InvertedPendulum-v4] run=3 seed= 68 t=    9,285  ep=1187  ep_reward=    47.00  ep_steps=47
[InvertedPendulum-v4] run=3 seed= 68 t=    9,332  ep=1188  ep_reward=    47.00  ep_steps=47
[InvertedPendulum-v4] run=3 seed= 68 t=    9,379  ep=1189  ep_reward=    47.00  ep_steps=47
[InvertedPendulum-v4] run=3 seed= 68 t=    9,426  ep=1190  ep_reward=    47.00  ep_steps=47
[InvertedPendulum-v4] run=3 seed= 68 t=    9,472  ep=1191  ep_reward=    46.00  ep_steps=46
[InvertedPendulum-v4] run=3 seed= 68 t=    9,515  ep=1192  ep_reward=    43.00  ep_steps=43
[InvertedPendulum-v4] run=3 seed= 68 t=    9,560  ep=1193  ep_reward=    45.00  ep_steps=45
[InvertedPendulum-v4] run=3 seed= 68 t=    9,603  ep=1194  ep_reward=    43.00  ep_steps=43
[InvertedPendulum-v4] run=3 seed= 68 t=    9,647  ep=1195  ep_reward=    44.00  ep_steps=44
[InvertedPendulum-v4] run=3 seed= 68 t=    9,691  ep=1196  ep_reward=    44.00  ep_steps=44
[InvertedPendulum-v4] run=3 seed= 68 t=    9,735  ep=1197  ep_reward=    44.00  ep_steps=44
[InvertedPendulum-v4] run=3 seed= 68 t=    9,778  ep=1198  ep_reward=    43.00  ep_steps=43
[InvertedPendulum-v4] run=3 seed= 68 t=    9,821  ep=1199  ep_reward=    43.00  ep_steps=43
[InvertedPendulum-v4] run=3 seed= 68 t=    9,866  ep=1200  ep_reward=    45.00  ep_steps=45
[InvertedPendulum-v4] run=3 seed= 68 t=    9,909  ep=1201  ep_reward=    43.00  ep_steps=43
[InvertedPendulum-v4] run=3 seed= 68 t=    9,953  ep=1202  ep_reward=    44.00  ep_steps=44
[InvertedPendulum-v4] run=3 seed= 68 t=    9,996  ep=1203  ep_reward=    43.00  ep_steps=43
  *** Eval  t=   10,000  avg_reward=    42.50  (10 eps)  elapsed=0.3min ***
[InvertedPendulum-v4] run=3 seed= 68 t=   10,041  ep=1204  ep_reward=    45.00  ep_steps=45
[InvertedPendulum-v4] run=3 seed= 68 t=   10,083  ep=1205  ep_reward=    42.00  ep_steps=42
[InvertedPendulum-v4] run=3 seed= 68 t=   10,127  ep=1206  ep_reward=    44.00  ep_steps=44
[InvertedPendulum-v4] run=3 seed= 68 t=   10,168  ep=1207  ep_reward=    41.00  ep_steps=41
[InvertedPendulum-v4] run=3 seed= 68 t=   10,213  ep=1208  ep_reward=    45.00  ep_steps=45
[InvertedPendulum-v4] run=3 seed= 68 t=   10,256  ep=1209  ep_reward=    43.00  ep_steps=43
[InvertedPendulum-v4] run=3 seed= 68 t=   10,301  ep=1210  ep_reward=    45.00  ep_steps=45
[InvertedPendulum-v4] run=3 seed= 68 t=   10,346  ep=1211  ep_reward=    45.00  ep_steps=45
[InvertedPendulum-v4] run=3 seed= 68 t=   10,389  ep=1212  ep_reward=    43.00  ep_steps=43
[InvertedPendulum-v4] run=3 seed= 68 t=   10,434  ep=1213  ep_reward=    45.00  ep_steps=45
[InvertedPendulum-v4] run=3 seed= 68 t=   10,476  ep=1214  ep_reward=    42.00  ep_steps=42
[InvertedPendulum-v4] run=3 seed= 68 t=   10,522  ep=1215  ep_reward=    46.00  ep_steps=46
[InvertedPendulum-v4] run=3 seed= 68 t=   10,569  ep=1216  ep_reward=    47.00  ep_steps=47
[InvertedPendulum-v4] run=3 seed= 68 t=   10,612  ep=1217  ep_reward=    43.00  ep_steps=43
[InvertedPendulum-v4] run=3 seed= 68 t=   10,657  ep=1218  ep_reward=    45.00  ep_steps=45
[InvertedPendulum-v4] run=3 seed= 68 t=   10,700  ep=1219  ep_reward=    43.00  ep_steps=43
[InvertedPendulum-v4] run=3 seed= 68 t=   10,743  ep=1220  ep_reward=    43.00  ep_steps=43
[InvertedPendulum-v4] run=3 seed= 68 t=   10,786  ep=1221  ep_reward=    43.00  ep_steps=43
[InvertedPendulum-v4] run=3 seed= 68 t=   10,829  ep=1222  ep_reward=    43.00  ep_steps=43
[InvertedPendulum-v4] run=3 seed= 68 t=   10,872  ep=1223  ep_reward=    43.00  ep_steps=43
[InvertedPendulum-v4] run=3 seed= 68 t=   10,916  ep=1224  ep_reward=    44.00  ep_steps=44
[InvertedPendulum-v4] run=3 seed= 68 t=   10,963  ep=1225  ep_reward=    47.00  ep_steps=47
[InvertedPendulum-v4] run=3 seed= 68 t=   11,006  ep=1226  ep_reward=    43.00  ep_steps=43
[InvertedPendulum-v4] run=3 seed= 68 t=   11,052  ep=1227  ep_reward=    46.00  ep_steps=46
[InvertedPendulum-v4] run=3 seed= 68 t=   11,095  ep=1228  ep_reward=    43.00  ep_steps=43
[InvertedPendulum-v4] run=3 seed= 68 t=   11,139  ep=1229  ep_reward=    44.00  ep_steps=44
[InvertedPendulum-v4] run=3 seed= 68 t=   11,182  ep=1230  ep_reward=    43.00  ep_steps=43
[InvertedPendulum-v4] run=3 seed= 68 t=   11,223  ep=1231  ep_reward=    41.00  ep_steps=41
[InvertedPendulum-v4] run=3 seed= 68 t=   11,267  ep=1232  ep_reward=    44.00  ep_steps=44
[InvertedPendulum-v4] run=3 seed= 68 t=   11,310  ep=1233  ep_reward=    43.00  ep_steps=43
[InvertedPendulum-v4] run=3 seed= 68 t=   11,355  ep=1234  ep_reward=    45.00  ep_steps=45
[InvertedPendulum-v4] run=3 seed= 68 t=   11,399  ep=1235  ep_reward=    44.00  ep_steps=44
[InvertedPendulum-v4] run=3 seed= 68 t=   11,444  ep=1236  ep_reward=    45.00  ep_steps=45
[InvertedPendulum-v4] run=3 seed= 68 t=   11,486  ep=1237  ep_reward=    42.00  ep_steps=42
[InvertedPendulum-v4] run=3 seed= 68 t=   11,528  ep=1238  ep_reward=    42.00  ep_steps=42
[InvertedPendulum-v4] run=3 seed= 68 t=   11,571  ep=1239  ep_reward=    43.00  ep_steps=43
[InvertedPendulum-v4] run=3 seed= 68 t=   11,615  ep=1240  ep_reward=    44.00  ep_steps=44
[InvertedPendulum-v4] run=3 seed= 68 t=   11,658  ep=1241  ep_reward=    43.00  ep_steps=43
[InvertedPendulum-v4] run=3 seed= 68 t=   11,700  ep=1242  ep_reward=    42.00  ep_steps=42
[InvertedPendulum-v4] run=3 seed= 68 t=   11,746  ep=1243  ep_reward=    46.00  ep_steps=46
[InvertedPendulum-v4] run=3 seed= 68 t=   11,792  ep=1244  ep_reward=    46.00  ep_steps=46
[InvertedPendulum-v4] run=3 seed= 68 t=   11,835  ep=1245  ep_reward=    43.00  ep_steps=43
[InvertedPendulum-v4] run=3 seed= 68 t=   11,878  ep=1246  ep_reward=    43.00  ep_steps=43
[InvertedPendulum-v4] run=3 seed= 68 t=   11,922  ep=1247  ep_reward=    44.00  ep_steps=44
[InvertedPendulum-v4] run=3 seed= 68 t=   11,966  ep=1248  ep_reward=    44.00  ep_steps=44
[InvertedPendulum-v4] run=3 seed= 68 t=   12,015  ep=1249  ep_reward=    49.00  ep_steps=49
[InvertedPendulum-v4] run=3 seed= 68 t=   12,061  ep=1250  ep_reward=    46.00  ep_steps=46
[InvertedPendulum-v4] run=3 seed= 68 t=   12,103  ep=1251  ep_reward=    42.00  ep_steps=42
[InvertedPendulum-v4] run=3 seed= 68 t=   12,150  ep=1252  ep_reward=    47.00  ep_steps=47
[InvertedPendulum-v4] run=3 seed= 68 t=   12,193  ep=1253  ep_reward=    43.00  ep_steps=43
[InvertedPendulum-v4] run=3 seed= 68 t=   12,238  ep=1254  ep_reward=    45.00  ep_steps=45
[InvertedPendulum-v4] run=3 seed= 68 t=   12,286  ep=1255  ep_reward=    48.00  ep_steps=48
[InvertedPendulum-v4] run=3 seed= 68 t=   12,332  ep=1256  ep_reward=    46.00  ep_steps=46
[InvertedPendulum-v4] run=3 seed= 68 t=   12,377  ep=1257  ep_reward=    45.00  ep_steps=45
[InvertedPendulum-v4] run=3 seed= 68 t=   12,420  ep=1258  ep_reward=    43.00  ep_steps=43
[InvertedPendulum-v4] run=3 seed= 68 t=   12,466  ep=1259  ep_reward=    46.00  ep_steps=46
[InvertedPendulum-v4] run=3 seed= 68 t=   12,510  ep=1260  ep_reward=    44.00  ep_steps=44
[InvertedPendulum-v4] run=3 seed= 68 t=   12,556  ep=1261  ep_reward=    46.00  ep_steps=46
[InvertedPendulum-v4] run=3 seed= 68 t=   12,601  ep=1262  ep_reward=    45.00  ep_steps=45
[InvertedPendulum-v4] run=3 seed= 68 t=   12,648  ep=1263  ep_reward=    47.00  ep_steps=47
[InvertedPendulum-v4] run=3 seed= 68 t=   12,690  ep=1264  ep_reward=    42.00  ep_steps=42
[InvertedPendulum-v4] run=3 seed= 68 t=   12,738  ep=1265  ep_reward=    48.00  ep_steps=48
[InvertedPendulum-v4] run=3 seed= 68 t=   12,786  ep=1266  ep_reward=    48.00  ep_steps=48
[InvertedPendulum-v4] run=3 seed= 68 t=   12,833  ep=1267  ep_reward=    47.00  ep_steps=47
[InvertedPendulum-v4] run=3 seed= 68 t=   12,877  ep=1268  ep_reward=    44.00  ep_steps=44
[InvertedPendulum-v4] run=3 seed= 68 t=   12,920  ep=1269  ep_reward=    43.00  ep_steps=43
[InvertedPendulum-v4] run=3 seed= 68 t=   12,966  ep=1270  ep_reward=    46.00  ep_steps=46
[InvertedPendulum-v4] run=3 seed= 68 t=   13,013  ep=1271  ep_reward=    47.00  ep_steps=47
[InvertedPendulum-v4] run=3 seed= 68 t=   13,057  ep=1272  ep_reward=    44.00  ep_steps=44
[InvertedPendulum-v4] run=3 seed= 68 t=   13,103  ep=1273  ep_reward=    46.00  ep_steps=46
[InvertedPendulum-v4] run=3 seed= 68 t=   13,150  ep=1274  ep_reward=    47.00  ep_steps=47
[InvertedPendulum-v4] run=3 seed= 68 t=   13,196  ep=1275  ep_reward=    46.00  ep_steps=46
[InvertedPendulum-v4] run=3 seed= 68 t=   13,240  ep=1276  ep_reward=    44.00  ep_steps=44
[InvertedPendulum-v4] run=3 seed= 68 t=   13,289  ep=1277  ep_reward=    49.00  ep_steps=49
[InvertedPendulum-v4] run=3 seed= 68 t=   13,342  ep=1278  ep_reward=    53.00  ep_steps=53
[InvertedPendulum-v4] run=3 seed= 68 t=   13,388  ep=1279  ep_reward=    46.00  ep_steps=46
[InvertedPendulum-v4] run=3 seed= 68 t=   13,432  ep=1280  ep_reward=    44.00  ep_steps=44
[InvertedPendulum-v4] run=3 seed= 68 t=   13,482  ep=1281  ep_reward=    50.00  ep_steps=50
[InvertedPendulum-v4] run=3 seed= 68 t=   13,531  ep=1282  ep_reward=    49.00  ep_steps=49
[InvertedPendulum-v4] run=3 seed= 68 t=   13,576  ep=1283  ep_reward=    45.00  ep_steps=45
[InvertedPendulum-v4] run=3 seed= 68 t=   13,626  ep=1284  ep_reward=    50.00  ep_steps=50
[InvertedPendulum-v4] run=3 seed= 68 t=   13,677  ep=1285  ep_reward=    51.00  ep_steps=51
[InvertedPendulum-v4] run=3 seed= 68 t=   13,727  ep=1286  ep_reward=    50.00  ep_steps=50
[InvertedPendulum-v4] run=3 seed= 68 t=   13,780  ep=1287  ep_reward=    53.00  ep_steps=53
[InvertedPendulum-v4] run=3 seed= 68 t=   13,832  ep=1288  ep_reward=    52.00  ep_steps=52
[InvertedPendulum-v4] run=3 seed= 68 t=   13,879  ep=1289  ep_reward=    47.00  ep_steps=47
[InvertedPendulum-v4] run=3 seed= 68 t=   13,928  ep=1290  ep_reward=    49.00  ep_steps=49
[InvertedPendulum-v4] run=3 seed= 68 t=   13,975  ep=1291  ep_reward=    47.00  ep_steps=47
[InvertedPendulum-v4] run=3 seed= 68 t=   14,022  ep=1292  ep_reward=    47.00  ep_steps=47
[InvertedPendulum-v4] run=3 seed= 68 t=   14,071  ep=1293  ep_reward=    49.00  ep_steps=49
[InvertedPendulum-v4] run=3 seed= 68 t=   14,120  ep=1294  ep_reward=    49.00  ep_steps=49
[InvertedPendulum-v4] run=3 seed= 68 t=   14,173  ep=1295  ep_reward=    53.00  ep_steps=53
[InvertedPendulum-v4] run=3 seed= 68 t=   14,222  ep=1296  ep_reward=    49.00  ep_steps=49
[InvertedPendulum-v4] run=3 seed= 68 t=   14,278  ep=1297  ep_reward=    56.00  ep_steps=56
[InvertedPendulum-v4] run=3 seed= 68 t=   14,331  ep=1298  ep_reward=    53.00  ep_steps=53
[InvertedPendulum-v4] run=3 seed= 68 t=   14,378  ep=1299  ep_reward=    47.00  ep_steps=47
[InvertedPendulum-v4] run=3 seed= 68 t=   14,427  ep=1300  ep_reward=    49.00  ep_steps=49
[InvertedPendulum-v4] run=3 seed= 68 t=   14,475  ep=1301  ep_reward=    48.00  ep_steps=48
[InvertedPendulum-v4] run=3 seed= 68 t=   14,523  ep=1302  ep_reward=    48.00  ep_steps=48
[InvertedPendulum-v4] run=3 seed= 68 t=   14,571  ep=1303  ep_reward=    48.00  ep_steps=48
[InvertedPendulum-v4] run=3 seed= 68 t=   14,620  ep=1304  ep_reward=    49.00  ep_steps=49
[InvertedPendulum-v4] run=3 seed= 68 t=   14,669  ep=1305  ep_reward=    49.00  ep_steps=49
[InvertedPendulum-v4] run=3 seed= 68 t=   14,719  ep=1306  ep_reward=    50.00  ep_steps=50
[InvertedPendulum-v4] run=3 seed= 68 t=   14,771  ep=1307  ep_reward=    52.00  ep_steps=52
[InvertedPendulum-v4] run=3 seed= 68 t=   14,819  ep=1308  ep_reward=    48.00  ep_steps=48
[InvertedPendulum-v4] run=3 seed= 68 t=   14,869  ep=1309  ep_reward=    50.00  ep_steps=50
[InvertedPendulum-v4] run=3 seed= 68 t=   14,918  ep=1310  ep_reward=    49.00  ep_steps=49
[InvertedPendulum-v4] run=3 seed= 68 t=   14,969  ep=1311  ep_reward=    51.00  ep_steps=51
[InvertedPendulum-v4] run=3 seed= 68 t=   15,022  ep=1312  ep_reward=    53.00  ep_steps=53
[InvertedPendulum-v4] run=3 seed= 68 t=   15,074  ep=1313  ep_reward=    52.00  ep_steps=52
[InvertedPendulum-v4] run=3 seed= 68 t=   15,129  ep=1314  ep_reward=    55.00  ep_steps=55
[InvertedPendulum-v4] run=3 seed= 68 t=   15,181  ep=1315  ep_reward=    52.00  ep_steps=52
[InvertedPendulum-v4] run=3 seed= 68 t=   15,239  ep=1316  ep_reward=    58.00  ep_steps=58
[InvertedPendulum-v4] run=3 seed= 68 t=   15,292  ep=1317  ep_reward=    53.00  ep_steps=53
[InvertedPendulum-v4] run=3 seed= 68 t=   15,344  ep=1318  ep_reward=    52.00  ep_steps=52
[InvertedPendulum-v4] run=3 seed= 68 t=   15,423  ep=1319  ep_reward=    79.00  ep_steps=79
[InvertedPendulum-v4] run=3 seed= 68 t=   15,476  ep=1320  ep_reward=    53.00  ep_steps=53
[InvertedPendulum-v4] run=3 seed= 68 t=   15,537  ep=1321  ep_reward=    61.00  ep_steps=61
[InvertedPendulum-v4] run=3 seed= 68 t=   15,599  ep=1322  ep_reward=    62.00  ep_steps=62
[InvertedPendulum-v4] run=3 seed= 68 t=   15,661  ep=1323  ep_reward=    62.00  ep_steps=62
[InvertedPendulum-v4] run=3 seed= 68 t=   15,698  ep=1324  ep_reward=    37.00  ep_steps=37
[InvertedPendulum-v4] run=3 seed= 68 t=   15,711  ep=1325  ep_reward=    13.00  ep_steps=13
[InvertedPendulum-v4] run=3 seed= 68 t=   15,732  ep=1326  ep_reward=    21.00  ep_steps=21
[InvertedPendulum-v4] run=3 seed= 68 t=   15,750  ep=1327  ep_reward=    18.00  ep_steps=18
[InvertedPendulum-v4] run=3 seed= 68 t=   15,769  ep=1328  ep_reward=    19.00  ep_steps=19
[InvertedPendulum-v4] run=3 seed= 68 t=   15,785  ep=1329  ep_reward=    16.00  ep_steps=16
[InvertedPendulum-v4] run=3 seed= 68 t=   15,811  ep=1330  ep_reward=    26.00  ep_steps=26
[InvertedPendulum-v4] run=3 seed= 68 t=   15,836  ep=1331  ep_reward=    25.00  ep_steps=25
[InvertedPendulum-v4] run=3 seed= 68 t=   15,864  ep=1332  ep_reward=    28.00  ep_steps=28
[InvertedPendulum-v4] run=3 seed= 68 t=   15,894  ep=1333  ep_reward=    30.00  ep_steps=30
[InvertedPendulum-v4] run=3 seed= 68 t=   15,938  ep=1334  ep_reward=    44.00  ep_steps=44
[InvertedPendulum-v4] run=3 seed= 68 t=   15,970  ep=1335  ep_reward=    32.00  ep_steps=32
[InvertedPendulum-v4] run=3 seed= 68 t=   15,999  ep=1336  ep_reward=    29.00  ep_steps=29
[InvertedPendulum-v4] run=3 seed= 68 t=   16,033  ep=1337  ep_reward=    34.00  ep_steps=34
[InvertedPendulum-v4] run=3 seed= 68 t=   16,068  ep=1338  ep_reward=    35.00  ep_steps=35
[InvertedPendulum-v4] run=3 seed= 68 t=   16,101  ep=1339  ep_reward=    33.00  ep_steps=33
[InvertedPendulum-v4] run=3 seed= 68 t=   16,139  ep=1340  ep_reward=    38.00  ep_steps=38
[InvertedPendulum-v4] run=3 seed= 68 t=   16,173  ep=1341  ep_reward=    34.00  ep_steps=34
[InvertedPendulum-v4] run=3 seed= 68 t=   16,209  ep=1342  ep_reward=    36.00  ep_steps=36
[InvertedPendulum-v4] run=3 seed= 68 t=   16,250  ep=1343  ep_reward=    41.00  ep_steps=41
[InvertedPendulum-v4] run=3 seed= 68 t=   16,280  ep=1344  ep_reward=    30.00  ep_steps=30
[InvertedPendulum-v4] run=3 seed= 68 t=   16,315  ep=1345  ep_reward=    35.00  ep_steps=35
[InvertedPendulum-v4] run=3 seed= 68 t=   16,355  ep=1346  ep_reward=    40.00  ep_steps=40
[InvertedPendulum-v4] run=3 seed= 68 t=   16,399  ep=1347  ep_reward=    44.00  ep_steps=44
[InvertedPendulum-v4] run=3 seed= 68 t=   16,430  ep=1348  ep_reward=    31.00  ep_steps=31
[InvertedPendulum-v4] run=3 seed= 68 t=   16,467  ep=1349  ep_reward=    37.00  ep_steps=37
[InvertedPendulum-v4] run=3 seed= 68 t=   16,507  ep=1350  ep_reward=    40.00  ep_steps=40
[InvertedPendulum-v4] run=3 seed= 68 t=   16,544  ep=1351  ep_reward=    37.00  ep_steps=37
[InvertedPendulum-v4] run=3 seed= 68 t=   16,584  ep=1352  ep_reward=    40.00  ep_steps=40
[InvertedPendulum-v4] run=3 seed= 68 t=   16,626  ep=1353  ep_reward=    42.00  ep_steps=42
[InvertedPendulum-v4] run=3 seed= 68 t=   16,667  ep=1354  ep_reward=    41.00  ep_steps=41
[InvertedPendulum-v4] run=3 seed= 68 t=   16,700  ep=1355  ep_reward=    33.00  ep_steps=33
[InvertedPendulum-v4] run=3 seed= 68 t=   16,741  ep=1356  ep_reward=    41.00  ep_steps=41
[InvertedPendulum-v4] run=3 seed= 68 t=   16,787  ep=1357  ep_reward=    46.00  ep_steps=46
[InvertedPendulum-v4] run=3 seed= 68 t=   16,829  ep=1358  ep_reward=    42.00  ep_steps=42
[InvertedPendulum-v4] run=3 seed= 68 t=   16,870  ep=1359  ep_reward=    41.00  ep_steps=41
[InvertedPendulum-v4] run=3 seed= 68 t=   16,912  ep=1360  ep_reward=    42.00  ep_steps=42
[InvertedPendulum-v4] run=3 seed= 68 t=   16,950  ep=1361  ep_reward=    38.00  ep_steps=38
[InvertedPendulum-v4] run=3 seed= 68 t=   16,992  ep=1362  ep_reward=    42.00  ep_steps=42
[InvertedPendulum-v4] run=3 seed= 68 t=   17,025  ep=1363  ep_reward=    33.00  ep_steps=33
[InvertedPendulum-v4] run=3 seed= 68 t=   17,064  ep=1364  ep_reward=    39.00  ep_steps=39
[InvertedPendulum-v4] run=3 seed= 68 t=   17,104  ep=1365  ep_reward=    40.00  ep_steps=40
[InvertedPendulum-v4] run=3 seed= 68 t=   17,146  ep=1366  ep_reward=    42.00  ep_steps=42
[InvertedPendulum-v4] run=3 seed= 68 t=   17,187  ep=1367  ep_reward=    41.00  ep_steps=41
[InvertedPendulum-v4] run=3 seed= 68 t=   17,226  ep=1368  ep_reward=    39.00  ep_steps=39
[InvertedPendulum-v4] run=3 seed= 68 t=   17,269  ep=1369  ep_reward=    43.00  ep_steps=43
[InvertedPendulum-v4] run=3 seed= 68 t=   17,306  ep=1370  ep_reward=    37.00  ep_steps=37
[InvertedPendulum-v4] run=3 seed= 68 t=   17,341  ep=1371  ep_reward=    35.00  ep_steps=35
[InvertedPendulum-v4] run=3 seed= 68 t=   17,386  ep=1372  ep_reward=    45.00  ep_steps=45
[InvertedPendulum-v4] run=3 seed= 68 t=   17,425  ep=1373  ep_reward=    39.00  ep_steps=39
[InvertedPendulum-v4] run=3 seed= 68 t=   17,464  ep=1374  ep_reward=    39.00  ep_steps=39
[InvertedPendulum-v4] run=3 seed= 68 t=   17,502  ep=1375  ep_reward=    38.00  ep_steps=38
[InvertedPendulum-v4] run=3 seed= 68 t=   17,538  ep=1376  ep_reward=    36.00  ep_steps=36
[InvertedPendulum-v4] run=3 seed= 68 t=   17,584  ep=1377  ep_reward=    46.00  ep_steps=46
[InvertedPendulum-v4] run=3 seed= 68 t=   17,630  ep=1378  ep_reward=    46.00  ep_steps=46
[InvertedPendulum-v4] run=3 seed= 68 t=   17,676  ep=1379  ep_reward=    46.00  ep_steps=46
[InvertedPendulum-v4] run=3 seed= 68 t=   17,720  ep=1380  ep_reward=    44.00  ep_steps=44
[InvertedPendulum-v4] run=3 seed= 68 t=   17,765  ep=1381  ep_reward=    45.00  ep_steps=45
[InvertedPendulum-v4] run=3 seed= 68 t=   17,812  ep=1382  ep_reward=    47.00  ep_steps=47
[InvertedPendulum-v4] run=3 seed= 68 t=   17,856  ep=1383  ep_reward=    44.00  ep_steps=44
[InvertedPendulum-v4] run=3 seed= 68 t=   17,899  ep=1384  ep_reward=    43.00  ep_steps=43
[InvertedPendulum-v4] run=3 seed= 68 t=   17,940  ep=1385  ep_reward=    41.00  ep_steps=41
[InvertedPendulum-v4] run=3 seed= 68 t=   17,982  ep=1386  ep_reward=    42.00  ep_steps=42
[InvertedPendulum-v4] run=3 seed= 68 t=   18,023  ep=1387  ep_reward=    41.00  ep_steps=41
[InvertedPendulum-v4] run=3 seed= 68 t=   18,064  ep=1388  ep_reward=    41.00  ep_steps=41
[InvertedPendulum-v4] run=3 seed= 68 t=   18,104  ep=1389  ep_reward=    40.00  ep_steps=40
[InvertedPendulum-v4] run=3 seed= 68 t=   18,144  ep=1390  ep_reward=    40.00  ep_steps=40
[InvertedPendulum-v4] run=3 seed= 68 t=   18,187  ep=1391  ep_reward=    43.00  ep_steps=43
[InvertedPendulum-v4] run=3 seed= 68 t=   18,227  ep=1392  ep_reward=    40.00  ep_steps=40
[InvertedPendulum-v4] run=3 seed= 68 t=   18,268  ep=1393  ep_reward=    41.00  ep_steps=41
[InvertedPendulum-v4] run=3 seed= 68 t=   18,307  ep=1394  ep_reward=    39.00  ep_steps=39
[InvertedPendulum-v4] run=3 seed= 68 t=   18,346  ep=1395  ep_reward=    39.00  ep_steps=39
[InvertedPendulum-v4] run=3 seed= 68 t=   18,386  ep=1396  ep_reward=    40.00  ep_steps=40
[InvertedPendulum-v4] run=3 seed= 68 t=   18,425  ep=1397  ep_reward=    39.00  ep_steps=39
[InvertedPendulum-v4] run=3 seed= 68 t=   18,464  ep=1398  ep_reward=    39.00  ep_steps=39
[InvertedPendulum-v4] run=3 seed= 68 t=   18,504  ep=1399  ep_reward=    40.00  ep_steps=40
[InvertedPendulum-v4] run=3 seed= 68 t=   18,545  ep=1400  ep_reward=    41.00  ep_steps=41
[InvertedPendulum-v4] run=3 seed= 68 t=   18,585  ep=1401  ep_reward=    40.00  ep_steps=40
[InvertedPendulum-v4] run=3 seed= 68 t=   18,625  ep=1402  ep_reward=    40.00  ep_steps=40
[InvertedPendulum-v4] run=3 seed= 68 t=   18,666  ep=1403  ep_reward=    41.00  ep_steps=41
[InvertedPendulum-v4] run=3 seed= 68 t=   18,706  ep=1404  ep_reward=    40.00  ep_steps=40
[InvertedPendulum-v4] run=3 seed= 68 t=   18,748  ep=1405  ep_reward=    42.00  ep_steps=42
[InvertedPendulum-v4] run=3 seed= 68 t=   18,790  ep=1406  ep_reward=    42.00  ep_steps=42
[InvertedPendulum-v4] run=3 seed= 68 t=   18,831  ep=1407  ep_reward=    41.00  ep_steps=41
[InvertedPendulum-v4] run=3 seed= 68 t=   18,872  ep=1408  ep_reward=    41.00  ep_steps=41
[InvertedPendulum-v4] run=3 seed= 68 t=   18,914  ep=1409  ep_reward=    42.00  ep_steps=42
[InvertedPendulum-v4] run=3 seed= 68 t=   18,954  ep=1410  ep_reward=    40.00  ep_steps=40
[InvertedPendulum-v4] run=3 seed= 68 t=   18,996  ep=1411  ep_reward=    42.00  ep_steps=42
[InvertedPendulum-v4] run=3 seed= 68 t=   19,037  ep=1412  ep_reward=    41.00  ep_steps=41
[InvertedPendulum-v4] run=3 seed= 68 t=   19,078  ep=1413  ep_reward=    41.00  ep_steps=41
[InvertedPendulum-v4] run=3 seed= 68 t=   19,120  ep=1414  ep_reward=    42.00  ep_steps=42
[InvertedPendulum-v4] run=3 seed= 68 t=   19,162  ep=1415  ep_reward=    42.00  ep_steps=42
[InvertedPendulum-v4] run=3 seed= 68 t=   19,204  ep=1416  ep_reward=    42.00  ep_steps=42
[InvertedPendulum-v4] run=3 seed= 68 t=   19,246  ep=1417  ep_reward=    42.00  ep_steps=42
[InvertedPendulum-v4] run=3 seed= 68 t=   19,287  ep=1418  ep_reward=    41.00  ep_steps=41
[InvertedPendulum-v4] run=3 seed= 68 t=   19,328  ep=1419  ep_reward=    41.00  ep_steps=41
[InvertedPendulum-v4] run=3 seed= 68 t=   19,371  ep=1420  ep_reward=    43.00  ep_steps=43
[InvertedPendulum-v4] run=3 seed= 68 t=   19,413  ep=1421  ep_reward=    42.00  ep_steps=42
[InvertedPendulum-v4] run=3 seed= 68 t=   19,457  ep=1422  ep_reward=    44.00  ep_steps=44
[InvertedPendulum-v4] run=3 seed= 68 t=   19,499  ep=1423  ep_reward=    42.00  ep_steps=42
[InvertedPendulum-v4] run=3 seed= 68 t=   19,542  ep=1424  ep_reward=    43.00  ep_steps=43
[InvertedPendulum-v4] run=3 seed= 68 t=   19,584  ep=1425  ep_reward=    42.00  ep_steps=42
[InvertedPendulum-v4] run=3 seed= 68 t=   19,628  ep=1426  ep_reward=    44.00  ep_steps=44
[InvertedPendulum-v4] run=3 seed= 68 t=   19,671  ep=1427  ep_reward=    43.00  ep_steps=43
[InvertedPendulum-v4] run=3 seed= 68 t=   19,713  ep=1428  ep_reward=    42.00  ep_steps=42
[InvertedPendulum-v4] run=3 seed= 68 t=   19,755  ep=1429  ep_reward=    42.00  ep_steps=42
[InvertedPendulum-v4] run=3 seed= 68 t=   19,797  ep=1430  ep_reward=    42.00  ep_steps=42
[InvertedPendulum-v4] run=3 seed= 68 t=   19,839  ep=1431  ep_reward=    42.00  ep_steps=42
[InvertedPendulum-v4] run=3 seed= 68 t=   19,880  ep=1432  ep_reward=    41.00  ep_steps=41
[InvertedPendulum-v4] run=3 seed= 68 t=   19,922  ep=1433  ep_reward=    42.00  ep_steps=42
[InvertedPendulum-v4] run=3 seed= 68 t=   19,964  ep=1434  ep_reward=    42.00  ep_steps=42
  *** Eval  t=   20,000  avg_reward=    42.80  (10 eps)  elapsed=0.9min ***
[InvertedPendulum-v4] run=3 seed= 68 t=   20,005  ep=1435  ep_reward=    41.00  ep_steps=41
[InvertedPendulum-v4] run=3 seed= 68 t=   20,045  ep=1436  ep_reward=    40.00  ep_steps=40
[InvertedPendulum-v4] run=3 seed= 68 t=   20,086  ep=1437  ep_reward=    41.00  ep_steps=41
[InvertedPendulum-v4] run=3 seed= 68 t=   20,128  ep=1438  ep_reward=    42.00  ep_steps=42
[InvertedPendulum-v4] run=3 seed= 68 t=   20,170  ep=1439  ep_reward=    42.00  ep_steps=42
[InvertedPendulum-v4] run=3 seed= 68 t=   20,213  ep=1440  ep_reward=    43.00  ep_steps=43
[InvertedPendulum-v4] run=3 seed= 68 t=   20,255  ep=1441  ep_reward=    42.00  ep_steps=42
[InvertedPendulum-v4] run=3 seed= 68 t=   20,297  ep=1442  ep_reward=    42.00  ep_steps=42
[InvertedPendulum-v4] run=3 seed= 68 t=   20,338  ep=1443  ep_reward=    41.00  ep_steps=41
[InvertedPendulum-v4] run=3 seed= 68 t=   20,380  ep=1444  ep_reward=    42.00  ep_steps=42
[InvertedPendulum-v4] run=3 seed= 68 t=   20,423  ep=1445  ep_reward=    43.00  ep_steps=43
[InvertedPendulum-v4] run=3 seed= 68 t=   20,465  ep=1446  ep_reward=    42.00  ep_steps=42
[InvertedPendulum-v4] run=3 seed= 68 t=   20,508  ep=1447  ep_reward=    43.00  ep_steps=43
[InvertedPendulum-v4] run=3 seed= 68 t=   20,549  ep=1448  ep_reward=    41.00  ep_steps=41
[InvertedPendulum-v4] run=3 seed= 68 t=   20,591  ep=1449  ep_reward=    42.00  ep_steps=42
[InvertedPendulum-v4] run=3 seed= 68 t=   20,635  ep=1450  ep_reward=    44.00  ep_steps=44
[InvertedPendulum-v4] run=3 seed= 68 t=   20,678  ep=1451  ep_reward=    43.00  ep_steps=43
[InvertedPendulum-v4] run=3 seed= 68 t=   20,721  ep=1452  ep_reward=    43.00  ep_steps=43
[InvertedPendulum-v4] run=3 seed= 68 t=   20,764  ep=1453  ep_reward=    43.00  ep_steps=43
[InvertedPendulum-v4] run=3 seed= 68 t=   20,807  ep=1454  ep_reward=    43.00  ep_steps=43
[InvertedPendulum-v4] run=3 seed= 68 t=   20,850  ep=1455  ep_reward=    43.00  ep_steps=43
[InvertedPendulum-v4] run=3 seed= 68 t=   20,891  ep=1456  ep_reward=    41.00  ep_steps=41
[InvertedPendulum-v4] run=3 seed= 68 t=   20,932  ep=1457  ep_reward=    41.00  ep_steps=41
[InvertedPendulum-v4] run=3 seed= 68 t=   20,975  ep=1458  ep_reward=    43.00  ep_steps=43
[InvertedPendulum-v4] run=3 seed= 68 t=   21,019  ep=1459  ep_reward=    44.00  ep_steps=44
[InvertedPendulum-v4] run=3 seed= 68 t=   21,063  ep=1460  ep_reward=    44.00  ep_steps=44
[InvertedPendulum-v4] run=3 seed= 68 t=   21,107  ep=1461  ep_reward=    44.00  ep_steps=44
[InvertedPendulum-v4] run=3 seed= 68 t=   21,152  ep=1462  ep_reward=    45.00  ep_steps=45
[InvertedPendulum-v4] run=3 seed= 68 t=   21,195  ep=1463  ep_reward=    43.00  ep_steps=43
[InvertedPendulum-v4] run=3 seed= 68 t=   21,239  ep=1464  ep_reward=    44.00  ep_steps=44
[InvertedPendulum-v4] run=3 seed= 68 t=   21,282  ep=1465  ep_reward=    43.00  ep_steps=43
[InvertedPendulum-v4] run=3 seed= 68 t=   21,327  ep=1466  ep_reward=    45.00  ep_steps=45
[InvertedPendulum-v4] run=3 seed= 68 t=   21,371  ep=1467  ep_reward=    44.00  ep_steps=44
[InvertedPendulum-v4] run=3 seed= 68 t=   21,414  ep=1468  ep_reward=    43.00  ep_steps=43
[InvertedPendulum-v4] run=3 seed= 68 t=   21,458  ep=1469  ep_reward=    44.00  ep_steps=44
[InvertedPendulum-v4] run=3 seed= 68 t=   21,501  ep=1470  ep_reward=    43.00  ep_steps=43
[InvertedPendulum-v4] run=3 seed= 68 t=   21,545  ep=1471  ep_reward=    44.00  ep_steps=44
[InvertedPendulum-v4] run=3 seed= 68 t=   21,589  ep=1472  ep_reward=    44.00  ep_steps=44
[InvertedPendulum-v4] run=3 seed= 68 t=   21,632  ep=1473  ep_reward=    43.00  ep_steps=43
[InvertedPendulum-v4] run=3 seed= 68 t=   21,665  ep=1474  ep_reward=    33.00  ep_steps=33
[InvertedPendulum-v4] run=3 seed= 68 t=   21,709  ep=1475  ep_reward=    44.00  ep_steps=44
[InvertedPendulum-v4] run=3 seed= 68 t=   21,753  ep=1476  ep_reward=    44.00  ep_steps=44
[InvertedPendulum-v4] run=3 seed= 68 t=   21,798  ep=1477  ep_reward=    45.00  ep_steps=45
[InvertedPendulum-v4] run=3 seed= 68 t=   21,842  ep=1478  ep_reward=    44.00  ep_steps=44
[InvertedPendulum-v4] run=3 seed= 68 t=   21,890  ep=1479  ep_reward=    48.00  ep_steps=48
[InvertedPendulum-v4] run=3 seed= 68 t=   21,935  ep=1480  ep_reward=    45.00  ep_steps=45
[InvertedPendulum-v4] run=3 seed= 68 t=   21,978  ep=1481  ep_reward=    43.00  ep_steps=43
[InvertedPendulum-v4] run=3 seed= 68 t=   22,022  ep=1482  ep_reward=    44.00  ep_steps=44
[InvertedPendulum-v4] run=3 seed= 68 t=   22,069  ep=1483  ep_reward=    47.00  ep_steps=47
[InvertedPendulum-v4] run=3 seed= 68 t=   22,116  ep=1484  ep_reward=    47.00  ep_steps=47
[InvertedPendulum-v4] run=3 seed= 68 t=   22,160  ep=1485  ep_reward=    44.00  ep_steps=44
[InvertedPendulum-v4] run=3 seed= 68 t=   22,204  ep=1486  ep_reward=    44.00  ep_steps=44
[InvertedPendulum-v4] run=3 seed= 68 t=   22,251  ep=1487  ep_reward=    47.00  ep_steps=47
[InvertedPendulum-v4] run=3 seed= 68 t=   22,296  ep=1488  ep_reward=    45.00  ep_steps=45
[InvertedPendulum-v4] run=3 seed= 68 t=   22,341  ep=1489  ep_reward=    45.00  ep_steps=45
[InvertedPendulum-v4] run=3 seed= 68 t=   22,387  ep=1490  ep_reward=    46.00  ep_steps=46
[InvertedPendulum-v4] run=3 seed= 68 t=   22,435  ep=1491  ep_reward=    48.00  ep_steps=48
[InvertedPendulum-v4] run=3 seed= 68 t=   22,481  ep=1492  ep_reward=    46.00  ep_steps=46
[InvertedPendulum-v4] run=3 seed= 68 t=   22,527  ep=1493  ep_reward=    46.00  ep_steps=46
[InvertedPendulum-v4] run=3 seed= 68 t=   22,578  ep=1494  ep_reward=    51.00  ep_steps=51
[InvertedPendulum-v4] run=3 seed= 68 t=   22,625  ep=1495  ep_reward=    47.00  ep_steps=47
[InvertedPendulum-v4] run=3 seed= 68 t=   22,676  ep=1496  ep_reward=    51.00  ep_steps=51
[InvertedPendulum-v4] run=3 seed= 68 t=   22,724  ep=1497  ep_reward=    48.00  ep_steps=48
[InvertedPendulum-v4] run=3 seed= 68 t=   22,775  ep=1498  ep_reward=    51.00  ep_steps=51
[InvertedPendulum-v4] run=3 seed= 68 t=   22,829  ep=1499  ep_reward=    54.00  ep_steps=54
[InvertedPendulum-v4] run=3 seed= 68 t=   22,882  ep=1500  ep_reward=    53.00  ep_steps=53
[InvertedPendulum-v4] run=3 seed= 68 t=   22,934  ep=1501  ep_reward=    52.00  ep_steps=52
[InvertedPendulum-v4] run=3 seed= 68 t=   22,983  ep=1502  ep_reward=    49.00  ep_steps=49
[InvertedPendulum-v4] run=3 seed= 68 t=   23,037  ep=1503  ep_reward=    54.00  ep_steps=54
[InvertedPendulum-v4] run=3 seed= 68 t=   23,093  ep=1504  ep_reward=    56.00  ep_steps=56
[InvertedPendulum-v4] run=3 seed= 68 t=   23,151  ep=1505  ep_reward=    58.00  ep_steps=58
[InvertedPendulum-v4] run=3 seed= 68 t=   23,210  ep=1506  ep_reward=    59.00  ep_steps=59
[InvertedPendulum-v4] run=3 seed= 68 t=   23,266  ep=1507  ep_reward=    56.00  ep_steps=56
[InvertedPendulum-v4] run=3 seed= 68 t=   23,322  ep=1508  ep_reward=    56.00  ep_steps=56
[InvertedPendulum-v4] run=3 seed= 68 t=   23,379  ep=1509  ep_reward=    57.00  ep_steps=57
[InvertedPendulum-v4] run=3 seed= 68 t=   23,436  ep=1510  ep_reward=    57.00  ep_steps=57
[InvertedPendulum-v4] run=3 seed= 68 t=   23,496  ep=1511  ep_reward=    60.00  ep_steps=60
[InvertedPendulum-v4] run=3 seed= 68 t=   23,554  ep=1512  ep_reward=    58.00  ep_steps=58
[InvertedPendulum-v4] run=3 seed= 68 t=   23,609  ep=1513  ep_reward=    55.00  ep_steps=55
[InvertedPendulum-v4] run=3 seed= 68 t=   23,667  ep=1514  ep_reward=    58.00  ep_steps=58
[InvertedPendulum-v4] run=3 seed= 68 t=   23,725  ep=1515  ep_reward=    58.00  ep_steps=58
[InvertedPendulum-v4] run=3 seed= 68 t=   23,783  ep=1516  ep_reward=    58.00  ep_steps=58
[InvertedPendulum-v4] run=3 seed= 68 t=   23,850  ep=1517  ep_reward=    67.00  ep_steps=67
[InvertedPendulum-v4] run=3 seed= 68 t=   23,917  ep=1518  ep_reward=    67.00  ep_steps=67
[InvertedPendulum-v4] run=3 seed= 68 t=   23,978  ep=1519  ep_reward=    61.00  ep_steps=61
[InvertedPendulum-v4] run=3 seed= 68 t=   24,043  ep=1520  ep_reward=    65.00  ep_steps=65
[InvertedPendulum-v4] run=3 seed= 68 t=   24,111  ep=1521  ep_reward=    68.00  ep_steps=68
[InvertedPendulum-v4] run=3 seed= 68 t=   24,177  ep=1522  ep_reward=    66.00  ep_steps=66
[InvertedPendulum-v4] run=3 seed= 68 t=   24,245  ep=1523  ep_reward=    68.00  ep_steps=68
[InvertedPendulum-v4] run=3 seed= 68 t=   24,323  ep=1524  ep_reward=    78.00  ep_steps=78
[InvertedPendulum-v4] run=3 seed= 68 t=   24,396  ep=1525  ep_reward=    73.00  ep_steps=73
[InvertedPendulum-v4] run=3 seed= 68 t=   24,474  ep=1526  ep_reward=    78.00  ep_steps=78
[InvertedPendulum-v4] run=3 seed= 68 t=   24,548  ep=1527  ep_reward=    74.00  ep_steps=74
[InvertedPendulum-v4] run=3 seed= 68 t=   24,639  ep=1528  ep_reward=    91.00  ep_steps=91
[InvertedPendulum-v4] run=3 seed= 68 t=   24,725  ep=1529  ep_reward=    86.00  ep_steps=86
[InvertedPendulum-v4] run=3 seed= 68 t=   24,812  ep=1530  ep_reward=    87.00  ep_steps=87
[InvertedPendulum-v4] run=3 seed= 68 t=   24,902  ep=1531  ep_reward=    90.00  ep_steps=90
[InvertedPendulum-v4] run=3 seed= 68 t=   24,992  ep=1532  ep_reward=    90.00  ep_steps=90
[InvertedPendulum-v4] run=3 seed= 68 t=   25,101  ep=1533  ep_reward=   109.00  ep_steps=109
[InvertedPendulum-v4] run=3 seed= 68 t=   25,234  ep=1534  ep_reward=   133.00  ep_steps=133
[InvertedPendulum-v4] run=3 seed= 68 t=   25,383  ep=1535  ep_reward=   149.00  ep_steps=149
[InvertedPendulum-v4] run=3 seed= 68 t=   25,480  ep=1536  ep_reward=    97.00  ep_steps=97
[InvertedPendulum-v4] run=3 seed= 68 t=   25,633  ep=1537  ep_reward=   153.00  ep_steps=153
[InvertedPendulum-v4] run=3 seed= 68 t=   25,738  ep=1538  ep_reward=   105.00  ep_steps=105
[InvertedPendulum-v4] run=3 seed= 68 t=   25,840  ep=1539  ep_reward=   102.00  ep_steps=102
[InvertedPendulum-v4] run=3 seed= 68 t=   25,956  ep=1540  ep_reward=   116.00  ep_steps=116
[InvertedPendulum-v4] run=3 seed= 68 t=   26,074  ep=1541  ep_reward=   118.00  ep_steps=118
[InvertedPendulum-v4] run=3 seed= 68 t=   26,181  ep=1542  ep_reward=   107.00  ep_steps=107
[InvertedPendulum-v4] run=3 seed= 68 t=   26,299  ep=1543  ep_reward=   118.00  ep_steps=118
[InvertedPendulum-v4] run=3 seed= 68 t=   26,422  ep=1544  ep_reward=   123.00  ep_steps=123
[InvertedPendulum-v4] run=3 seed= 68 t=   26,537  ep=1545  ep_reward=   115.00  ep_steps=115
[InvertedPendulum-v4] run=3 seed= 68 t=   26,637  ep=1546  ep_reward=   100.00  ep_steps=100
[InvertedPendulum-v4] run=3 seed= 68 t=   26,759  ep=1547  ep_reward=   122.00  ep_steps=122
[InvertedPendulum-v4] run=3 seed= 68 t=   26,869  ep=1548  ep_reward=   110.00  ep_steps=110
[InvertedPendulum-v4] run=3 seed= 68 t=   26,983  ep=1549  ep_reward=   114.00  ep_steps=114
[InvertedPendulum-v4] run=3 seed= 68 t=   27,105  ep=1550  ep_reward=   122.00  ep_steps=122
[InvertedPendulum-v4] run=3 seed= 68 t=   27,228  ep=1551  ep_reward=   123.00  ep_steps=123
[InvertedPendulum-v4] run=3 seed= 68 t=   27,340  ep=1552  ep_reward=   112.00  ep_steps=112
[InvertedPendulum-v4] run=3 seed= 68 t=   27,456  ep=1553  ep_reward=   116.00  ep_steps=116
[InvertedPendulum-v4] run=3 seed= 68 t=   27,566  ep=1554  ep_reward=   110.00  ep_steps=110
[InvertedPendulum-v4] run=3 seed= 68 t=   27,673  ep=1555  ep_reward=   107.00  ep_steps=107
[InvertedPendulum-v4] run=3 seed= 68 t=   27,784  ep=1556  ep_reward=   111.00  ep_steps=111
[InvertedPendulum-v4] run=3 seed= 68 t=   27,898  ep=1557  ep_reward=   114.00  ep_steps=114
[InvertedPendulum-v4] run=3 seed= 68 t=   28,010  ep=1558  ep_reward=   112.00  ep_steps=112
[InvertedPendulum-v4] run=3 seed= 68 t=   28,137  ep=1559  ep_reward=   127.00  ep_steps=127
[InvertedPendulum-v4] run=3 seed= 68 t=   28,272  ep=1560  ep_reward=   135.00  ep_steps=135
[InvertedPendulum-v4] run=3 seed= 68 t=   28,407  ep=1561  ep_reward=   135.00  ep_steps=135
[InvertedPendulum-v4] run=3 seed= 68 t=   28,521  ep=1562  ep_reward=   114.00  ep_steps=114
[InvertedPendulum-v4] run=3 seed= 68 t=   28,656  ep=1563  ep_reward=   135.00  ep_steps=135
[InvertedPendulum-v4] run=3 seed= 68 t=   28,798  ep=1564  ep_reward=   142.00  ep_steps=142
[InvertedPendulum-v4] run=3 seed= 68 t=   28,944  ep=1565  ep_reward=   146.00  ep_steps=146
[InvertedPendulum-v4] run=3 seed= 68 t=   29,079  ep=1566  ep_reward=   135.00  ep_steps=135
[InvertedPendulum-v4] run=3 seed= 68 t=   29,278  ep=1567  ep_reward=   199.00  ep_steps=199
[InvertedPendulum-v4] run=3 seed= 68 t=   29,458  ep=1568  ep_reward=   180.00  ep_steps=180
[InvertedPendulum-v4] run=3 seed= 68 t=   29,702  ep=1569  ep_reward=   244.00  ep_steps=244
  *** Eval  t=   30,000  avg_reward=  1000.00  (10 eps)  elapsed=1.6min ***
[InvertedPendulum-v4] run=3 seed= 68 t=   30,702  ep=1570  ep_reward=  1000.00  ep_steps=1000
[InvertedPendulum-v4] run=3 seed= 68 t=   31,702  ep=1571  ep_reward=  1000.00  ep_steps=1000
[InvertedPendulum-v4] run=3 seed= 68 t=   32,702  ep=1572  ep_reward=  1000.00  ep_steps=1000
[InvertedPendulum-v4] run=3 seed= 68 t=   33,702  ep=1573  ep_reward=  1000.00  ep_steps=1000
[InvertedPendulum-v4] run=3 seed= 68 t=   34,702  ep=1574  ep_reward=  1000.00  ep_steps=1000
[InvertedPendulum-v4] run=3 seed= 68 t=   35,702  ep=1575  ep_reward=  1000.00  ep_steps=1000
[InvertedPendulum-v4] run=3 seed= 68 t=   36,702  ep=1576  ep_reward=  1000.00  ep_steps=1000
[InvertedPendulum-v4] run=3 seed= 68 t=   37,702  ep=1577  ep_reward=  1000.00  ep_steps=1000
[InvertedPendulum-v4] run=3 seed= 68 t=   38,702  ep=1578  ep_reward=  1000.00  ep_steps=1000
[InvertedPendulum-v4] run=3 seed= 68 t=   39,702  ep=1579  ep_reward=  1000.00  ep_steps=1000
  *** Eval  t=   40,000  avg_reward=  1000.00  (10 eps)  elapsed=2.3min ***
[InvertedPendulum-v4] run=3 seed= 68 t=   40,702  ep=1580  ep_reward=  1000.00  ep_steps=1000
[InvertedPendulum-v4] run=3 seed= 68 t=   41,702  ep=1581  ep_reward=  1000.00  ep_steps=1000
[InvertedPendulum-v4] run=3 seed= 68 t=   42,702  ep=1582  ep_reward=  1000.00  ep_steps=1000
[InvertedPendulum-v4] run=3 seed= 68 t=   43,702  ep=1583  ep_reward=  1000.00  ep_steps=1000
[InvertedPendulum-v4] run=3 seed= 68 t=   44,702  ep=1584  ep_reward=  1000.00  ep_steps=1000
[InvertedPendulum-v4] run=3 seed= 68 t=   45,702  ep=1585  ep_reward=  1000.00  ep_steps=1000
[InvertedPendulum-v4] run=3 seed= 68 t=   46,702  ep=1586  ep_reward=  1000.00  ep_steps=1000
[InvertedPendulum-v4] run=3 seed= 68 t=   47,702  ep=1587  ep_reward=  1000.00  ep_steps=1000
[InvertedPendulum-v4] run=3 seed= 68 t=   48,702  ep=1588  ep_reward=  1000.00  ep_steps=1000
[InvertedPendulum-v4] run=3 seed= 68 t=   49,702  ep=1589  ep_reward=  1000.00  ep_steps=1000
  *** Eval  t=   50,000  avg_reward=  1000.00  (10 eps)  elapsed=2.9min ***
[InvertedPendulum-v4] run=3 seed= 68 t=   50,702  ep=1590  ep_reward=  1000.00  ep_steps=1000
[InvertedPendulum-v4] run=3 seed= 68 t=   51,702  ep=1591  ep_reward=  1000.00  ep_steps=1000
[InvertedPendulum-v4] run=3 seed= 68 t=   52,702  ep=1592  ep_reward=  1000.00  ep_steps=1000
[InvertedPendulum-v4] run=3 seed= 68 t=   53,702  ep=1593  ep_reward=  1000.00  ep_steps=1000
[InvertedPendulum-v4] run=3 seed= 68 t=   54,702  ep=1594  ep_reward=  1000.00  ep_steps=1000
[InvertedPendulum-v4] run=3 seed= 68 t=   55,702  ep=1595  ep_reward=  1000.00  ep_steps=1000
[InvertedPendulum-v4] run=3 seed= 68 t=   56,702  ep=1596  ep_reward=  1000.00  ep_steps=1000
[InvertedPendulum-v4] run=3 seed= 68 t=   57,702  ep=1597  ep_reward=  1000.00  ep_steps=1000
[InvertedPendulum-v4] run=3 seed= 68 t=   58,702  ep=1598  ep_reward=  1000.00  ep_steps=1000
[InvertedPendulum-v4] run=3 seed= 68 t=   59,702  ep=1599  ep_reward=  1000.00  ep_steps=1000
  *** Eval  t=   60,000  avg_reward=  1000.00  (10 eps)  elapsed=3.6min ***
[InvertedPendulum-v4] run=3 seed= 68 t=   60,702  ep=1600  ep_reward=  1000.00  ep_steps=1000
[InvertedPendulum-v4] run=3 seed= 68 t=   61,702  ep=1601  ep_reward=  1000.00  ep_steps=1000
[InvertedPendulum-v4] run=3 seed= 68 t=   62,702  ep=1602  ep_reward=  1000.00  ep_steps=1000
[InvertedPendulum-v4] run=3 seed= 68 t=   63,702  ep=1603  ep_reward=  1000.00  ep_steps=1000
[InvertedPendulum-v4] run=3 seed= 68 t=   64,702  ep=1604  ep_reward=  1000.00  ep_steps=1000
[InvertedPendulum-v4] run=3 seed= 68 t=   65,702  ep=1605  ep_reward=  1000.00  ep_steps=1000
[InvertedPendulum-v4] run=3 seed= 68 t=   66,702  ep=1606  ep_reward=  1000.00  ep_steps=1000
[InvertedPendulum-v4] run=3 seed= 68 t=   67,702  ep=1607  ep_reward=  1000.00  ep_steps=1000
[InvertedPendulum-v4] run=3 seed= 68 t=   68,702  ep=1608  ep_reward=  1000.00  ep_steps=1000
[InvertedPendulum-v4] run=3 seed= 68 t=   69,702  ep=1609  ep_reward=  1000.00  ep_steps=1000
  *** Eval  t=   70,000  avg_reward=  1000.00  (10 eps)  elapsed=4.3min ***
[InvertedPendulum-v4] run=3 seed= 68 t=   70,702  ep=1610  ep_reward=  1000.00  ep_steps=1000
[InvertedPendulum-v4] run=3 seed= 68 t=   71,702  ep=1611  ep_reward=  1000.00  ep_steps=1000
[InvertedPendulum-v4] run=3 seed= 68 t=   72,702  ep=1612  ep_reward=  1000.00  ep_steps=1000
[InvertedPendulum-v4] run=3 seed= 68 t=   73,702  ep=1613  ep_reward=  1000.00  ep_steps=1000
[InvertedPendulum-v4] run=3 seed= 68 t=   74,702  ep=1614  ep_reward=  1000.00  ep_steps=1000
[InvertedPendulum-v4] run=3 seed= 68 t=   75,702  ep=1615  ep_reward=  1000.00  ep_steps=1000
[InvertedPendulum-v4] run=3 seed= 68 t=   76,702  ep=1616  ep_reward=  1000.00  ep_steps=1000
[InvertedPendulum-v4] run=3 seed= 68 t=   77,702  ep=1617  ep_reward=  1000.00  ep_steps=1000
[InvertedPendulum-v4] run=3 seed= 68 t=   78,702  ep=1618  ep_reward=  1000.00  ep_steps=1000
[InvertedPendulum-v4] run=3 seed= 68 t=   79,702  ep=1619  ep_reward=  1000.00  ep_steps=1000
  *** Eval  t=   80,000  avg_reward=  1000.00  (10 eps)  elapsed=4.9min ***
[InvertedPendulum-v4] run=3 seed= 68 t=   80,702  ep=1620  ep_reward=  1000.00  ep_steps=1000
[InvertedPendulum-v4] run=3 seed= 68 t=   81,702  ep=1621  ep_reward=  1000.00  ep_steps=1000
[InvertedPendulum-v4] run=3 seed= 68 t=   82,702  ep=1622  ep_reward=  1000.00  ep_steps=1000
[InvertedPendulum-v4] run=3 seed= 68 t=   83,702  ep=1623  ep_reward=  1000.00  ep_steps=1000
[InvertedPendulum-v4] run=3 seed= 68 t=   84,702  ep=1624  ep_reward=  1000.00  ep_steps=1000
[InvertedPendulum-v4] run=3 seed= 68 t=   85,702  ep=1625  ep_reward=  1000.00  ep_steps=1000
[InvertedPendulum-v4] run=3 seed= 68 t=   86,702  ep=1626  ep_reward=  1000.00  ep_steps=1000
[InvertedPendulum-v4] run=3 seed= 68 t=   87,702  ep=1627  ep_reward=  1000.00  ep_steps=1000
[InvertedPendulum-v4] run=3 seed= 68 t=   88,702  ep=1628  ep_reward=  1000.00  ep_steps=1000
[InvertedPendulum-v4] run=3 seed= 68 t=   89,702  ep=1629  ep_reward=  1000.00  ep_steps=1000
  *** Eval  t=   90,000  avg_reward=  1000.00  (10 eps)  elapsed=5.6min ***
[InvertedPendulum-v4] run=3 seed= 68 t=   90,702  ep=1630  ep_reward=  1000.00  ep_steps=1000
[InvertedPendulum-v4] run=3 seed= 68 t=   91,702  ep=1631  ep_reward=  1000.00  ep_steps=1000
[InvertedPendulum-v4] run=3 seed= 68 t=   92,702  ep=1632  ep_reward=  1000.00  ep_steps=1000
[InvertedPendulum-v4] run=3 seed= 68 t=   93,702  ep=1633  ep_reward=  1000.00  ep_steps=1000
[InvertedPendulum-v4] run=3 seed= 68 t=   94,702  ep=1634  ep_reward=  1000.00  ep_steps=1000
[InvertedPendulum-v4] run=3 seed= 68 t=   95,702  ep=1635  ep_reward=  1000.00  ep_steps=1000
[InvertedPendulum-v4] run=3 seed= 68 t=   96,702  ep=1636  ep_reward=  1000.00  ep_steps=1000
[InvertedPendulum-v4] run=3 seed= 68 t=   97,702  ep=1637  ep_reward=  1000.00  ep_steps=1000
[InvertedPendulum-v4] run=3 seed= 68 t=   98,702  ep=1638  ep_reward=  1000.00  ep_steps=1000
[InvertedPendulum-v4] run=3 seed= 68 t=   99,702  ep=1639  ep_reward=  1000.00  ep_steps=1000
  *** Eval  t=  100,000  avg_reward=  1000.00  (10 eps)  elapsed=6.3min ***
[InvertedPendulum-v4] run=3 seed= 68 t=  100,702  ep=1640  ep_reward=  1000.00  ep_steps=1000
[InvertedPendulum-v4] run=3 seed= 68 t=  101,702  ep=1641  ep_reward=  1000.00  ep_steps=1000
[InvertedPendulum-v4] run=3 seed= 68 t=  102,702  ep=1642  ep_reward=  1000.00  ep_steps=1000
[InvertedPendulum-v4] run=3 seed= 68 t=  103,702  ep=1643  ep_reward=  1000.00  ep_steps=1000
[InvertedPendulum-v4] run=3 seed= 68 t=  104,702  ep=1644  ep_reward=  1000.00  ep_steps=1000
[InvertedPendulum-v4] run=3 seed= 68 t=  105,702  ep=1645  ep_reward=  1000.00  ep_steps=1000
[InvertedPendulum-v4] run=3 seed= 68 t=  106,702  ep=1646  ep_reward=  1000.00  ep_steps=1000
[InvertedPendulum-v4] run=3 seed= 68 t=  107,702  ep=1647  ep_reward=  1000.00  ep_steps=1000
[InvertedPendulum-v4] run=3 seed= 68 t=  108,702  ep=1648  ep_reward=  1000.00  ep_steps=1000
[InvertedPendulum-v4] run=3 seed= 68 t=  109,702  ep=1649  ep_reward=  1000.00  ep_steps=1000
  *** Eval  t=  110,000  avg_reward=  1000.00  (10 eps)  elapsed=6.9min ***
[InvertedPendulum-v4] run=3 seed= 68 t=  110,702  ep=1650  ep_reward=  1000.00  ep_steps=1000
[InvertedPendulum-v4] run=3 seed= 68 t=  111,702  ep=1651  ep_reward=  1000.00  ep_steps=1000
[InvertedPendulum-v4] run=3 seed= 68 t=  112,702  ep=1652  ep_reward=  1000.00  ep_steps=1000
[InvertedPendulum-v4] run=3 seed= 68 t=  113,702  ep=1653  ep_reward=  1000.00  ep_steps=1000
[InvertedPendulum-v4] run=3 seed= 68 t=  114,702  ep=1654  ep_reward=  1000.00  ep_steps=1000
[InvertedPendulum-v4] run=3 seed= 68 t=  115,702  ep=1655  ep_reward=  1000.00  ep_steps=1000
[InvertedPendulum-v4] run=3 seed= 68 t=  116,702  ep=1656  ep_reward=  1000.00  ep_steps=1000
[InvertedPendulum-v4] run=3 seed= 68 t=  117,702  ep=1657  ep_reward=  1000.00  ep_steps=1000
[InvertedPendulum-v4] run=3 seed= 68 t=  118,702  ep=1658  ep_reward=  1000.00  ep_steps=1000
[InvertedPendulum-v4] run=3 seed= 68 t=  119,702  ep=1659  ep_reward=  1000.00  ep_steps=1000
  *** Eval  t=  120,000  avg_reward=  1000.00  (10 eps)  elapsed=7.6min ***
[InvertedPendulum-v4] run=3 seed= 68 t=  120,702  ep=1660  ep_reward=  1000.00  ep_steps=1000
[InvertedPendulum-v4] run=3 seed= 68 t=  121,702  ep=1661  ep_reward=  1000.00  ep_steps=1000
[InvertedPendulum-v4] run=3 seed= 68 t=  122,702  ep=1662  ep_reward=  1000.00  ep_steps=1000
[InvertedPendulum-v4] run=3 seed= 68 t=  123,702  ep=1663  ep_reward=  1000.00  ep_steps=1000
[InvertedPendulum-v4] run=3 seed= 68 t=  124,702  ep=1664  ep_reward=  1000.00  ep_steps=1000
[InvertedPendulum-v4] run=3 seed= 68 t=  125,702  ep=1665  ep_reward=  1000.00  ep_steps=1000
[InvertedPendulum-v4] run=3 seed= 68 t=  126,702  ep=1666  ep_reward=  1000.00  ep_steps=1000
[InvertedPendulum-v4] run=3 seed= 68 t=  127,702  ep=1667  ep_reward=  1000.00  ep_steps=1000
[InvertedPendulum-v4] run=3 seed= 68 t=  128,702  ep=1668  ep_reward=  1000.00  ep_steps=1000
[InvertedPendulum-v4] run=3 seed= 68 t=  129,702  ep=1669  ep_reward=  1000.00  ep_steps=1000
  *** Eval  t=  130,000  avg_reward=  1000.00  (10 eps)  elapsed=8.3min ***
[InvertedPendulum-v4] run=3 seed= 68 t=  130,702  ep=1670  ep_reward=  1000.00  ep_steps=1000
[InvertedPendulum-v4] run=3 seed= 68 t=  131,702  ep=1671  ep_reward=  1000.00  ep_steps=1000
[InvertedPendulum-v4] run=3 seed= 68 t=  132,702  ep=1672  ep_reward=  1000.00  ep_steps=1000
[InvertedPendulum-v4] run=3 seed= 68 t=  133,702  ep=1673  ep_reward=  1000.00  ep_steps=1000
[InvertedPendulum-v4] run=3 seed= 68 t=  134,702  ep=1674  ep_reward=  1000.00  ep_steps=1000
[InvertedPendulum-v4] run=3 seed= 68 t=  135,702  ep=1675  ep_reward=  1000.00  ep_steps=1000
[InvertedPendulum-v4] run=3 seed= 68 t=  136,702  ep=1676  ep_reward=  1000.00  ep_steps=1000
[InvertedPendulum-v4] run=3 seed= 68 t=  137,702  ep=1677  ep_reward=  1000.00  ep_steps=1000
[InvertedPendulum-v4] run=3 seed= 68 t=  138,702  ep=1678  ep_reward=  1000.00  ep_steps=1000
[InvertedPendulum-v4] run=3 seed= 68 t=  139,702  ep=1679  ep_reward=  1000.00  ep_steps=1000
  *** Eval  t=  140,000  avg_reward=  1000.00  (10 eps)  elapsed=9.0min ***
[InvertedPendulum-v4] run=3 seed= 68 t=  140,702  ep=1680  ep_reward=  1000.00  ep_steps=1000
[InvertedPendulum-v4] run=3 seed= 68 t=  141,702  ep=1681  ep_reward=  1000.00  ep_steps=1000
[InvertedPendulum-v4] run=3 seed= 68 t=  142,702  ep=1682  ep_reward=  1000.00  ep_steps=1000
[InvertedPendulum-v4] run=3 seed= 68 t=  143,702  ep=1683  ep_reward=  1000.00  ep_steps=1000
[InvertedPendulum-v4] run=3 seed= 68 t=  144,702  ep=1684  ep_reward=  1000.00  ep_steps=1000
[InvertedPendulum-v4] run=3 seed= 68 t=  145,702  ep=1685  ep_reward=  1000.00  ep_steps=1000
[InvertedPendulum-v4] run=3 seed= 68 t=  146,702  ep=1686  ep_reward=  1000.00  ep_steps=1000
[InvertedPendulum-v4] run=3 seed= 68 t=  147,702  ep=1687  ep_reward=  1000.00  ep_steps=1000
[InvertedPendulum-v4] run=3 seed= 68 t=  148,702  ep=1688  ep_reward=  1000.00  ep_steps=1000
[InvertedPendulum-v4] run=3 seed= 68 t=  149,702  ep=1689  ep_reward=  1000.00  ep_steps=1000
  *** Eval  t=  150,000  avg_reward=  1000.00  (10 eps)  elapsed=9.6min ***
[InvertedPendulum-v4] run=3 seed= 68 t=  150,702  ep=1690  ep_reward=  1000.00  ep_steps=1000
[InvertedPendulum-v4] run=3 seed= 68 t=  151,702  ep=1691  ep_reward=  1000.00  ep_steps=1000
[InvertedPendulum-v4] run=3 seed= 68 t=  152,702  ep=1692  ep_reward=  1000.00  ep_steps=1000
[InvertedPendulum-v4] run=3 seed= 68 t=  153,702  ep=1693  ep_reward=  1000.00  ep_steps=1000
[InvertedPendulum-v4] run=3 seed= 68 t=  154,702  ep=1694  ep_reward=  1000.00  ep_steps=1000
[InvertedPendulum-v4] run=3 seed= 68 t=  155,702  ep=1695  ep_reward=  1000.00  ep_steps=1000
[InvertedPendulum-v4] run=3 seed= 68 t=  156,702  ep=1696  ep_reward=  1000.00  ep_steps=1000
[InvertedPendulum-v4] run=3 seed= 68 t=  157,702  ep=1697  ep_reward=  1000.00  ep_steps=1000
[InvertedPendulum-v4] run=3 seed= 68 t=  158,702  ep=1698  ep_reward=  1000.00  ep_steps=1000
[InvertedPendulum-v4] run=3 seed= 68 t=  159,702  ep=1699  ep_reward=  1000.00  ep_steps=1000
  *** Eval  t=  160,000  avg_reward=  1000.00  (10 eps)  elapsed=10.3min ***
[InvertedPendulum-v4] run=3 seed= 68 t=  160,702  ep=1700  ep_reward=  1000.00  ep_steps=1000
[InvertedPendulum-v4] run=3 seed= 68 t=  161,702  ep=1701  ep_reward=  1000.00  ep_steps=1000
[InvertedPendulum-v4] run=3 seed= 68 t=  162,702  ep=1702  ep_reward=  1000.00  ep_steps=1000
[InvertedPendulum-v4] run=3 seed= 68 t=  163,702  ep=1703  ep_reward=  1000.00  ep_steps=1000
[InvertedPendulum-v4] run=3 seed= 68 t=  164,702  ep=1704  ep_reward=  1000.00  ep_steps=1000
[InvertedPendulum-v4] run=3 seed= 68 t=  165,702  ep=1705  ep_reward=  1000.00  ep_steps=1000
[InvertedPendulum-v4] run=3 seed= 68 t=  166,702  ep=1706  ep_reward=  1000.00  ep_steps=1000
[InvertedPendulum-v4] run=3 seed= 68 t=  167,702  ep=1707  ep_reward=  1000.00  ep_steps=1000
[InvertedPendulum-v4] run=3 seed= 68 t=  168,702  ep=1708  ep_reward=  1000.00  ep_steps=1000
[InvertedPendulum-v4] run=3 seed= 68 t=  169,702  ep=1709  ep_reward=  1000.00  ep_steps=1000
  *** Eval  t=  170,000  avg_reward=  1000.00  (10 eps)  elapsed=11.0min ***
[InvertedPendulum-v4] run=3 seed= 68 t=  170,702  ep=1710  ep_reward=  1000.00  ep_steps=1000
[InvertedPendulum-v4] run=3 seed= 68 t=  171,702  ep=1711  ep_reward=  1000.00  ep_steps=1000
[InvertedPendulum-v4] run=3 seed= 68 t=  172,702  ep=1712  ep_reward=  1000.00  ep_steps=1000
[InvertedPendulum-v4] run=3 seed= 68 t=  173,702  ep=1713  ep_reward=  1000.00  ep_steps=1000
[InvertedPendulum-v4] run=3 seed= 68 t=  174,702  ep=1714  ep_reward=  1000.00  ep_steps=1000
[InvertedPendulum-v4] run=3 seed= 68 t=  175,702  ep=1715  ep_reward=  1000.00  ep_steps=1000
[InvertedPendulum-v4] run=3 seed= 68 t=  176,702  ep=1716  ep_reward=  1000.00  ep_steps=1000
[InvertedPendulum-v4] run=3 seed= 68 t=  177,702  ep=1717  ep_reward=  1000.00  ep_steps=1000
[InvertedPendulum-v4] run=3 seed= 68 t=  178,702  ep=1718  ep_reward=  1000.00  ep_steps=1000
[InvertedPendulum-v4] run=3 seed= 68 t=  179,702  ep=1719  ep_reward=  1000.00  ep_steps=1000
  *** Eval  t=  180,000  avg_reward=  1000.00  (10 eps)  elapsed=11.6min ***
[InvertedPendulum-v4] run=3 seed= 68 t=  180,702  ep=1720  ep_reward=  1000.00  ep_steps=1000
[InvertedPendulum-v4] run=3 seed= 68 t=  181,702  ep=1721  ep_reward=  1000.00  ep_steps=1000
[InvertedPendulum-v4] run=3 seed= 68 t=  182,702  ep=1722  ep_reward=  1000.00  ep_steps=1000
[InvertedPendulum-v4] run=3 seed= 68 t=  183,702  ep=1723  ep_reward=  1000.00  ep_steps=1000
[InvertedPendulum-v4] run=3 seed= 68 t=  184,702  ep=1724  ep_reward=  1000.00  ep_steps=1000
[InvertedPendulum-v4] run=3 seed= 68 t=  185,702  ep=1725  ep_reward=  1000.00  ep_steps=1000
[InvertedPendulum-v4] run=3 seed= 68 t=  186,702  ep=1726  ep_reward=  1000.00  ep_steps=1000
[InvertedPendulum-v4] run=3 seed= 68 t=  187,702  ep=1727  ep_reward=  1000.00  ep_steps=1000
[InvertedPendulum-v4] run=3 seed= 68 t=  188,702  ep=1728  ep_reward=  1000.00  ep_steps=1000
[InvertedPendulum-v4] run=3 seed= 68 t=  189,702  ep=1729  ep_reward=  1000.00  ep_steps=1000
  *** Eval  t=  190,000  avg_reward=  1000.00  (10 eps)  elapsed=12.3min ***
[InvertedPendulum-v4] run=3 seed= 68 t=  190,702  ep=1730  ep_reward=  1000.00  ep_steps=1000
[InvertedPendulum-v4] run=3 seed= 68 t=  191,702  ep=1731  ep_reward=  1000.00  ep_steps=1000
[InvertedPendulum-v4] run=3 seed= 68 t=  192,702  ep=1732  ep_reward=  1000.00  ep_steps=1000
[InvertedPendulum-v4] run=3 seed= 68 t=  193,702  ep=1733  ep_reward=  1000.00  ep_steps=1000
[InvertedPendulum-v4] run=3 seed= 68 t=  194,702  ep=1734  ep_reward=  1000.00  ep_steps=1000
[InvertedPendulum-v4] run=3 seed= 68 t=  195,702  ep=1735  ep_reward=  1000.00  ep_steps=1000
[InvertedPendulum-v4] run=3 seed= 68 t=  196,702  ep=1736  ep_reward=  1000.00  ep_steps=1000
[InvertedPendulum-v4] run=3 seed= 68 t=  197,702  ep=1737  ep_reward=  1000.00  ep_steps=1000
[InvertedPendulum-v4] run=3 seed= 68 t=  198,702  ep=1738  ep_reward=  1000.00  ep_steps=1000
[InvertedPendulum-v4] run=3 seed= 68 t=  199,702  ep=1739  ep_reward=  1000.00  ep_steps=1000
  *** Eval  t=  200,000  avg_reward=  1000.00  (10 eps)  elapsed=13.0min ***
[InvertedPendulum-v4] run=3 seed= 68 t=  200,702  ep=1740  ep_reward=  1000.00  ep_steps=1000
[InvertedPendulum-v4] run=3 seed= 68 t=  201,702  ep=1741  ep_reward=  1000.00  ep_steps=1000
[InvertedPendulum-v4] run=3 seed= 68 t=  202,702  ep=1742  ep_reward=  1000.00  ep_steps=1000
[InvertedPendulum-v4] run=3 seed= 68 t=  203,702  ep=1743  ep_reward=  1000.00  ep_steps=1000
[InvertedPendulum-v4] run=3 seed= 68 t=  204,702  ep=1744  ep_reward=  1000.00  ep_steps=1000
[InvertedPendulum-v4] run=3 seed= 68 t=  205,702  ep=1745  ep_reward=  1000.00  ep_steps=1000
[InvertedPendulum-v4] run=3 seed= 68 t=  206,702  ep=1746  ep_reward=  1000.00  ep_steps=1000
[InvertedPendulum-v4] run=3 seed= 68 t=  207,702  ep=1747  ep_reward=  1000.00  ep_steps=1000
[InvertedPendulum-v4] run=3 seed= 68 t=  208,702  ep=1748  ep_reward=  1000.00  ep_steps=1000
[InvertedPendulum-v4] run=3 seed= 68 t=  209,702  ep=1749  ep_reward=  1000.00  ep_steps=1000
  *** Eval  t=  210,000  avg_reward=  1000.00  (10 eps)  elapsed=13.6min ***
[InvertedPendulum-v4] run=3 seed= 68 t=  210,702  ep=1750  ep_reward=  1000.00  ep_steps=1000
[InvertedPendulum-v4] run=3 seed= 68 t=  211,702  ep=1751  ep_reward=  1000.00  ep_steps=1000
[InvertedPendulum-v4] run=3 seed= 68 t=  212,702  ep=1752  ep_reward=  1000.00  ep_steps=1000
[InvertedPendulum-v4] run=3 seed= 68 t=  213,702  ep=1753  ep_reward=  1000.00  ep_steps=1000
[InvertedPendulum-v4] run=3 seed= 68 t=  214,702  ep=1754  ep_reward=  1000.00  ep_steps=1000
[InvertedPendulum-v4] run=3 seed= 68 t=  215,702  ep=1755  ep_reward=  1000.00  ep_steps=1000
[InvertedPendulum-v4] run=3 seed= 68 t=  216,702  ep=1756  ep_reward=  1000.00  ep_steps=1000
[InvertedPendulum-v4] run=3 seed= 68 t=  217,702  ep=1757  ep_reward=  1000.00  ep_steps=1000
[InvertedPendulum-v4] run=3 seed= 68 t=  218,702  ep=1758  ep_reward=  1000.00  ep_steps=1000
[InvertedPendulum-v4] run=3 seed= 68 t=  219,702  ep=1759  ep_reward=  1000.00  ep_steps=1000
  *** Eval  t=  220,000  avg_reward=  1000.00  (10 eps)  elapsed=14.3min ***
[InvertedPendulum-v4] run=3 seed= 68 t=  220,702  ep=1760  ep_reward=  1000.00  ep_steps=1000
[InvertedPendulum-v4] run=3 seed= 68 t=  221,702  ep=1761  ep_reward=  1000.00  ep_steps=1000
[InvertedPendulum-v4] run=3 seed= 68 t=  222,702  ep=1762  ep_reward=  1000.00  ep_steps=1000
[InvertedPendulum-v4] run=3 seed= 68 t=  223,702  ep=1763  ep_reward=  1000.00  ep_steps=1000
[InvertedPendulum-v4] run=3 seed= 68 t=  224,702  ep=1764  ep_reward=  1000.00  ep_steps=1000
[InvertedPendulum-v4] run=3 seed= 68 t=  225,702  ep=1765  ep_reward=  1000.00  ep_steps=1000
[InvertedPendulum-v4] run=3 seed= 68 t=  226,702  ep=1766  ep_reward=  1000.00  ep_steps=1000
[InvertedPendulum-v4] run=3 seed= 68 t=  227,702  ep=1767  ep_reward=  1000.00  ep_steps=1000
[InvertedPendulum-v4] run=3 seed= 68 t=  228,702  ep=1768  ep_reward=  1000.00  ep_steps=1000
[InvertedPendulum-v4] run=3 seed= 68 t=  229,702  ep=1769  ep_reward=  1000.00  ep_steps=1000
  *** Eval  t=  230,000  avg_reward=  1000.00  (10 eps)  elapsed=15.0min ***
[InvertedPendulum-v4] run=3 seed= 68 t=  230,702  ep=1770  ep_reward=  1000.00  ep_steps=1000
[InvertedPendulum-v4] run=3 seed= 68 t=  231,702  ep=1771  ep_reward=  1000.00  ep_steps=1000
[InvertedPendulum-v4] run=3 seed= 68 t=  232,702  ep=1772  ep_reward=  1000.00  ep_steps=1000
[InvertedPendulum-v4] run=3 seed= 68 t=  233,702  ep=1773  ep_reward=  1000.00  ep_steps=1000
[InvertedPendulum-v4] run=3 seed= 68 t=  234,702  ep=1774  ep_reward=  1000.00  ep_steps=1000
[InvertedPendulum-v4] run=3 seed= 68 t=  235,702  ep=1775  ep_reward=  1000.00  ep_steps=1000
[InvertedPendulum-v4] run=3 seed= 68 t=  236,702  ep=1776  ep_reward=  1000.00  ep_steps=1000
[InvertedPendulum-v4] run=3 seed= 68 t=  237,702  ep=1777  ep_reward=  1000.00  ep_steps=1000
[InvertedPendulum-v4] run=3 seed= 68 t=  238,702  ep=1778  ep_reward=  1000.00  ep_steps=1000
[InvertedPendulum-v4] run=3 seed= 68 t=  239,702  ep=1779  ep_reward=  1000.00  ep_steps=1000
  *** Eval  t=  240,000  avg_reward=  1000.00  (10 eps)  elapsed=15.6min ***
[InvertedPendulum-v4] run=3 seed= 68 t=  240,702  ep=1780  ep_reward=  1000.00  ep_steps=1000
[InvertedPendulum-v4] run=3 seed= 68 t=  241,702  ep=1781  ep_reward=  1000.00  ep_steps=1000
[InvertedPendulum-v4] run=3 seed= 68 t=  242,702  ep=1782  ep_reward=  1000.00  ep_steps=1000
[InvertedPendulum-v4] run=3 seed= 68 t=  243,702  ep=1783  ep_reward=  1000.00  ep_steps=1000
[InvertedPendulum-v4] run=3 seed= 68 t=  244,702  ep=1784  ep_reward=  1000.00  ep_steps=1000
[InvertedPendulum-v4] run=3 seed= 68 t=  245,702  ep=1785  ep_reward=  1000.00  ep_steps=1000
[InvertedPendulum-v4] run=3 seed= 68 t=  246,702  ep=1786  ep_reward=  1000.00  ep_steps=1000
[InvertedPendulum-v4] run=3 seed= 68 t=  247,702  ep=1787  ep_reward=  1000.00  ep_steps=1000
[InvertedPendulum-v4] run=3 seed= 68 t=  248,702  ep=1788  ep_reward=  1000.00  ep_steps=1000
[InvertedPendulum-v4] run=3 seed= 68 t=  249,702  ep=1789  ep_reward=  1000.00  ep_steps=1000
  *** Eval  t=  250,000  avg_reward=  1000.00  (10 eps)  elapsed=16.3min ***
[InvertedPendulum-v4] run=3 seed= 68 t=  250,702  ep=1790  ep_reward=  1000.00  ep_steps=1000
[InvertedPendulum-v4] run=3 seed= 68 t=  251,702  ep=1791  ep_reward=  1000.00  ep_steps=1000
[InvertedPendulum-v4] run=3 seed= 68 t=  252,702  ep=1792  ep_reward=  1000.00  ep_steps=1000
[InvertedPendulum-v4] run=3 seed= 68 t=  253,702  ep=1793  ep_reward=  1000.00  ep_steps=1000
[InvertedPendulum-v4] run=3 seed= 68 t=  254,702  ep=1794  ep_reward=  1000.00  ep_steps=1000
[InvertedPendulum-v4] run=3 seed= 68 t=  255,702  ep=1795  ep_reward=  1000.00  ep_steps=1000
[InvertedPendulum-v4] run=3 seed= 68 t=  256,702  ep=1796  ep_reward=  1000.00  ep_steps=1000
[InvertedPendulum-v4] run=3 seed= 68 t=  257,702  ep=1797  ep_reward=  1000.00  ep_steps=1000
[InvertedPendulum-v4] run=3 seed= 68 t=  258,702  ep=1798  ep_reward=  1000.00  ep_steps=1000
[InvertedPendulum-v4] run=3 seed= 68 t=  259,702  ep=1799  ep_reward=  1000.00  ep_steps=1000
  *** Eval  t=  260,000  avg_reward=  1000.00  (10 eps)  elapsed=17.0min ***
[InvertedPendulum-v4] run=3 seed= 68 t=  260,702  ep=1800  ep_reward=  1000.00  ep_steps=1000
[InvertedPendulum-v4] run=3 seed= 68 t=  261,702  ep=1801  ep_reward=  1000.00  ep_steps=1000
[InvertedPendulum-v4] run=3 seed= 68 t=  262,702  ep=1802  ep_reward=  1000.00  ep_steps=1000
[InvertedPendulum-v4] run=3 seed= 68 t=  263,702  ep=1803  ep_reward=  1000.00  ep_steps=1000
[InvertedPendulum-v4] run=3 seed= 68 t=  264,702  ep=1804  ep_reward=  1000.00  ep_steps=1000
[InvertedPendulum-v4] run=3 seed= 68 t=  265,702  ep=1805  ep_reward=  1000.00  ep_steps=1000
[InvertedPendulum-v4] run=3 seed= 68 t=  266,702  ep=1806  ep_reward=  1000.00  ep_steps=1000
[InvertedPendulum-v4] run=3 seed= 68 t=  267,702  ep=1807  ep_reward=  1000.00  ep_steps=1000
[InvertedPendulum-v4] run=3 seed= 68 t=  268,702  ep=1808  ep_reward=  1000.00  ep_steps=1000
[InvertedPendulum-v4] run=3 seed= 68 t=  269,702  ep=1809  ep_reward=  1000.00  ep_steps=1000
  *** Eval  t=  270,000  avg_reward=  1000.00  (10 eps)  elapsed=17.6min ***
[InvertedPendulum-v4] run=3 seed= 68 t=  270,702  ep=1810  ep_reward=  1000.00  ep_steps=1000
[InvertedPendulum-v4] run=3 seed= 68 t=  271,702  ep=1811  ep_reward=  1000.00  ep_steps=1000
[InvertedPendulum-v4] run=3 seed= 68 t=  272,702  ep=1812  ep_reward=  1000.00  ep_steps=1000
[InvertedPendulum-v4] run=3 seed= 68 t=  273,702  ep=1813  ep_reward=  1000.00  ep_steps=1000
[InvertedPendulum-v4] run=3 seed= 68 t=  274,702  ep=1814  ep_reward=  1000.00  ep_steps=1000
[InvertedPendulum-v4] run=3 seed= 68 t=  275,702  ep=1815  ep_reward=  1000.00  ep_steps=1000
[InvertedPendulum-v4] run=3 seed= 68 t=  276,702  ep=1816  ep_reward=  1000.00  ep_steps=1000
[InvertedPendulum-v4] run=3 seed= 68 t=  277,702  ep=1817  ep_reward=  1000.00  ep_steps=1000
[InvertedPendulum-v4] run=3 seed= 68 t=  278,702  ep=1818  ep_reward=  1000.00  ep_steps=1000
[InvertedPendulum-v4] run=3 seed= 68 t=  279,702  ep=1819  ep_reward=  1000.00  ep_steps=1000
  *** Eval  t=  280,000  avg_reward=  1000.00  (10 eps)  elapsed=18.3min ***
[InvertedPendulum-v4] run=3 seed= 68 t=  280,702  ep=1820  ep_reward=  1000.00  ep_steps=1000
[InvertedPendulum-v4] run=3 seed= 68 t=  281,702  ep=1821  ep_reward=  1000.00  ep_steps=1000
[InvertedPendulum-v4] run=3 seed= 68 t=  282,702  ep=1822  ep_reward=  1000.00  ep_steps=1000
[InvertedPendulum-v4] run=3 seed= 68 t=  283,702  ep=1823  ep_reward=  1000.00  ep_steps=1000
[InvertedPendulum-v4] run=3 seed= 68 t=  284,702  ep=1824  ep_reward=  1000.00  ep_steps=1000
[InvertedPendulum-v4] run=3 seed= 68 t=  285,702  ep=1825  ep_reward=  1000.00  ep_steps=1000
[InvertedPendulum-v4] run=3 seed= 68 t=  286,702  ep=1826  ep_reward=  1000.00  ep_steps=1000
[InvertedPendulum-v4] run=3 seed= 68 t=  287,702  ep=1827  ep_reward=  1000.00  ep_steps=1000
[InvertedPendulum-v4] run=3 seed= 68 t=  288,702  ep=1828  ep_reward=  1000.00  ep_steps=1000
[InvertedPendulum-v4] run=3 seed= 68 t=  289,702  ep=1829  ep_reward=  1000.00  ep_steps=1000
  *** Eval  t=  290,000  avg_reward=  1000.00  (10 eps)  elapsed=19.0min ***
[InvertedPendulum-v4] run=3 seed= 68 t=  290,702  ep=1830  ep_reward=  1000.00  ep_steps=1000
[InvertedPendulum-v4] run=3 seed= 68 t=  291,702  ep=1831  ep_reward=  1000.00  ep_steps=1000
[InvertedPendulum-v4] run=3 seed= 68 t=  292,702  ep=1832  ep_reward=  1000.00  ep_steps=1000
[InvertedPendulum-v4] run=3 seed= 68 t=  293,702  ep=1833  ep_reward=  1000.00  ep_steps=1000
[InvertedPendulum-v4] run=3 seed= 68 t=  294,702  ep=1834  ep_reward=  1000.00  ep_steps=1000
[InvertedPendulum-v4] run=3 seed= 68 t=  295,702  ep=1835  ep_reward=  1000.00  ep_steps=1000
[InvertedPendulum-v4] run=3 seed= 68 t=  296,702  ep=1836  ep_reward=  1000.00  ep_steps=1000
[InvertedPendulum-v4] run=3 seed= 68 t=  297,702  ep=1837  ep_reward=  1000.00  ep_steps=1000
[InvertedPendulum-v4] run=3 seed= 68 t=  298,702  ep=1838  ep_reward=  1000.00  ep_steps=1000
[InvertedPendulum-v4] run=3 seed= 68 t=  299,702  ep=1839  ep_reward=  1000.00  ep_steps=1000
  *** Eval  t=  300,000  avg_reward=  1000.00  (10 eps)  elapsed=19.7min ***
[InvertedPendulum-v4] run=3 seed= 68 t=  300,702  ep=1840  ep_reward=  1000.00  ep_steps=1000
[InvertedPendulum-v4] run=3 seed= 68 t=  301,702  ep=1841  ep_reward=  1000.00  ep_steps=1000
[InvertedPendulum-v4] run=3 seed= 68 t=  302,702  ep=1842  ep_reward=  1000.00  ep_steps=1000
[InvertedPendulum-v4] run=3 seed= 68 t=  303,702  ep=1843  ep_reward=  1000.00  ep_steps=1000
[InvertedPendulum-v4] run=3 seed= 68 t=  304,702  ep=1844  ep_reward=  1000.00  ep_steps=1000
[InvertedPendulum-v4] run=3 seed= 68 t=  305,702  ep=1845  ep_reward=  1000.00  ep_steps=1000
[InvertedPendulum-v4] run=3 seed= 68 t=  306,702  ep=1846  ep_reward=  1000.00  ep_steps=1000
[InvertedPendulum-v4] run=3 seed= 68 t=  307,702  ep=1847  ep_reward=  1000.00  ep_steps=1000
[InvertedPendulum-v4] run=3 seed= 68 t=  308,702  ep=1848  ep_reward=  1000.00  ep_steps=1000
[InvertedPendulum-v4] run=3 seed= 68 t=  309,702  ep=1849  ep_reward=  1000.00  ep_steps=1000
  *** Eval  t=  310,000  avg_reward=  1000.00  (10 eps)  elapsed=20.3min ***
[InvertedPendulum-v4] run=3 seed= 68 t=  310,702  ep=1850  ep_reward=  1000.00  ep_steps=1000
[InvertedPendulum-v4] run=3 seed= 68 t=  311,702  ep=1851  ep_reward=  1000.00  ep_steps=1000
[InvertedPendulum-v4] run=3 seed= 68 t=  312,702  ep=1852  ep_reward=  1000.00  ep_steps=1000
[InvertedPendulum-v4] run=3 seed= 68 t=  313,702  ep=1853  ep_reward=  1000.00  ep_steps=1000
[InvertedPendulum-v4] run=3 seed= 68 t=  314,702  ep=1854  ep_reward=  1000.00  ep_steps=1000
[InvertedPendulum-v4] run=3 seed= 68 t=  315,702  ep=1855  ep_reward=  1000.00  ep_steps=1000
[InvertedPendulum-v4] run=3 seed= 68 t=  316,702  ep=1856  ep_reward=  1000.00  ep_steps=1000
[InvertedPendulum-v4] run=3 seed= 68 t=  317,702  ep=1857  ep_reward=  1000.00  ep_steps=1000
[InvertedPendulum-v4] run=3 seed= 68 t=  318,702  ep=1858  ep_reward=  1000.00  ep_steps=1000
[InvertedPendulum-v4] run=3 seed= 68 t=  319,702  ep=1859  ep_reward=  1000.00  ep_steps=1000
  *** Eval  t=  320,000  avg_reward=  1000.00  (10 eps)  elapsed=21.0min ***
[InvertedPendulum-v4] run=3 seed= 68 t=  320,702  ep=1860  ep_reward=  1000.00  ep_steps=1000
[InvertedPendulum-v4] run=3 seed= 68 t=  321,702  ep=1861  ep_reward=  1000.00  ep_steps=1000
[InvertedPendulum-v4] run=3 seed= 68 t=  322,702  ep=1862  ep_reward=  1000.00  ep_steps=1000
[InvertedPendulum-v4] run=3 seed= 68 t=  323,702  ep=1863  ep_reward=  1000.00  ep_steps=1000
[InvertedPendulum-v4] run=3 seed= 68 t=  324,702  ep=1864  ep_reward=  1000.00  ep_steps=1000
[InvertedPendulum-v4] run=3 seed= 68 t=  325,702  ep=1865  ep_reward=  1000.00  ep_steps=1000
[InvertedPendulum-v4] run=3 seed= 68 t=  326,702  ep=1866  ep_reward=  1000.00  ep_steps=1000
[InvertedPendulum-v4] run=3 seed= 68 t=  327,702  ep=1867  ep_reward=  1000.00  ep_steps=1000
[InvertedPendulum-v4] run=3 seed= 68 t=  328,702  ep=1868  ep_reward=  1000.00  ep_steps=1000
[InvertedPendulum-v4] run=3 seed= 68 t=  329,702  ep=1869  ep_reward=  1000.00  ep_steps=1000
  *** Eval  t=  330,000  avg_reward=  1000.00  (10 eps)  elapsed=21.7min ***
[InvertedPendulum-v4] run=3 seed= 68 t=  330,702  ep=1870  ep_reward=  1000.00  ep_steps=1000
[InvertedPendulum-v4] run=3 seed= 68 t=  331,702  ep=1871  ep_reward=  1000.00  ep_steps=1000
[InvertedPendulum-v4] run=3 seed= 68 t=  332,702  ep=1872  ep_reward=  1000.00  ep_steps=1000
[InvertedPendulum-v4] run=3 seed= 68 t=  333,702  ep=1873  ep_reward=  1000.00  ep_steps=1000
[InvertedPendulum-v4] run=3 seed= 68 t=  334,702  ep=1874  ep_reward=  1000.00  ep_steps=1000
[InvertedPendulum-v4] run=3 seed= 68 t=  335,702  ep=1875  ep_reward=  1000.00  ep_steps=1000
[InvertedPendulum-v4] run=3 seed= 68 t=  336,702  ep=1876  ep_reward=  1000.00  ep_steps=1000
[InvertedPendulum-v4] run=3 seed= 68 t=  337,702  ep=1877  ep_reward=  1000.00  ep_steps=1000
[InvertedPendulum-v4] run=3 seed= 68 t=  338,702  ep=1878  ep_reward=  1000.00  ep_steps=1000
[InvertedPendulum-v4] run=3 seed= 68 t=  339,702  ep=1879  ep_reward=  1000.00  ep_steps=1000
  *** Eval  t=  340,000  avg_reward=  1000.00  (10 eps)  elapsed=22.4min ***
[InvertedPendulum-v4] run=3 seed= 68 t=  340,702  ep=1880  ep_reward=  1000.00  ep_steps=1000
[InvertedPendulum-v4] run=3 seed= 68 t=  341,702  ep=1881  ep_reward=  1000.00  ep_steps=1000
[InvertedPendulum-v4] run=3 seed= 68 t=  342,702  ep=1882  ep_reward=  1000.00  ep_steps=1000
[InvertedPendulum-v4] run=3 seed= 68 t=  343,702  ep=1883  ep_reward=  1000.00  ep_steps=1000
[InvertedPendulum-v4] run=3 seed= 68 t=  344,702  ep=1884  ep_reward=  1000.00  ep_steps=1000
[InvertedPendulum-v4] run=3 seed= 68 t=  345,702  ep=1885  ep_reward=  1000.00  ep_steps=1000
[InvertedPendulum-v4] run=3 seed= 68 t=  346,702  ep=1886  ep_reward=  1000.00  ep_steps=1000
[InvertedPendulum-v4] run=3 seed= 68 t=  347,702  ep=1887  ep_reward=  1000.00  ep_steps=1000
[InvertedPendulum-v4] run=3 seed= 68 t=  348,702  ep=1888  ep_reward=  1000.00  ep_steps=1000
[InvertedPendulum-v4] run=3 seed= 68 t=  349,702  ep=1889  ep_reward=  1000.00  ep_steps=1000
  *** Eval  t=  350,000  avg_reward=  1000.00  (10 eps)  elapsed=23.0min ***
[InvertedPendulum-v4] run=3 seed= 68 t=  350,702  ep=1890  ep_reward=  1000.00  ep_steps=1000
[InvertedPendulum-v4] run=3 seed= 68 t=  351,702  ep=1891  ep_reward=  1000.00  ep_steps=1000
[InvertedPendulum-v4] run=3 seed= 68 t=  352,702  ep=1892  ep_reward=  1000.00  ep_steps=1000
[InvertedPendulum-v4] run=3 seed= 68 t=  353,702  ep=1893  ep_reward=  1000.00  ep_steps=1000
[InvertedPendulum-v4] run=3 seed= 68 t=  354,702  ep=1894  ep_reward=  1000.00  ep_steps=1000
[InvertedPendulum-v4] run=3 seed= 68 t=  355,702  ep=1895  ep_reward=  1000.00  ep_steps=1000
[InvertedPendulum-v4] run=3 seed= 68 t=  356,702  ep=1896  ep_reward=  1000.00  ep_steps=1000
[InvertedPendulum-v4] run=3 seed= 68 t=  357,702  ep=1897  ep_reward=  1000.00  ep_steps=1000
[InvertedPendulum-v4] run=3 seed= 68 t=  358,702  ep=1898  ep_reward=  1000.00  ep_steps=1000
[InvertedPendulum-v4] run=3 seed= 68 t=  359,702  ep=1899  ep_reward=  1000.00  ep_steps=1000
  *** Eval  t=  360,000  avg_reward=  1000.00  (10 eps)  elapsed=23.7min ***
[InvertedPendulum-v4] run=3 seed= 68 t=  360,702  ep=1900  ep_reward=  1000.00  ep_steps=1000
[InvertedPendulum-v4] run=3 seed= 68 t=  361,702  ep=1901  ep_reward=  1000.00  ep_steps=1000
[InvertedPendulum-v4] run=3 seed= 68 t=  362,702  ep=1902  ep_reward=  1000.00  ep_steps=1000
[InvertedPendulum-v4] run=3 seed= 68 t=  363,702  ep=1903  ep_reward=  1000.00  ep_steps=1000
[InvertedPendulum-v4] run=3 seed= 68 t=  364,702  ep=1904  ep_reward=  1000.00  ep_steps=1000
[InvertedPendulum-v4] run=3 seed= 68 t=  365,702  ep=1905  ep_reward=  1000.00  ep_steps=1000
[InvertedPendulum-v4] run=3 seed= 68 t=  366,702  ep=1906  ep_reward=  1000.00  ep_steps=1000
[InvertedPendulum-v4] run=3 seed= 68 t=  367,702  ep=1907  ep_reward=  1000.00  ep_steps=1000
[InvertedPendulum-v4] run=3 seed= 68 t=  368,702  ep=1908  ep_reward=  1000.00  ep_steps=1000
[InvertedPendulum-v4] run=3 seed= 68 t=  369,702  ep=1909  ep_reward=  1000.00  ep_steps=1000
  *** Eval  t=  370,000  avg_reward=  1000.00  (10 eps)  elapsed=24.4min ***
[InvertedPendulum-v4] run=3 seed= 68 t=  370,702  ep=1910  ep_reward=  1000.00  ep_steps=1000
[InvertedPendulum-v4] run=3 seed= 68 t=  371,702  ep=1911  ep_reward=  1000.00  ep_steps=1000
[InvertedPendulum-v4] run=3 seed= 68 t=  372,702  ep=1912  ep_reward=  1000.00  ep_steps=1000
[InvertedPendulum-v4] run=3 seed= 68 t=  373,702  ep=1913  ep_reward=  1000.00  ep_steps=1000
[InvertedPendulum-v4] run=3 seed= 68 t=  374,702  ep=1914  ep_reward=  1000.00  ep_steps=1000
[InvertedPendulum-v4] run=3 seed= 68 t=  375,702  ep=1915  ep_reward=  1000.00  ep_steps=1000
[InvertedPendulum-v4] run=3 seed= 68 t=  376,702  ep=1916  ep_reward=  1000.00  ep_steps=1000
[InvertedPendulum-v4] run=3 seed= 68 t=  377,702  ep=1917  ep_reward=  1000.00  ep_steps=1000
[InvertedPendulum-v4] run=3 seed= 68 t=  378,702  ep=1918  ep_reward=  1000.00  ep_steps=1000
[InvertedPendulum-v4] run=3 seed= 68 t=  379,702  ep=1919  ep_reward=  1000.00  ep_steps=1000
  *** Eval  t=  380,000  avg_reward=  1000.00  (10 eps)  elapsed=25.0min ***
[InvertedPendulum-v4] run=3 seed= 68 t=  380,702  ep=1920  ep_reward=  1000.00  ep_steps=1000
[InvertedPendulum-v4] run=3 seed= 68 t=  381,702  ep=1921  ep_reward=  1000.00  ep_steps=1000
[InvertedPendulum-v4] run=3 seed= 68 t=  382,702  ep=1922  ep_reward=  1000.00  ep_steps=1000
[InvertedPendulum-v4] run=3 seed= 68 t=  383,702  ep=1923  ep_reward=  1000.00  ep_steps=1000
[InvertedPendulum-v4] run=3 seed= 68 t=  384,702  ep=1924  ep_reward=  1000.00  ep_steps=1000
[InvertedPendulum-v4] run=3 seed= 68 t=  385,702  ep=1925  ep_reward=  1000.00  ep_steps=1000
[InvertedPendulum-v4] run=3 seed= 68 t=  386,702  ep=1926  ep_reward=  1000.00  ep_steps=1000
[InvertedPendulum-v4] run=3 seed= 68 t=  387,702  ep=1927  ep_reward=  1000.00  ep_steps=1000
[InvertedPendulum-v4] run=3 seed= 68 t=  388,702  ep=1928  ep_reward=  1000.00  ep_steps=1000
[InvertedPendulum-v4] run=3 seed= 68 t=  389,702  ep=1929  ep_reward=  1000.00  ep_steps=1000
  *** Eval  t=  390,000  avg_reward=  1000.00  (10 eps)  elapsed=25.7min ***
[InvertedPendulum-v4] run=3 seed= 68 t=  390,702  ep=1930  ep_reward=  1000.00  ep_steps=1000
[InvertedPendulum-v4] run=3 seed= 68 t=  391,702  ep=1931  ep_reward=  1000.00  ep_steps=1000
[InvertedPendulum-v4] run=3 seed= 68 t=  392,702  ep=1932  ep_reward=  1000.00  ep_steps=1000
[InvertedPendulum-v4] run=3 seed= 68 t=  393,702  ep=1933  ep_reward=  1000.00  ep_steps=1000
[InvertedPendulum-v4] run=3 seed= 68 t=  394,702  ep=1934  ep_reward=  1000.00  ep_steps=1000
[InvertedPendulum-v4] run=3 seed= 68 t=  395,702  ep=1935  ep_reward=  1000.00  ep_steps=1000
[InvertedPendulum-v4] run=3 seed= 68 t=  396,702  ep=1936  ep_reward=  1000.00  ep_steps=1000
[InvertedPendulum-v4] run=3 seed= 68 t=  397,702  ep=1937  ep_reward=  1000.00  ep_steps=1000
[InvertedPendulum-v4] run=3 seed= 68 t=  398,702  ep=1938  ep_reward=  1000.00  ep_steps=1000
[InvertedPendulum-v4] run=3 seed= 68 t=  399,702  ep=1939  ep_reward=  1000.00  ep_steps=1000
  *** Eval  t=  400,000  avg_reward=  1000.00  (10 eps)  elapsed=26.4min ***
[InvertedPendulum-v4] run=3 seed= 68 t=  400,702  ep=1940  ep_reward=  1000.00  ep_steps=1000
[InvertedPendulum-v4] run=3 seed= 68 t=  401,702  ep=1941  ep_reward=  1000.00  ep_steps=1000
[InvertedPendulum-v4] run=3 seed= 68 t=  402,702  ep=1942  ep_reward=  1000.00  ep_steps=1000
[InvertedPendulum-v4] run=3 seed= 68 t=  403,702  ep=1943  ep_reward=  1000.00  ep_steps=1000
[InvertedPendulum-v4] run=3 seed= 68 t=  404,702  ep=1944  ep_reward=  1000.00  ep_steps=1000
[InvertedPendulum-v4] run=3 seed= 68 t=  405,702  ep=1945  ep_reward=  1000.00  ep_steps=1000
[InvertedPendulum-v4] run=3 seed= 68 t=  406,702  ep=1946  ep_reward=  1000.00  ep_steps=1000
[InvertedPendulum-v4] run=3 seed= 68 t=  407,702  ep=1947  ep_reward=  1000.00  ep_steps=1000
[InvertedPendulum-v4] run=3 seed= 68 t=  408,702  ep=1948  ep_reward=  1000.00  ep_steps=1000
[InvertedPendulum-v4] run=3 seed= 68 t=  409,702  ep=1949  ep_reward=  1000.00  ep_steps=1000
  *** Eval  t=  410,000  avg_reward=  1000.00  (10 eps)  elapsed=27.1min ***
[InvertedPendulum-v4] run=3 seed= 68 t=  410,702  ep=1950  ep_reward=  1000.00  ep_steps=1000
[InvertedPendulum-v4] run=3 seed= 68 t=  411,702  ep=1951  ep_reward=  1000.00  ep_steps=1000
[InvertedPendulum-v4] run=3 seed= 68 t=  412,702  ep=1952  ep_reward=  1000.00  ep_steps=1000
[InvertedPendulum-v4] run=3 seed= 68 t=  413,702  ep=1953  ep_reward=  1000.00  ep_steps=1000
[InvertedPendulum-v4] run=3 seed= 68 t=  414,702  ep=1954  ep_reward=  1000.00  ep_steps=1000
[InvertedPendulum-v4] run=3 seed= 68 t=  415,702  ep=1955  ep_reward=  1000.00  ep_steps=1000
[InvertedPendulum-v4] run=3 seed= 68 t=  416,702  ep=1956  ep_reward=  1000.00  ep_steps=1000
[InvertedPendulum-v4] run=3 seed= 68 t=  417,702  ep=1957  ep_reward=  1000.00  ep_steps=1000
[InvertedPendulum-v4] run=3 seed= 68 t=  418,702  ep=1958  ep_reward=  1000.00  ep_steps=1000
[InvertedPendulum-v4] run=3 seed= 68 t=  419,702  ep=1959  ep_reward=  1000.00  ep_steps=1000
  *** Eval  t=  420,000  avg_reward=  1000.00  (10 eps)  elapsed=27.7min ***
[InvertedPendulum-v4] run=3 seed= 68 t=  420,702  ep=1960  ep_reward=  1000.00  ep_steps=1000
[InvertedPendulum-v4] run=3 seed= 68 t=  421,702  ep=1961  ep_reward=  1000.00  ep_steps=1000
[InvertedPendulum-v4] run=3 seed= 68 t=  422,702  ep=1962  ep_reward=  1000.00  ep_steps=1000
[InvertedPendulum-v4] run=3 seed= 68 t=  423,702  ep=1963  ep_reward=  1000.00  ep_steps=1000
[InvertedPendulum-v4] run=3 seed= 68 t=  424,702  ep=1964  ep_reward=  1000.00  ep_steps=1000
[InvertedPendulum-v4] run=3 seed= 68 t=  425,702  ep=1965  ep_reward=  1000.00  ep_steps=1000
[InvertedPendulum-v4] run=3 seed= 68 t=  426,702  ep=1966  ep_reward=  1000.00  ep_steps=1000
[InvertedPendulum-v4] run=3 seed= 68 t=  427,702  ep=1967  ep_reward=  1000.00  ep_steps=1000
[InvertedPendulum-v4] run=3 seed= 68 t=  428,702  ep=1968  ep_reward=  1000.00  ep_steps=1000
[InvertedPendulum-v4] run=3 seed= 68 t=  429,702  ep=1969  ep_reward=  1000.00  ep_steps=1000
  *** Eval  t=  430,000  avg_reward=  1000.00  (10 eps)  elapsed=28.4min ***
[InvertedPendulum-v4] run=3 seed= 68 t=  430,702  ep=1970  ep_reward=  1000.00  ep_steps=1000
[InvertedPendulum-v4] run=3 seed= 68 t=  431,702  ep=1971  ep_reward=  1000.00  ep_steps=1000
[InvertedPendulum-v4] run=3 seed= 68 t=  432,702  ep=1972  ep_reward=  1000.00  ep_steps=1000
[InvertedPendulum-v4] run=3 seed= 68 t=  433,702  ep=1973  ep_reward=  1000.00  ep_steps=1000
[InvertedPendulum-v4] run=3 seed= 68 t=  434,702  ep=1974  ep_reward=  1000.00  ep_steps=1000
[InvertedPendulum-v4] run=3 seed= 68 t=  435,702  ep=1975  ep_reward=  1000.00  ep_steps=1000
[InvertedPendulum-v4] run=3 seed= 68 t=  436,702  ep=1976  ep_reward=  1000.00  ep_steps=1000
[InvertedPendulum-v4] run=3 seed= 68 t=  437,702  ep=1977  ep_reward=  1000.00  ep_steps=1000
[InvertedPendulum-v4] run=3 seed= 68 t=  438,702  ep=1978  ep_reward=  1000.00  ep_steps=1000
[InvertedPendulum-v4] run=3 seed= 68 t=  439,702  ep=1979  ep_reward=  1000.00  ep_steps=1000
  *** Eval  t=  440,000  avg_reward=  1000.00  (10 eps)  elapsed=29.1min ***
[InvertedPendulum-v4] run=3 seed= 68 t=  440,702  ep=1980  ep_reward=  1000.00  ep_steps=1000
[InvertedPendulum-v4] run=3 seed= 68 t=  441,702  ep=1981  ep_reward=  1000.00  ep_steps=1000
[InvertedPendulum-v4] run=3 seed= 68 t=  442,702  ep=1982  ep_reward=  1000.00  ep_steps=1000
[InvertedPendulum-v4] run=3 seed= 68 t=  443,702  ep=1983  ep_reward=  1000.00  ep_steps=1000
[InvertedPendulum-v4] run=3 seed= 68 t=  444,702  ep=1984  ep_reward=  1000.00  ep_steps=1000
[InvertedPendulum-v4] run=3 seed= 68 t=  445,702  ep=1985  ep_reward=  1000.00  ep_steps=1000
[InvertedPendulum-v4] run=3 seed= 68 t=  446,702  ep=1986  ep_reward=  1000.00  ep_steps=1000
[InvertedPendulum-v4] run=3 seed= 68 t=  447,702  ep=1987  ep_reward=  1000.00  ep_steps=1000
[InvertedPendulum-v4] run=3 seed= 68 t=  448,702  ep=1988  ep_reward=  1000.00  ep_steps=1000
[InvertedPendulum-v4] run=3 seed= 68 t=  449,702  ep=1989  ep_reward=  1000.00  ep_steps=1000
  *** Eval  t=  450,000  avg_reward=  1000.00  (10 eps)  elapsed=29.7min ***
[InvertedPendulum-v4] run=3 seed= 68 t=  450,702  ep=1990  ep_reward=  1000.00  ep_steps=1000
[InvertedPendulum-v4] run=3 seed= 68 t=  451,702  ep=1991  ep_reward=  1000.00  ep_steps=1000
[InvertedPendulum-v4] run=3 seed= 68 t=  452,702  ep=1992  ep_reward=  1000.00  ep_steps=1000
[InvertedPendulum-v4] run=3 seed= 68 t=  453,702  ep=1993  ep_reward=  1000.00  ep_steps=1000
[InvertedPendulum-v4] run=3 seed= 68 t=  454,702  ep=1994  ep_reward=  1000.00  ep_steps=1000
[InvertedPendulum-v4] run=3 seed= 68 t=  455,702  ep=1995  ep_reward=  1000.00  ep_steps=1000
[InvertedPendulum-v4] run=3 seed= 68 t=  456,702  ep=1996  ep_reward=  1000.00  ep_steps=1000
[InvertedPendulum-v4] run=3 seed= 68 t=  457,702  ep=1997  ep_reward=  1000.00  ep_steps=1000
[InvertedPendulum-v4] run=3 seed= 68 t=  458,702  ep=1998  ep_reward=  1000.00  ep_steps=1000
[InvertedPendulum-v4] run=3 seed= 68 t=  459,702  ep=1999  ep_reward=  1000.00  ep_steps=1000
  *** Eval  t=  460,000  avg_reward=  1000.00  (10 eps)  elapsed=30.4min ***
[InvertedPendulum-v4] run=3 seed= 68 t=  460,702  ep=2000  ep_reward=  1000.00  ep_steps=1000
[InvertedPendulum-v4] run=3 seed= 68 t=  461,702  ep=2001  ep_reward=  1000.00  ep_steps=1000
[InvertedPendulum-v4] run=3 seed= 68 t=  462,702  ep=2002  ep_reward=  1000.00  ep_steps=1000
[InvertedPendulum-v4] run=3 seed= 68 t=  463,702  ep=2003  ep_reward=  1000.00  ep_steps=1000
[InvertedPendulum-v4] run=3 seed= 68 t=  464,702  ep=2004  ep_reward=  1000.00  ep_steps=1000
[InvertedPendulum-v4] run=3 seed= 68 t=  465,702  ep=2005  ep_reward=  1000.00  ep_steps=1000
[InvertedPendulum-v4] run=3 seed= 68 t=  466,702  ep=2006  ep_reward=  1000.00  ep_steps=1000
[InvertedPendulum-v4] run=3 seed= 68 t=  467,702  ep=2007  ep_reward=  1000.00  ep_steps=1000
[InvertedPendulum-v4] run=3 seed= 68 t=  468,702  ep=2008  ep_reward=  1000.00  ep_steps=1000
[InvertedPendulum-v4] run=3 seed= 68 t=  469,702  ep=2009  ep_reward=  1000.00  ep_steps=1000
  *** Eval  t=  470,000  avg_reward=  1000.00  (10 eps)  elapsed=31.1min ***
[InvertedPendulum-v4] run=3 seed= 68 t=  470,702  ep=2010  ep_reward=  1000.00  ep_steps=1000
[InvertedPendulum-v4] run=3 seed= 68 t=  471,702  ep=2011  ep_reward=  1000.00  ep_steps=1000
[InvertedPendulum-v4] run=3 seed= 68 t=  472,702  ep=2012  ep_reward=  1000.00  ep_steps=1000
[InvertedPendulum-v4] run=3 seed= 68 t=  473,702  ep=2013  ep_reward=  1000.00  ep_steps=1000
[InvertedPendulum-v4] run=3 seed= 68 t=  474,702  ep=2014  ep_reward=  1000.00  ep_steps=1000
[InvertedPendulum-v4] run=3 seed= 68 t=  475,702  ep=2015  ep_reward=  1000.00  ep_steps=1000
[InvertedPendulum-v4] run=3 seed= 68 t=  476,702  ep=2016  ep_reward=  1000.00  ep_steps=1000
[InvertedPendulum-v4] run=3 seed= 68 t=  477,702  ep=2017  ep_reward=  1000.00  ep_steps=1000
[InvertedPendulum-v4] run=3 seed= 68 t=  478,702  ep=2018  ep_reward=  1000.00  ep_steps=1000
[InvertedPendulum-v4] run=3 seed= 68 t=  479,702  ep=2019  ep_reward=  1000.00  ep_steps=1000
  *** Eval  t=  480,000  avg_reward=  1000.00  (10 eps)  elapsed=31.8min ***
[InvertedPendulum-v4] run=3 seed= 68 t=  480,702  ep=2020  ep_reward=  1000.00  ep_steps=1000
[InvertedPendulum-v4] run=3 seed= 68 t=  481,702  ep=2021  ep_reward=  1000.00  ep_steps=1000
[InvertedPendulum-v4] run=3 seed= 68 t=  482,702  ep=2022  ep_reward=  1000.00  ep_steps=1000
[InvertedPendulum-v4] run=3 seed= 68 t=  483,702  ep=2023  ep_reward=  1000.00  ep_steps=1000
[InvertedPendulum-v4] run=3 seed= 68 t=  484,702  ep=2024  ep_reward=  1000.00  ep_steps=1000
[InvertedPendulum-v4] run=3 seed= 68 t=  485,702  ep=2025  ep_reward=  1000.00  ep_steps=1000
[InvertedPendulum-v4] run=3 seed= 68 t=  486,702  ep=2026  ep_reward=  1000.00  ep_steps=1000
[InvertedPendulum-v4] run=3 seed= 68 t=  487,702  ep=2027  ep_reward=  1000.00  ep_steps=1000
[InvertedPendulum-v4] run=3 seed= 68 t=  488,702  ep=2028  ep_reward=  1000.00  ep_steps=1000
[InvertedPendulum-v4] run=3 seed= 68 t=  489,702  ep=2029  ep_reward=  1000.00  ep_steps=1000
  *** Eval  t=  490,000  avg_reward=  1000.00  (10 eps)  elapsed=32.4min ***
[InvertedPendulum-v4] run=3 seed= 68 t=  490,702  ep=2030  ep_reward=  1000.00  ep_steps=1000
[InvertedPendulum-v4] run=3 seed= 68 t=  491,702  ep=2031  ep_reward=  1000.00  ep_steps=1000
[InvertedPendulum-v4] run=3 seed= 68 t=  492,702  ep=2032  ep_reward=  1000.00  ep_steps=1000
[InvertedPendulum-v4] run=3 seed= 68 t=  493,702  ep=2033  ep_reward=  1000.00  ep_steps=1000
[InvertedPendulum-v4] run=3 seed= 68 t=  494,702  ep=2034  ep_reward=  1000.00  ep_steps=1000
[InvertedPendulum-v4] run=3 seed= 68 t=  495,702  ep=2035  ep_reward=  1000.00  ep_steps=1000
[InvertedPendulum-v4] run=3 seed= 68 t=  496,702  ep=2036  ep_reward=  1000.00  ep_steps=1000
[InvertedPendulum-v4] run=3 seed= 68 t=  497,702  ep=2037  ep_reward=  1000.00  ep_steps=1000
[InvertedPendulum-v4] run=3 seed= 68 t=  498,702  ep=2038  ep_reward=  1000.00  ep_steps=1000
[InvertedPendulum-v4] run=3 seed= 68 t=  499,702  ep=2039  ep_reward=  1000.00  ep_steps=1000
  *** Eval  t=  500,000  avg_reward=  1000.00  (10 eps)  elapsed=33.1min ***
[InvertedPendulum-v4] run=3 seed= 68 t=  500,702  ep=2040  ep_reward=  1000.00  ep_steps=1000
[InvertedPendulum-v4] run=3 seed= 68 t=  501,702  ep=2041  ep_reward=  1000.00  ep_steps=1000
[InvertedPendulum-v4] run=3 seed= 68 t=  502,702  ep=2042  ep_reward=  1000.00  ep_steps=1000
[InvertedPendulum-v4] run=3 seed= 68 t=  503,702  ep=2043  ep_reward=  1000.00  ep_steps=1000
[InvertedPendulum-v4] run=3 seed= 68 t=  504,702  ep=2044  ep_reward=  1000.00  ep_steps=1000
[InvertedPendulum-v4] run=3 seed= 68 t=  505,702  ep=2045  ep_reward=  1000.00  ep_steps=1000
[InvertedPendulum-v4] run=3 seed= 68 t=  506,702  ep=2046  ep_reward=  1000.00  ep_steps=1000
[InvertedPendulum-v4] run=3 seed= 68 t=  507,702  ep=2047  ep_reward=  1000.00  ep_steps=1000
[InvertedPendulum-v4] run=3 seed= 68 t=  508,702  ep=2048  ep_reward=  1000.00  ep_steps=1000
[InvertedPendulum-v4] run=3 seed= 68 t=  509,702  ep=2049  ep_reward=  1000.00  ep_steps=1000
  *** Eval  t=  510,000  avg_reward=  1000.00  (10 eps)  elapsed=33.8min ***
[InvertedPendulum-v4] run=3 seed= 68 t=  510,702  ep=2050  ep_reward=  1000.00  ep_steps=1000
[InvertedPendulum-v4] run=3 seed= 68 t=  511,702  ep=2051  ep_reward=  1000.00  ep_steps=1000
[InvertedPendulum-v4] run=3 seed= 68 t=  512,702  ep=2052  ep_reward=  1000.00  ep_steps=1000
[InvertedPendulum-v4] run=3 seed= 68 t=  513,702  ep=2053  ep_reward=  1000.00  ep_steps=1000
[InvertedPendulum-v4] run=3 seed= 68 t=  514,702  ep=2054  ep_reward=  1000.00  ep_steps=1000
[InvertedPendulum-v4] run=3 seed= 68 t=  515,702  ep=2055  ep_reward=  1000.00  ep_steps=1000
[InvertedPendulum-v4] run=3 seed= 68 t=  516,702  ep=2056  ep_reward=  1000.00  ep_steps=1000
[InvertedPendulum-v4] run=3 seed= 68 t=  517,702  ep=2057  ep_reward=  1000.00  ep_steps=1000
[InvertedPendulum-v4] run=3 seed= 68 t=  518,702  ep=2058  ep_reward=  1000.00  ep_steps=1000
[InvertedPendulum-v4] run=3 seed= 68 t=  519,702  ep=2059  ep_reward=  1000.00  ep_steps=1000
  *** Eval  t=  520,000  avg_reward=  1000.00  (10 eps)  elapsed=34.4min ***
[InvertedPendulum-v4] run=3 seed= 68 t=  520,702  ep=2060  ep_reward=  1000.00  ep_steps=1000
[InvertedPendulum-v4] run=3 seed= 68 t=  521,702  ep=2061  ep_reward=  1000.00  ep_steps=1000
[InvertedPendulum-v4] run=3 seed= 68 t=  522,702  ep=2062  ep_reward=  1000.00  ep_steps=1000
[InvertedPendulum-v4] run=3 seed= 68 t=  523,702  ep=2063  ep_reward=  1000.00  ep_steps=1000
[InvertedPendulum-v4] run=3 seed= 68 t=  524,702  ep=2064  ep_reward=  1000.00  ep_steps=1000
[InvertedPendulum-v4] run=3 seed= 68 t=  525,702  ep=2065  ep_reward=  1000.00  ep_steps=1000
[InvertedPendulum-v4] run=3 seed= 68 t=  526,702  ep=2066  ep_reward=  1000.00  ep_steps=1000
[InvertedPendulum-v4] run=3 seed= 68 t=  527,702  ep=2067  ep_reward=  1000.00  ep_steps=1000
[InvertedPendulum-v4] run=3 seed= 68 t=  528,702  ep=2068  ep_reward=  1000.00  ep_steps=1000
[InvertedPendulum-v4] run=3 seed= 68 t=  529,702  ep=2069  ep_reward=  1000.00  ep_steps=1000
  *** Eval  t=  530,000  avg_reward=  1000.00  (10 eps)  elapsed=35.1min ***
[InvertedPendulum-v4] run=3 seed= 68 t=  530,702  ep=2070  ep_reward=  1000.00  ep_steps=1000
[InvertedPendulum-v4] run=3 seed= 68 t=  531,702  ep=2071  ep_reward=  1000.00  ep_steps=1000
[InvertedPendulum-v4] run=3 seed= 68 t=  532,702  ep=2072  ep_reward=  1000.00  ep_steps=1000
[InvertedPendulum-v4] run=3 seed= 68 t=  533,702  ep=2073  ep_reward=  1000.00  ep_steps=1000
[InvertedPendulum-v4] run=3 seed= 68 t=  534,702  ep=2074  ep_reward=  1000.00  ep_steps=1000
[InvertedPendulum-v4] run=3 seed= 68 t=  535,702  ep=2075  ep_reward=  1000.00  ep_steps=1000
[InvertedPendulum-v4] run=3 seed= 68 t=  536,702  ep=2076  ep_reward=  1000.00  ep_steps=1000
[InvertedPendulum-v4] run=3 seed= 68 t=  537,702  ep=2077  ep_reward=  1000.00  ep_steps=1000
[InvertedPendulum-v4] run=3 seed= 68 t=  538,702  ep=2078  ep_reward=  1000.00  ep_steps=1000
[InvertedPendulum-v4] run=3 seed= 68 t=  539,702  ep=2079  ep_reward=  1000.00  ep_steps=1000
  *** Eval  t=  540,000  avg_reward=  1000.00  (10 eps)  elapsed=35.8min ***
[InvertedPendulum-v4] run=3 seed= 68 t=  540,702  ep=2080  ep_reward=  1000.00  ep_steps=1000
[InvertedPendulum-v4] run=3 seed= 68 t=  541,702  ep=2081  ep_reward=  1000.00  ep_steps=1000
[InvertedPendulum-v4] run=3 seed= 68 t=  542,702  ep=2082  ep_reward=  1000.00  ep_steps=1000
[InvertedPendulum-v4] run=3 seed= 68 t=  543,702  ep=2083  ep_reward=  1000.00  ep_steps=1000
[InvertedPendulum-v4] run=3 seed= 68 t=  544,702  ep=2084  ep_reward=  1000.00  ep_steps=1000
[InvertedPendulum-v4] run=3 seed= 68 t=  545,702  ep=2085  ep_reward=  1000.00  ep_steps=1000
[InvertedPendulum-v4] run=3 seed= 68 t=  546,702  ep=2086  ep_reward=  1000.00  ep_steps=1000
[InvertedPendulum-v4] run=3 seed= 68 t=  547,702  ep=2087  ep_reward=  1000.00  ep_steps=1000
[InvertedPendulum-v4] run=3 seed= 68 t=  548,702  ep=2088  ep_reward=  1000.00  ep_steps=1000
[InvertedPendulum-v4] run=3 seed= 68 t=  549,702  ep=2089  ep_reward=  1000.00  ep_steps=1000
  *** Eval  t=  550,000  avg_reward=  1000.00  (10 eps)  elapsed=36.5min ***
[InvertedPendulum-v4] run=3 seed= 68 t=  550,702  ep=2090  ep_reward=  1000.00  ep_steps=1000
[InvertedPendulum-v4] run=3 seed= 68 t=  551,702  ep=2091  ep_reward=  1000.00  ep_steps=1000
[InvertedPendulum-v4] run=3 seed= 68 t=  552,702  ep=2092  ep_reward=  1000.00  ep_steps=1000
[InvertedPendulum-v4] run=3 seed= 68 t=  553,702  ep=2093  ep_reward=  1000.00  ep_steps=1000
[InvertedPendulum-v4] run=3 seed= 68 t=  554,702  ep=2094  ep_reward=  1000.00  ep_steps=1000
[InvertedPendulum-v4] run=3 seed= 68 t=  555,702  ep=2095  ep_reward=  1000.00  ep_steps=1000
[InvertedPendulum-v4] run=3 seed= 68 t=  556,702  ep=2096  ep_reward=  1000.00  ep_steps=1000
[InvertedPendulum-v4] run=3 seed= 68 t=  557,702  ep=2097  ep_reward=  1000.00  ep_steps=1000
[InvertedPendulum-v4] run=3 seed= 68 t=  558,702  ep=2098  ep_reward=  1000.00  ep_steps=1000
[InvertedPendulum-v4] run=3 seed= 68 t=  559,702  ep=2099  ep_reward=  1000.00  ep_steps=1000
  *** Eval  t=  560,000  avg_reward=  1000.00  (10 eps)  elapsed=37.1min ***
[InvertedPendulum-v4] run=3 seed= 68 t=  560,702  ep=2100  ep_reward=  1000.00  ep_steps=1000
[InvertedPendulum-v4] run=3 seed= 68 t=  561,702  ep=2101  ep_reward=  1000.00  ep_steps=1000
[InvertedPendulum-v4] run=3 seed= 68 t=  562,702  ep=2102  ep_reward=  1000.00  ep_steps=1000
[InvertedPendulum-v4] run=3 seed= 68 t=  563,702  ep=2103  ep_reward=  1000.00  ep_steps=1000
[InvertedPendulum-v4] run=3 seed= 68 t=  564,702  ep=2104  ep_reward=  1000.00  ep_steps=1000
[InvertedPendulum-v4] run=3 seed= 68 t=  565,702  ep=2105  ep_reward=  1000.00  ep_steps=1000
[InvertedPendulum-v4] run=3 seed= 68 t=  566,702  ep=2106  ep_reward=  1000.00  ep_steps=1000
[InvertedPendulum-v4] run=3 seed= 68 t=  567,702  ep=2107  ep_reward=  1000.00  ep_steps=1000
[InvertedPendulum-v4] run=3 seed= 68 t=  568,702  ep=2108  ep_reward=  1000.00  ep_steps=1000
[InvertedPendulum-v4] run=3 seed= 68 t=  569,702  ep=2109  ep_reward=  1000.00  ep_steps=1000
  *** Eval  t=  570,000  avg_reward=  1000.00  (10 eps)  elapsed=37.8min ***
[InvertedPendulum-v4] run=3 seed= 68 t=  570,702  ep=2110  ep_reward=  1000.00  ep_steps=1000
[InvertedPendulum-v4] run=3 seed= 68 t=  571,702  ep=2111  ep_reward=  1000.00  ep_steps=1000
[InvertedPendulum-v4] run=3 seed= 68 t=  572,702  ep=2112  ep_reward=  1000.00  ep_steps=1000
[InvertedPendulum-v4] run=3 seed= 68 t=  573,702  ep=2113  ep_reward=  1000.00  ep_steps=1000
[InvertedPendulum-v4] run=3 seed= 68 t=  574,702  ep=2114  ep_reward=  1000.00  ep_steps=1000
[InvertedPendulum-v4] run=3 seed= 68 t=  575,702  ep=2115  ep_reward=  1000.00  ep_steps=1000
[InvertedPendulum-v4] run=3 seed= 68 t=  576,702  ep=2116  ep_reward=  1000.00  ep_steps=1000
[InvertedPendulum-v4] run=3 seed= 68 t=  577,702  ep=2117  ep_reward=  1000.00  ep_steps=1000
[InvertedPendulum-v4] run=3 seed= 68 t=  578,702  ep=2118  ep_reward=  1000.00  ep_steps=1000
[InvertedPendulum-v4] run=3 seed= 68 t=  579,702  ep=2119  ep_reward=  1000.00  ep_steps=1000
  *** Eval  t=  580,000  avg_reward=  1000.00  (10 eps)  elapsed=38.5min ***
[InvertedPendulum-v4] run=3 seed= 68 t=  580,702  ep=2120  ep_reward=  1000.00  ep_steps=1000
[InvertedPendulum-v4] run=3 seed= 68 t=  581,702  ep=2121  ep_reward=  1000.00  ep_steps=1000
[InvertedPendulum-v4] run=3 seed= 68 t=  582,702  ep=2122  ep_reward=  1000.00  ep_steps=1000
[InvertedPendulum-v4] run=3 seed= 68 t=  583,702  ep=2123  ep_reward=  1000.00  ep_steps=1000
[InvertedPendulum-v4] run=3 seed= 68 t=  584,702  ep=2124  ep_reward=  1000.00  ep_steps=1000
[InvertedPendulum-v4] run=3 seed= 68 t=  585,702  ep=2125  ep_reward=  1000.00  ep_steps=1000
[InvertedPendulum-v4] run=3 seed= 68 t=  586,702  ep=2126  ep_reward=  1000.00  ep_steps=1000
[InvertedPendulum-v4] run=3 seed= 68 t=  587,702  ep=2127  ep_reward=  1000.00  ep_steps=1000
[InvertedPendulum-v4] run=3 seed= 68 t=  588,702  ep=2128  ep_reward=  1000.00  ep_steps=1000
[InvertedPendulum-v4] run=3 seed= 68 t=  589,702  ep=2129  ep_reward=  1000.00  ep_steps=1000
  *** Eval  t=  590,000  avg_reward=  1000.00  (10 eps)  elapsed=39.2min ***
[InvertedPendulum-v4] run=3 seed= 68 t=  590,702  ep=2130  ep_reward=  1000.00  ep_steps=1000
[InvertedPendulum-v4] run=3 seed= 68 t=  591,702  ep=2131  ep_reward=  1000.00  ep_steps=1000
[InvertedPendulum-v4] run=3 seed= 68 t=  592,702  ep=2132  ep_reward=  1000.00  ep_steps=1000
[InvertedPendulum-v4] run=3 seed= 68 t=  593,702  ep=2133  ep_reward=  1000.00  ep_steps=1000
[InvertedPendulum-v4] run=3 seed= 68 t=  594,702  ep=2134  ep_reward=  1000.00  ep_steps=1000
[InvertedPendulum-v4] run=3 seed= 68 t=  595,702  ep=2135  ep_reward=  1000.00  ep_steps=1000
[InvertedPendulum-v4] run=3 seed= 68 t=  596,702  ep=2136  ep_reward=  1000.00  ep_steps=1000
[InvertedPendulum-v4] run=3 seed= 68 t=  597,702  ep=2137  ep_reward=  1000.00  ep_steps=1000
[InvertedPendulum-v4] run=3 seed= 68 t=  598,702  ep=2138  ep_reward=  1000.00  ep_steps=1000
[InvertedPendulum-v4] run=3 seed= 68 t=  599,702  ep=2139  ep_reward=  1000.00  ep_steps=1000
  *** Eval  t=  600,000  avg_reward=  1000.00  (10 eps)  elapsed=39.8min ***
[InvertedPendulum-v4] run=3 seed= 68 t=  600,702  ep=2140  ep_reward=  1000.00  ep_steps=1000
[InvertedPendulum-v4] run=3 seed= 68 t=  601,702  ep=2141  ep_reward=  1000.00  ep_steps=1000
[InvertedPendulum-v4] run=3 seed= 68 t=  602,702  ep=2142  ep_reward=  1000.00  ep_steps=1000
[InvertedPendulum-v4] run=3 seed= 68 t=  603,702  ep=2143  ep_reward=  1000.00  ep_steps=1000
[InvertedPendulum-v4] run=3 seed= 68 t=  604,702  ep=2144  ep_reward=  1000.00  ep_steps=1000
[InvertedPendulum-v4] run=3 seed= 68 t=  605,702  ep=2145  ep_reward=  1000.00  ep_steps=1000
[InvertedPendulum-v4] run=3 seed= 68 t=  606,702  ep=2146  ep_reward=  1000.00  ep_steps=1000
[InvertedPendulum-v4] run=3 seed= 68 t=  607,702  ep=2147  ep_reward=  1000.00  ep_steps=1000
[InvertedPendulum-v4] run=3 seed= 68 t=  608,702  ep=2148  ep_reward=  1000.00  ep_steps=1000
[InvertedPendulum-v4] run=3 seed= 68 t=  609,702  ep=2149  ep_reward=  1000.00  ep_steps=1000
  *** Eval  t=  610,000  avg_reward=  1000.00  (10 eps)  elapsed=40.5min ***
[InvertedPendulum-v4] run=3 seed= 68 t=  610,702  ep=2150  ep_reward=  1000.00  ep_steps=1000
[InvertedPendulum-v4] run=3 seed= 68 t=  611,702  ep=2151  ep_reward=  1000.00  ep_steps=1000
[InvertedPendulum-v4] run=3 seed= 68 t=  612,702  ep=2152  ep_reward=  1000.00  ep_steps=1000
[InvertedPendulum-v4] run=3 seed= 68 t=  613,702  ep=2153  ep_reward=  1000.00  ep_steps=1000
[InvertedPendulum-v4] run=3 seed= 68 t=  614,702  ep=2154  ep_reward=  1000.00  ep_steps=1000
[InvertedPendulum-v4] run=3 seed= 68 t=  615,702  ep=2155  ep_reward=  1000.00  ep_steps=1000
[InvertedPendulum-v4] run=3 seed= 68 t=  616,702  ep=2156  ep_reward=  1000.00  ep_steps=1000
[InvertedPendulum-v4] run=3 seed= 68 t=  617,702  ep=2157  ep_reward=  1000.00  ep_steps=1000
[InvertedPendulum-v4] run=3 seed= 68 t=  618,702  ep=2158  ep_reward=  1000.00  ep_steps=1000
[InvertedPendulum-v4] run=3 seed= 68 t=  619,702  ep=2159  ep_reward=  1000.00  ep_steps=1000
  *** Eval  t=  620,000  avg_reward=  1000.00  (10 eps)  elapsed=41.2min ***
[InvertedPendulum-v4] run=3 seed= 68 t=  620,702  ep=2160  ep_reward=  1000.00  ep_steps=1000
[InvertedPendulum-v4] run=3 seed= 68 t=  621,702  ep=2161  ep_reward=  1000.00  ep_steps=1000
[InvertedPendulum-v4] run=3 seed= 68 t=  622,702  ep=2162  ep_reward=  1000.00  ep_steps=1000
[InvertedPendulum-v4] run=3 seed= 68 t=  623,702  ep=2163  ep_reward=  1000.00  ep_steps=1000
[InvertedPendulum-v4] run=3 seed= 68 t=  624,702  ep=2164  ep_reward=  1000.00  ep_steps=1000
[InvertedPendulum-v4] run=3 seed= 68 t=  625,702  ep=2165  ep_reward=  1000.00  ep_steps=1000
[InvertedPendulum-v4] run=3 seed= 68 t=  626,702  ep=2166  ep_reward=  1000.00  ep_steps=1000
[InvertedPendulum-v4] run=3 seed= 68 t=  627,702  ep=2167  ep_reward=  1000.00  ep_steps=1000
[InvertedPendulum-v4] run=3 seed= 68 t=  628,702  ep=2168  ep_reward=  1000.00  ep_steps=1000
[InvertedPendulum-v4] run=3 seed= 68 t=  629,702  ep=2169  ep_reward=  1000.00  ep_steps=1000
  *** Eval  t=  630,000  avg_reward=  1000.00  (10 eps)  elapsed=41.8min ***
[InvertedPendulum-v4] run=3 seed= 68 t=  630,702  ep=2170  ep_reward=  1000.00  ep_steps=1000
[InvertedPendulum-v4] run=3 seed= 68 t=  631,702  ep=2171  ep_reward=  1000.00  ep_steps=1000
[InvertedPendulum-v4] run=3 seed= 68 t=  632,702  ep=2172  ep_reward=  1000.00  ep_steps=1000
[InvertedPendulum-v4] run=3 seed= 68 t=  633,702  ep=2173  ep_reward=  1000.00  ep_steps=1000
[InvertedPendulum-v4] run=3 seed= 68 t=  634,702  ep=2174  ep_reward=  1000.00  ep_steps=1000
[InvertedPendulum-v4] run=3 seed= 68 t=  635,702  ep=2175  ep_reward=  1000.00  ep_steps=1000
[InvertedPendulum-v4] run=3 seed= 68 t=  636,702  ep=2176  ep_reward=  1000.00  ep_steps=1000
[InvertedPendulum-v4] run=3 seed= 68 t=  637,702  ep=2177  ep_reward=  1000.00  ep_steps=1000
[InvertedPendulum-v4] run=3 seed= 68 t=  638,702  ep=2178  ep_reward=  1000.00  ep_steps=1000
[InvertedPendulum-v4] run=3 seed= 68 t=  639,702  ep=2179  ep_reward=  1000.00  ep_steps=1000
  *** Eval  t=  640,000  avg_reward=  1000.00  (10 eps)  elapsed=42.5min ***
[InvertedPendulum-v4] run=3 seed= 68 t=  640,702  ep=2180  ep_reward=  1000.00  ep_steps=1000
[InvertedPendulum-v4] run=3 seed= 68 t=  641,702  ep=2181  ep_reward=  1000.00  ep_steps=1000
[InvertedPendulum-v4] run=3 seed= 68 t=  642,702  ep=2182  ep_reward=  1000.00  ep_steps=1000
[InvertedPendulum-v4] run=3 seed= 68 t=  643,702  ep=2183  ep_reward=  1000.00  ep_steps=1000
[InvertedPendulum-v4] run=3 seed= 68 t=  644,702  ep=2184  ep_reward=  1000.00  ep_steps=1000
[InvertedPendulum-v4] run=3 seed= 68 t=  645,702  ep=2185  ep_reward=  1000.00  ep_steps=1000
[InvertedPendulum-v4] run=3 seed= 68 t=  646,702  ep=2186  ep_reward=  1000.00  ep_steps=1000
[InvertedPendulum-v4] run=3 seed= 68 t=  647,702  ep=2187  ep_reward=  1000.00  ep_steps=1000
[InvertedPendulum-v4] run=3 seed= 68 t=  648,702  ep=2188  ep_reward=  1000.00  ep_steps=1000
[InvertedPendulum-v4] run=3 seed= 68 t=  649,702  ep=2189  ep_reward=  1000.00  ep_steps=1000
  *** Eval  t=  650,000  avg_reward=  1000.00  (10 eps)  elapsed=43.2min ***
[InvertedPendulum-v4] run=3 seed= 68 t=  650,702  ep=2190  ep_reward=  1000.00  ep_steps=1000
[InvertedPendulum-v4] run=3 seed= 68 t=  651,702  ep=2191  ep_reward=  1000.00  ep_steps=1000
[InvertedPendulum-v4] run=3 seed= 68 t=  652,702  ep=2192  ep_reward=  1000.00  ep_steps=1000
[InvertedPendulum-v4] run=3 seed= 68 t=  653,702  ep=2193  ep_reward=  1000.00  ep_steps=1000
[InvertedPendulum-v4] run=3 seed= 68 t=  654,702  ep=2194  ep_reward=  1000.00  ep_steps=1000
[InvertedPendulum-v4] run=3 seed= 68 t=  655,702  ep=2195  ep_reward=  1000.00  ep_steps=1000
[InvertedPendulum-v4] run=3 seed= 68 t=  656,702  ep=2196  ep_reward=  1000.00  ep_steps=1000
[InvertedPendulum-v4] run=3 seed= 68 t=  657,702  ep=2197  ep_reward=  1000.00  ep_steps=1000
[InvertedPendulum-v4] run=3 seed= 68 t=  658,702  ep=2198  ep_reward=  1000.00  ep_steps=1000
[InvertedPendulum-v4] run=3 seed= 68 t=  659,702  ep=2199  ep_reward=  1000.00  ep_steps=1000
  *** Eval  t=  660,000  avg_reward=  1000.00  (10 eps)  elapsed=43.9min ***
[InvertedPendulum-v4] run=3 seed= 68 t=  660,702  ep=2200  ep_reward=  1000.00  ep_steps=1000
[InvertedPendulum-v4] run=3 seed= 68 t=  661,702  ep=2201  ep_reward=  1000.00  ep_steps=1000
[InvertedPendulum-v4] run=3 seed= 68 t=  662,702  ep=2202  ep_reward=  1000.00  ep_steps=1000
[InvertedPendulum-v4] run=3 seed= 68 t=  663,702  ep=2203  ep_reward=  1000.00  ep_steps=1000
[InvertedPendulum-v4] run=3 seed= 68 t=  664,702  ep=2204  ep_reward=  1000.00  ep_steps=1000
[InvertedPendulum-v4] run=3 seed= 68 t=  665,702  ep=2205  ep_reward=  1000.00  ep_steps=1000
[InvertedPendulum-v4] run=3 seed= 68 t=  666,702  ep=2206  ep_reward=  1000.00  ep_steps=1000
[InvertedPendulum-v4] run=3 seed= 68 t=  667,702  ep=2207  ep_reward=  1000.00  ep_steps=1000
[InvertedPendulum-v4] run=3 seed= 68 t=  668,702  ep=2208  ep_reward=  1000.00  ep_steps=1000
[InvertedPendulum-v4] run=3 seed= 68 t=  669,702  ep=2209  ep_reward=  1000.00  ep_steps=1000
  *** Eval  t=  670,000  avg_reward=  1000.00  (10 eps)  elapsed=44.5min ***
[InvertedPendulum-v4] run=3 seed= 68 t=  670,702  ep=2210  ep_reward=  1000.00  ep_steps=1000
[InvertedPendulum-v4] run=3 seed= 68 t=  671,702  ep=2211  ep_reward=  1000.00  ep_steps=1000
[InvertedPendulum-v4] run=3 seed= 68 t=  672,702  ep=2212  ep_reward=  1000.00  ep_steps=1000
[InvertedPendulum-v4] run=3 seed= 68 t=  673,702  ep=2213  ep_reward=  1000.00  ep_steps=1000
[InvertedPendulum-v4] run=3 seed= 68 t=  674,702  ep=2214  ep_reward=  1000.00  ep_steps=1000
[InvertedPendulum-v4] run=3 seed= 68 t=  675,702  ep=2215  ep_reward=  1000.00  ep_steps=1000
[InvertedPendulum-v4] run=3 seed= 68 t=  676,702  ep=2216  ep_reward=  1000.00  ep_steps=1000
[InvertedPendulum-v4] run=3 seed= 68 t=  677,702  ep=2217  ep_reward=  1000.00  ep_steps=1000
[InvertedPendulum-v4] run=3 seed= 68 t=  678,702  ep=2218  ep_reward=  1000.00  ep_steps=1000
[InvertedPendulum-v4] run=3 seed= 68 t=  679,702  ep=2219  ep_reward=  1000.00  ep_steps=1000
  *** Eval  t=  680,000  avg_reward=  1000.00  (10 eps)  elapsed=45.2min ***
[InvertedPendulum-v4] run=3 seed= 68 t=  680,702  ep=2220  ep_reward=  1000.00  ep_steps=1000
[InvertedPendulum-v4] run=3 seed= 68 t=  681,702  ep=2221  ep_reward=  1000.00  ep_steps=1000
[InvertedPendulum-v4] run=3 seed= 68 t=  682,702  ep=2222  ep_reward=  1000.00  ep_steps=1000
[InvertedPendulum-v4] run=3 seed= 68 t=  683,702  ep=2223  ep_reward=  1000.00  ep_steps=1000
[InvertedPendulum-v4] run=3 seed= 68 t=  684,702  ep=2224  ep_reward=  1000.00  ep_steps=1000
[InvertedPendulum-v4] run=3 seed= 68 t=  685,702  ep=2225  ep_reward=  1000.00  ep_steps=1000
[InvertedPendulum-v4] run=3 seed= 68 t=  686,702  ep=2226  ep_reward=  1000.00  ep_steps=1000
[InvertedPendulum-v4] run=3 seed= 68 t=  687,702  ep=2227  ep_reward=  1000.00  ep_steps=1000
[InvertedPendulum-v4] run=3 seed= 68 t=  688,702  ep=2228  ep_reward=  1000.00  ep_steps=1000
[InvertedPendulum-v4] run=3 seed= 68 t=  689,702  ep=2229  ep_reward=  1000.00  ep_steps=1000
  *** Eval  t=  690,000  avg_reward=  1000.00  (10 eps)  elapsed=45.9min ***
[InvertedPendulum-v4] run=3 seed= 68 t=  690,702  ep=2230  ep_reward=  1000.00  ep_steps=1000
[InvertedPendulum-v4] run=3 seed= 68 t=  691,702  ep=2231  ep_reward=  1000.00  ep_steps=1000
[InvertedPendulum-v4] run=3 seed= 68 t=  692,702  ep=2232  ep_reward=  1000.00  ep_steps=1000
[InvertedPendulum-v4] run=3 seed= 68 t=  693,702  ep=2233  ep_reward=  1000.00  ep_steps=1000
[InvertedPendulum-v4] run=3 seed= 68 t=  694,702  ep=2234  ep_reward=  1000.00  ep_steps=1000
[InvertedPendulum-v4] run=3 seed= 68 t=  695,702  ep=2235  ep_reward=  1000.00  ep_steps=1000
[InvertedPendulum-v4] run=3 seed= 68 t=  696,702  ep=2236  ep_reward=  1000.00  ep_steps=1000
[InvertedPendulum-v4] run=3 seed= 68 t=  697,702  ep=2237  ep_reward=  1000.00  ep_steps=1000
[InvertedPendulum-v4] run=3 seed= 68 t=  698,702  ep=2238  ep_reward=  1000.00  ep_steps=1000
[InvertedPendulum-v4] run=3 seed= 68 t=  699,702  ep=2239  ep_reward=  1000.00  ep_steps=1000
  *** Eval  t=  700,000  avg_reward=  1000.00  (10 eps)  elapsed=46.6min ***
[InvertedPendulum-v4] run=3 seed= 68 t=  700,702  ep=2240  ep_reward=  1000.00  ep_steps=1000
[InvertedPendulum-v4] run=3 seed= 68 t=  701,702  ep=2241  ep_reward=  1000.00  ep_steps=1000
[InvertedPendulum-v4] run=3 seed= 68 t=  702,702  ep=2242  ep_reward=  1000.00  ep_steps=1000
[InvertedPendulum-v4] run=3 seed= 68 t=  703,702  ep=2243  ep_reward=  1000.00  ep_steps=1000
[InvertedPendulum-v4] run=3 seed= 68 t=  704,702  ep=2244  ep_reward=  1000.00  ep_steps=1000
[InvertedPendulum-v4] run=3 seed= 68 t=  705,702  ep=2245  ep_reward=  1000.00  ep_steps=1000
[InvertedPendulum-v4] run=3 seed= 68 t=  706,702  ep=2246  ep_reward=  1000.00  ep_steps=1000
[InvertedPendulum-v4] run=3 seed= 68 t=  707,702  ep=2247  ep_reward=  1000.00  ep_steps=1000
[InvertedPendulum-v4] run=3 seed= 68 t=  708,702  ep=2248  ep_reward=  1000.00  ep_steps=1000
[InvertedPendulum-v4] run=3 seed= 68 t=  709,702  ep=2249  ep_reward=  1000.00  ep_steps=1000
  *** Eval  t=  710,000  avg_reward=  1000.00  (10 eps)  elapsed=47.2min ***
[InvertedPendulum-v4] run=3 seed= 68 t=  710,702  ep=2250  ep_reward=  1000.00  ep_steps=1000
[InvertedPendulum-v4] run=3 seed= 68 t=  711,702  ep=2251  ep_reward=  1000.00  ep_steps=1000
[InvertedPendulum-v4] run=3 seed= 68 t=  712,702  ep=2252  ep_reward=  1000.00  ep_steps=1000
[InvertedPendulum-v4] run=3 seed= 68 t=  713,702  ep=2253  ep_reward=  1000.00  ep_steps=1000
[InvertedPendulum-v4] run=3 seed= 68 t=  714,702  ep=2254  ep_reward=  1000.00  ep_steps=1000
[InvertedPendulum-v4] run=3 seed= 68 t=  715,702  ep=2255  ep_reward=  1000.00  ep_steps=1000
[InvertedPendulum-v4] run=3 seed= 68 t=  716,702  ep=2256  ep_reward=  1000.00  ep_steps=1000
[InvertedPendulum-v4] run=3 seed= 68 t=  716,706  ep=2257  ep_reward=     4.00  ep_steps=4
[InvertedPendulum-v4] run=3 seed= 68 t=  717,706  ep=2258  ep_reward=  1000.00  ep_steps=1000
[InvertedPendulum-v4] run=3 seed= 68 t=  718,706  ep=2259  ep_reward=  1000.00  ep_steps=1000
[InvertedPendulum-v4] run=3 seed= 68 t=  719,706  ep=2260  ep_reward=  1000.00  ep_steps=1000
  *** Eval  t=  720,000  avg_reward=  1000.00  (10 eps)  elapsed=47.9min ***
[InvertedPendulum-v4] run=3 seed= 68 t=  720,706  ep=2261  ep_reward=  1000.00  ep_steps=1000
[InvertedPendulum-v4] run=3 seed= 68 t=  721,706  ep=2262  ep_reward=  1000.00  ep_steps=1000
[InvertedPendulum-v4] run=3 seed= 68 t=  722,706  ep=2263  ep_reward=  1000.00  ep_steps=1000
[InvertedPendulum-v4] run=3 seed= 68 t=  723,706  ep=2264  ep_reward=  1000.00  ep_steps=1000
[InvertedPendulum-v4] run=3 seed= 68 t=  724,706  ep=2265  ep_reward=  1000.00  ep_steps=1000
[InvertedPendulum-v4] run=3 seed= 68 t=  725,706  ep=2266  ep_reward=  1000.00  ep_steps=1000
[InvertedPendulum-v4] run=3 seed= 68 t=  726,706  ep=2267  ep_reward=  1000.00  ep_steps=1000
[InvertedPendulum-v4] run=3 seed= 68 t=  727,706  ep=2268  ep_reward=  1000.00  ep_steps=1000
[InvertedPendulum-v4] run=3 seed= 68 t=  728,706  ep=2269  ep_reward=  1000.00  ep_steps=1000
[InvertedPendulum-v4] run=3 seed= 68 t=  729,706  ep=2270  ep_reward=  1000.00  ep_steps=1000
  *** Eval  t=  730,000  avg_reward=  1000.00  (10 eps)  elapsed=48.6min ***
[InvertedPendulum-v4] run=3 seed= 68 t=  730,706  ep=2271  ep_reward=  1000.00  ep_steps=1000
[InvertedPendulum-v4] run=3 seed= 68 t=  731,706  ep=2272  ep_reward=  1000.00  ep_steps=1000
[InvertedPendulum-v4] run=3 seed= 68 t=  732,706  ep=2273  ep_reward=  1000.00  ep_steps=1000
[InvertedPendulum-v4] run=3 seed= 68 t=  733,706  ep=2274  ep_reward=  1000.00  ep_steps=1000
[InvertedPendulum-v4] run=3 seed= 68 t=  734,706  ep=2275  ep_reward=  1000.00  ep_steps=1000
[InvertedPendulum-v4] run=3 seed= 68 t=  735,706  ep=2276  ep_reward=  1000.00  ep_steps=1000
[InvertedPendulum-v4] run=3 seed= 68 t=  736,706  ep=2277  ep_reward=  1000.00  ep_steps=1000
[InvertedPendulum-v4] run=3 seed= 68 t=  737,706  ep=2278  ep_reward=  1000.00  ep_steps=1000
[InvertedPendulum-v4] run=3 seed= 68 t=  738,706  ep=2279  ep_reward=  1000.00  ep_steps=1000
[InvertedPendulum-v4] run=3 seed= 68 t=  739,706  ep=2280  ep_reward=  1000.00  ep_steps=1000
  *** Eval  t=  740,000  avg_reward=  1000.00  (10 eps)  elapsed=49.3min ***
[InvertedPendulum-v4] run=3 seed= 68 t=  740,706  ep=2281  ep_reward=  1000.00  ep_steps=1000
[InvertedPendulum-v4] run=3 seed= 68 t=  741,706  ep=2282  ep_reward=  1000.00  ep_steps=1000
[InvertedPendulum-v4] run=3 seed= 68 t=  742,706  ep=2283  ep_reward=  1000.00  ep_steps=1000
[InvertedPendulum-v4] run=3 seed= 68 t=  743,706  ep=2284  ep_reward=  1000.00  ep_steps=1000
[InvertedPendulum-v4] run=3 seed= 68 t=  744,706  ep=2285  ep_reward=  1000.00  ep_steps=1000
[InvertedPendulum-v4] run=3 seed= 68 t=  745,706  ep=2286  ep_reward=  1000.00  ep_steps=1000
[InvertedPendulum-v4] run=3 seed= 68 t=  746,706  ep=2287  ep_reward=  1000.00  ep_steps=1000
[InvertedPendulum-v4] run=3 seed= 68 t=  747,706  ep=2288  ep_reward=  1000.00  ep_steps=1000
[InvertedPendulum-v4] run=3 seed= 68 t=  748,706  ep=2289  ep_reward=  1000.00  ep_steps=1000
[InvertedPendulum-v4] run=3 seed= 68 t=  749,706  ep=2290  ep_reward=  1000.00  ep_steps=1000
  *** Eval  t=  750,000  avg_reward=  1000.00  (10 eps)  elapsed=49.9min ***
[InvertedPendulum-v4] run=3 seed= 68 t=  750,706  ep=2291  ep_reward=  1000.00  ep_steps=1000
[InvertedPendulum-v4] run=3 seed= 68 t=  751,706  ep=2292  ep_reward=  1000.00  ep_steps=1000
[InvertedPendulum-v4] run=3 seed= 68 t=  752,706  ep=2293  ep_reward=  1000.00  ep_steps=1000
[InvertedPendulum-v4] run=3 seed= 68 t=  753,706  ep=2294  ep_reward=  1000.00  ep_steps=1000
[InvertedPendulum-v4] run=3 seed= 68 t=  754,706  ep=2295  ep_reward=  1000.00  ep_steps=1000
[InvertedPendulum-v4] run=3 seed= 68 t=  755,706  ep=2296  ep_reward=  1000.00  ep_steps=1000
[InvertedPendulum-v4] run=3 seed= 68 t=  756,706  ep=2297  ep_reward=  1000.00  ep_steps=1000
[InvertedPendulum-v4] run=3 seed= 68 t=  757,706  ep=2298  ep_reward=  1000.00  ep_steps=1000
[InvertedPendulum-v4] run=3 seed= 68 t=  758,706  ep=2299  ep_reward=  1000.00  ep_steps=1000
[InvertedPendulum-v4] run=3 seed= 68 t=  759,706  ep=2300  ep_reward=  1000.00  ep_steps=1000
  *** Eval  t=  760,000  avg_reward=  1000.00  (10 eps)  elapsed=50.6min ***
[InvertedPendulum-v4] run=3 seed= 68 t=  760,706  ep=2301  ep_reward=  1000.00  ep_steps=1000
[InvertedPendulum-v4] run=3 seed= 68 t=  761,706  ep=2302  ep_reward=  1000.00  ep_steps=1000
[InvertedPendulum-v4] run=3 seed= 68 t=  762,706  ep=2303  ep_reward=  1000.00  ep_steps=1000
[InvertedPendulum-v4] run=3 seed= 68 t=  763,706  ep=2304  ep_reward=  1000.00  ep_steps=1000
[InvertedPendulum-v4] run=3 seed= 68 t=  764,706  ep=2305  ep_reward=  1000.00  ep_steps=1000
[InvertedPendulum-v4] run=3 seed= 68 t=  765,706  ep=2306  ep_reward=  1000.00  ep_steps=1000
[InvertedPendulum-v4] run=3 seed= 68 t=  766,706  ep=2307  ep_reward=  1000.00  ep_steps=1000
[InvertedPendulum-v4] run=3 seed= 68 t=  767,706  ep=2308  ep_reward=  1000.00  ep_steps=1000
[InvertedPendulum-v4] run=3 seed= 68 t=  768,706  ep=2309  ep_reward=  1000.00  ep_steps=1000
[InvertedPendulum-v4] run=3 seed= 68 t=  769,706  ep=2310  ep_reward=  1000.00  ep_steps=1000
  *** Eval  t=  770,000  avg_reward=  1000.00  (10 eps)  elapsed=51.3min ***
[InvertedPendulum-v4] run=3 seed= 68 t=  770,706  ep=2311  ep_reward=  1000.00  ep_steps=1000
[InvertedPendulum-v4] run=3 seed= 68 t=  771,706  ep=2312  ep_reward=  1000.00  ep_steps=1000
[InvertedPendulum-v4] run=3 seed= 68 t=  772,706  ep=2313  ep_reward=  1000.00  ep_steps=1000
[InvertedPendulum-v4] run=3 seed= 68 t=  773,706  ep=2314  ep_reward=  1000.00  ep_steps=1000
[InvertedPendulum-v4] run=3 seed= 68 t=  774,706  ep=2315  ep_reward=  1000.00  ep_steps=1000
[InvertedPendulum-v4] run=3 seed= 68 t=  775,706  ep=2316  ep_reward=  1000.00  ep_steps=1000
[InvertedPendulum-v4] run=3 seed= 68 t=  776,706  ep=2317  ep_reward=  1000.00  ep_steps=1000
[InvertedPendulum-v4] run=3 seed= 68 t=  777,706  ep=2318  ep_reward=  1000.00  ep_steps=1000
[InvertedPendulum-v4] run=3 seed= 68 t=  778,706  ep=2319  ep_reward=  1000.00  ep_steps=1000
[InvertedPendulum-v4] run=3 seed= 68 t=  779,706  ep=2320  ep_reward=  1000.00  ep_steps=1000
  *** Eval  t=  780,000  avg_reward=  1000.00  (10 eps)  elapsed=51.9min ***
[InvertedPendulum-v4] run=3 seed= 68 t=  780,706  ep=2321  ep_reward=  1000.00  ep_steps=1000
[InvertedPendulum-v4] run=3 seed= 68 t=  781,706  ep=2322  ep_reward=  1000.00  ep_steps=1000
[InvertedPendulum-v4] run=3 seed= 68 t=  782,428  ep=2323  ep_reward=   722.00  ep_steps=722
[InvertedPendulum-v4] run=3 seed= 68 t=  783,428  ep=2324  ep_reward=  1000.00  ep_steps=1000
[InvertedPendulum-v4] run=3 seed= 68 t=  784,428  ep=2325  ep_reward=  1000.00  ep_steps=1000
[InvertedPendulum-v4] run=3 seed= 68 t=  785,428  ep=2326  ep_reward=  1000.00  ep_steps=1000
[InvertedPendulum-v4] run=3 seed= 68 t=  786,428  ep=2327  ep_reward=  1000.00  ep_steps=1000
[InvertedPendulum-v4] run=3 seed= 68 t=  787,428  ep=2328  ep_reward=  1000.00  ep_steps=1000
[InvertedPendulum-v4] run=3 seed= 68 t=  788,428  ep=2329  ep_reward=  1000.00  ep_steps=1000
[InvertedPendulum-v4] run=3 seed= 68 t=  789,428  ep=2330  ep_reward=  1000.00  ep_steps=1000
  *** Eval  t=  790,000  avg_reward=  1000.00  (10 eps)  elapsed=52.6min ***
[InvertedPendulum-v4] run=3 seed= 68 t=  790,428  ep=2331  ep_reward=  1000.00  ep_steps=1000
[InvertedPendulum-v4] run=3 seed= 68 t=  791,428  ep=2332  ep_reward=  1000.00  ep_steps=1000
[InvertedPendulum-v4] run=3 seed= 68 t=  792,428  ep=2333  ep_reward=  1000.00  ep_steps=1000
[InvertedPendulum-v4] run=3 seed= 68 t=  793,428  ep=2334  ep_reward=  1000.00  ep_steps=1000
[InvertedPendulum-v4] run=3 seed= 68 t=  794,428  ep=2335  ep_reward=  1000.00  ep_steps=1000
[InvertedPendulum-v4] run=3 seed= 68 t=  795,428  ep=2336  ep_reward=  1000.00  ep_steps=1000
[InvertedPendulum-v4] run=3 seed= 68 t=  796,428  ep=2337  ep_reward=  1000.00  ep_steps=1000
[InvertedPendulum-v4] run=3 seed= 68 t=  797,428  ep=2338  ep_reward=  1000.00  ep_steps=1000
[InvertedPendulum-v4] run=3 seed= 68 t=  798,428  ep=2339  ep_reward=  1000.00  ep_steps=1000
[InvertedPendulum-v4] run=3 seed= 68 t=  799,428  ep=2340  ep_reward=  1000.00  ep_steps=1000
  *** Eval  t=  800,000  avg_reward=  1000.00  (10 eps)  elapsed=53.3min ***
[InvertedPendulum-v4] run=3 seed= 68 t=  800,428  ep=2341  ep_reward=  1000.00  ep_steps=1000
[InvertedPendulum-v4] run=3 seed= 68 t=  801,428  ep=2342  ep_reward=  1000.00  ep_steps=1000
[InvertedPendulum-v4] run=3 seed= 68 t=  802,428  ep=2343  ep_reward=  1000.00  ep_steps=1000
[InvertedPendulum-v4] run=3 seed= 68 t=  803,428  ep=2344  ep_reward=  1000.00  ep_steps=1000
[InvertedPendulum-v4] run=3 seed= 68 t=  804,428  ep=2345  ep_reward=  1000.00  ep_steps=1000
[InvertedPendulum-v4] run=3 seed= 68 t=  805,428  ep=2346  ep_reward=  1000.00  ep_steps=1000
[InvertedPendulum-v4] run=3 seed= 68 t=  806,428  ep=2347  ep_reward=  1000.00  ep_steps=1000
[InvertedPendulum-v4] run=3 seed= 68 t=  807,428  ep=2348  ep_reward=  1000.00  ep_steps=1000
[InvertedPendulum-v4] run=3 seed= 68 t=  808,428  ep=2349  ep_reward=  1000.00  ep_steps=1000
[InvertedPendulum-v4] run=3 seed= 68 t=  809,428  ep=2350  ep_reward=  1000.00  ep_steps=1000
  *** Eval  t=  810,000  avg_reward=  1000.00  (10 eps)  elapsed=54.0min ***
[InvertedPendulum-v4] run=3 seed= 68 t=  810,428  ep=2351  ep_reward=  1000.00  ep_steps=1000
[InvertedPendulum-v4] run=3 seed= 68 t=  811,428  ep=2352  ep_reward=  1000.00  ep_steps=1000
[InvertedPendulum-v4] run=3 seed= 68 t=  812,428  ep=2353  ep_reward=  1000.00  ep_steps=1000
[InvertedPendulum-v4] run=3 seed= 68 t=  813,428  ep=2354  ep_reward=  1000.00  ep_steps=1000
[InvertedPendulum-v4] run=3 seed= 68 t=  814,428  ep=2355  ep_reward=  1000.00  ep_steps=1000
[InvertedPendulum-v4] run=3 seed= 68 t=  815,428  ep=2356  ep_reward=  1000.00  ep_steps=1000
[InvertedPendulum-v4] run=3 seed= 68 t=  816,428  ep=2357  ep_reward=  1000.00  ep_steps=1000
[InvertedPendulum-v4] run=3 seed= 68 t=  817,428  ep=2358  ep_reward=  1000.00  ep_steps=1000
[InvertedPendulum-v4] run=3 seed= 68 t=  818,428  ep=2359  ep_reward=  1000.00  ep_steps=1000
[InvertedPendulum-v4] run=3 seed= 68 t=  819,428  ep=2360  ep_reward=  1000.00  ep_steps=1000
  *** Eval  t=  820,000  avg_reward=  1000.00  (10 eps)  elapsed=54.6min ***
[InvertedPendulum-v4] run=3 seed= 68 t=  820,428  ep=2361  ep_reward=  1000.00  ep_steps=1000
[InvertedPendulum-v4] run=3 seed= 68 t=  821,428  ep=2362  ep_reward=  1000.00  ep_steps=1000
[InvertedPendulum-v4] run=3 seed= 68 t=  822,428  ep=2363  ep_reward=  1000.00  ep_steps=1000
[InvertedPendulum-v4] run=3 seed= 68 t=  823,428  ep=2364  ep_reward=  1000.00  ep_steps=1000
[InvertedPendulum-v4] run=3 seed= 68 t=  824,428  ep=2365  ep_reward=  1000.00  ep_steps=1000
[InvertedPendulum-v4] run=3 seed= 68 t=  825,428  ep=2366  ep_reward=  1000.00  ep_steps=1000
[InvertedPendulum-v4] run=3 seed= 68 t=  826,428  ep=2367  ep_reward=  1000.00  ep_steps=1000
[InvertedPendulum-v4] run=3 seed= 68 t=  827,428  ep=2368  ep_reward=  1000.00  ep_steps=1000
[InvertedPendulum-v4] run=3 seed= 68 t=  828,428  ep=2369  ep_reward=  1000.00  ep_steps=1000
[InvertedPendulum-v4] run=3 seed= 68 t=  829,428  ep=2370  ep_reward=  1000.00  ep_steps=1000
  *** Eval  t=  830,000  avg_reward=  1000.00  (10 eps)  elapsed=55.3min ***
[InvertedPendulum-v4] run=3 seed= 68 t=  830,428  ep=2371  ep_reward=  1000.00  ep_steps=1000
[InvertedPendulum-v4] run=3 seed= 68 t=  831,428  ep=2372  ep_reward=  1000.00  ep_steps=1000
[InvertedPendulum-v4] run=3 seed= 68 t=  832,428  ep=2373  ep_reward=  1000.00  ep_steps=1000
[InvertedPendulum-v4] run=3 seed= 68 t=  833,428  ep=2374  ep_reward=  1000.00  ep_steps=1000
[InvertedPendulum-v4] run=3 seed= 68 t=  834,428  ep=2375  ep_reward=  1000.00  ep_steps=1000
[InvertedPendulum-v4] run=3 seed= 68 t=  835,428  ep=2376  ep_reward=  1000.00  ep_steps=1000
[InvertedPendulum-v4] run=3 seed= 68 t=  836,428  ep=2377  ep_reward=  1000.00  ep_steps=1000
[InvertedPendulum-v4] run=3 seed= 68 t=  837,428  ep=2378  ep_reward=  1000.00  ep_steps=1000
[InvertedPendulum-v4] run=3 seed= 68 t=  838,428  ep=2379  ep_reward=  1000.00  ep_steps=1000
[InvertedPendulum-v4] run=3 seed= 68 t=  839,428  ep=2380  ep_reward=  1000.00  ep_steps=1000
  *** Eval  t=  840,000  avg_reward=  1000.00  (10 eps)  elapsed=56.0min ***
[InvertedPendulum-v4] run=3 seed= 68 t=  840,428  ep=2381  ep_reward=  1000.00  ep_steps=1000
[InvertedPendulum-v4] run=3 seed= 68 t=  841,428  ep=2382  ep_reward=  1000.00  ep_steps=1000
[InvertedPendulum-v4] run=3 seed= 68 t=  842,428  ep=2383  ep_reward=  1000.00  ep_steps=1000
[InvertedPendulum-v4] run=3 seed= 68 t=  843,428  ep=2384  ep_reward=  1000.00  ep_steps=1000
[InvertedPendulum-v4] run=3 seed= 68 t=  844,428  ep=2385  ep_reward=  1000.00  ep_steps=1000
[InvertedPendulum-v4] run=3 seed= 68 t=  845,428  ep=2386  ep_reward=  1000.00  ep_steps=1000
[InvertedPendulum-v4] run=3 seed= 68 t=  846,428  ep=2387  ep_reward=  1000.00  ep_steps=1000
[InvertedPendulum-v4] run=3 seed= 68 t=  847,428  ep=2388  ep_reward=  1000.00  ep_steps=1000
[InvertedPendulum-v4] run=3 seed= 68 t=  848,428  ep=2389  ep_reward=  1000.00  ep_steps=1000
[InvertedPendulum-v4] run=3 seed= 68 t=  849,428  ep=2390  ep_reward=  1000.00  ep_steps=1000
  *** Eval  t=  850,000  avg_reward=  1000.00  (10 eps)  elapsed=56.7min ***
[InvertedPendulum-v4] run=3 seed= 68 t=  850,428  ep=2391  ep_reward=  1000.00  ep_steps=1000
[InvertedPendulum-v4] run=3 seed= 68 t=  851,428  ep=2392  ep_reward=  1000.00  ep_steps=1000
[InvertedPendulum-v4] run=3 seed= 68 t=  852,428  ep=2393  ep_reward=  1000.00  ep_steps=1000
[InvertedPendulum-v4] run=3 seed= 68 t=  853,428  ep=2394  ep_reward=  1000.00  ep_steps=1000
[InvertedPendulum-v4] run=3 seed= 68 t=  854,428  ep=2395  ep_reward=  1000.00  ep_steps=1000
[InvertedPendulum-v4] run=3 seed= 68 t=  855,428  ep=2396  ep_reward=  1000.00  ep_steps=1000
[InvertedPendulum-v4] run=3 seed= 68 t=  856,428  ep=2397  ep_reward=  1000.00  ep_steps=1000
[InvertedPendulum-v4] run=3 seed= 68 t=  857,428  ep=2398  ep_reward=  1000.00  ep_steps=1000
[InvertedPendulum-v4] run=3 seed= 68 t=  858,428  ep=2399  ep_reward=  1000.00  ep_steps=1000
[InvertedPendulum-v4] run=3 seed= 68 t=  859,428  ep=2400  ep_reward=  1000.00  ep_steps=1000
  *** Eval  t=  860,000  avg_reward=  1000.00  (10 eps)  elapsed=57.3min ***
[InvertedPendulum-v4] run=3 seed= 68 t=  860,428  ep=2401  ep_reward=  1000.00  ep_steps=1000
[InvertedPendulum-v4] run=3 seed= 68 t=  861,428  ep=2402  ep_reward=  1000.00  ep_steps=1000
[InvertedPendulum-v4] run=3 seed= 68 t=  862,428  ep=2403  ep_reward=  1000.00  ep_steps=1000
[InvertedPendulum-v4] run=3 seed= 68 t=  863,428  ep=2404  ep_reward=  1000.00  ep_steps=1000
[InvertedPendulum-v4] run=3 seed= 68 t=  864,428  ep=2405  ep_reward=  1000.00  ep_steps=1000
[InvertedPendulum-v4] run=3 seed= 68 t=  865,428  ep=2406  ep_reward=  1000.00  ep_steps=1000
[InvertedPendulum-v4] run=3 seed= 68 t=  866,428  ep=2407  ep_reward=  1000.00  ep_steps=1000
[InvertedPendulum-v4] run=3 seed= 68 t=  867,428  ep=2408  ep_reward=  1000.00  ep_steps=1000
[InvertedPendulum-v4] run=3 seed= 68 t=  868,428  ep=2409  ep_reward=  1000.00  ep_steps=1000
[InvertedPendulum-v4] run=3 seed= 68 t=  869,428  ep=2410  ep_reward=  1000.00  ep_steps=1000
  *** Eval  t=  870,000  avg_reward=  1000.00  (10 eps)  elapsed=58.0min ***
[InvertedPendulum-v4] run=3 seed= 68 t=  870,428  ep=2411  ep_reward=  1000.00  ep_steps=1000
[InvertedPendulum-v4] run=3 seed= 68 t=  871,428  ep=2412  ep_reward=  1000.00  ep_steps=1000
[InvertedPendulum-v4] run=3 seed= 68 t=  872,428  ep=2413  ep_reward=  1000.00  ep_steps=1000
[InvertedPendulum-v4] run=3 seed= 68 t=  873,428  ep=2414  ep_reward=  1000.00  ep_steps=1000
[InvertedPendulum-v4] run=3 seed= 68 t=  874,428  ep=2415  ep_reward=  1000.00  ep_steps=1000
[InvertedPendulum-v4] run=3 seed= 68 t=  875,428  ep=2416  ep_reward=  1000.00  ep_steps=1000
[InvertedPendulum-v4] run=3 seed= 68 t=  876,428  ep=2417  ep_reward=  1000.00  ep_steps=1000
[InvertedPendulum-v4] run=3 seed= 68 t=  877,428  ep=2418  ep_reward=  1000.00  ep_steps=1000
[InvertedPendulum-v4] run=3 seed= 68 t=  878,428  ep=2419  ep_reward=  1000.00  ep_steps=1000
[InvertedPendulum-v4] run=3 seed= 68 t=  879,428  ep=2420  ep_reward=  1000.00  ep_steps=1000
  *** Eval  t=  880,000  avg_reward=  1000.00  (10 eps)  elapsed=58.7min ***
[InvertedPendulum-v4] run=3 seed= 68 t=  880,428  ep=2421  ep_reward=  1000.00  ep_steps=1000
[InvertedPendulum-v4] run=3 seed= 68 t=  881,428  ep=2422  ep_reward=  1000.00  ep_steps=1000
[InvertedPendulum-v4] run=3 seed= 68 t=  882,428  ep=2423  ep_reward=  1000.00  ep_steps=1000
[InvertedPendulum-v4] run=3 seed= 68 t=  883,428  ep=2424  ep_reward=  1000.00  ep_steps=1000
[InvertedPendulum-v4] run=3 seed= 68 t=  884,428  ep=2425  ep_reward=  1000.00  ep_steps=1000
[InvertedPendulum-v4] run=3 seed= 68 t=  885,428  ep=2426  ep_reward=  1000.00  ep_steps=1000
[InvertedPendulum-v4] run=3 seed= 68 t=  886,428  ep=2427  ep_reward=  1000.00  ep_steps=1000
[InvertedPendulum-v4] run=3 seed= 68 t=  887,428  ep=2428  ep_reward=  1000.00  ep_steps=1000
[InvertedPendulum-v4] run=3 seed= 68 t=  888,428  ep=2429  ep_reward=  1000.00  ep_steps=1000
[InvertedPendulum-v4] run=3 seed= 68 t=  889,428  ep=2430  ep_reward=  1000.00  ep_steps=1000
  *** Eval  t=  890,000  avg_reward=  1000.00  (10 eps)  elapsed=59.4min ***
[InvertedPendulum-v4] run=3 seed= 68 t=  890,428  ep=2431  ep_reward=  1000.00  ep_steps=1000
[InvertedPendulum-v4] run=3 seed= 68 t=  891,428  ep=2432  ep_reward=  1000.00  ep_steps=1000
[InvertedPendulum-v4] run=3 seed= 68 t=  892,428  ep=2433  ep_reward=  1000.00  ep_steps=1000
[InvertedPendulum-v4] run=3 seed= 68 t=  893,428  ep=2434  ep_reward=  1000.00  ep_steps=1000
[InvertedPendulum-v4] run=3 seed= 68 t=  894,428  ep=2435  ep_reward=  1000.00  ep_steps=1000
[InvertedPendulum-v4] run=3 seed= 68 t=  895,428  ep=2436  ep_reward=  1000.00  ep_steps=1000
[InvertedPendulum-v4] run=3 seed= 68 t=  896,428  ep=2437  ep_reward=  1000.00  ep_steps=1000
[InvertedPendulum-v4] run=3 seed= 68 t=  897,428  ep=2438  ep_reward=  1000.00  ep_steps=1000
[InvertedPendulum-v4] run=3 seed= 68 t=  898,428  ep=2439  ep_reward=  1000.00  ep_steps=1000
[InvertedPendulum-v4] run=3 seed= 68 t=  899,428  ep=2440  ep_reward=  1000.00  ep_steps=1000
  *** Eval  t=  900,000  avg_reward=  1000.00  (10 eps)  elapsed=60.0min ***
[InvertedPendulum-v4] run=3 seed= 68 t=  900,428  ep=2441  ep_reward=  1000.00  ep_steps=1000
[InvertedPendulum-v4] run=3 seed= 68 t=  901,428  ep=2442  ep_reward=  1000.00  ep_steps=1000
[InvertedPendulum-v4] run=3 seed= 68 t=  902,428  ep=2443  ep_reward=  1000.00  ep_steps=1000
[InvertedPendulum-v4] run=3 seed= 68 t=  903,428  ep=2444  ep_reward=  1000.00  ep_steps=1000
[InvertedPendulum-v4] run=3 seed= 68 t=  904,428  ep=2445  ep_reward=  1000.00  ep_steps=1000
[InvertedPendulum-v4] run=3 seed= 68 t=  905,428  ep=2446  ep_reward=  1000.00  ep_steps=1000
[InvertedPendulum-v4] run=3 seed= 68 t=  906,428  ep=2447  ep_reward=  1000.00  ep_steps=1000
[InvertedPendulum-v4] run=3 seed= 68 t=  907,428  ep=2448  ep_reward=  1000.00  ep_steps=1000
[InvertedPendulum-v4] run=3 seed= 68 t=  908,428  ep=2449  ep_reward=  1000.00  ep_steps=1000
[InvertedPendulum-v4] run=3 seed= 68 t=  909,428  ep=2450  ep_reward=  1000.00  ep_steps=1000
  *** Eval  t=  910,000  avg_reward=  1000.00  (10 eps)  elapsed=60.7min ***
[InvertedPendulum-v4] run=3 seed= 68 t=  910,428  ep=2451  ep_reward=  1000.00  ep_steps=1000
[InvertedPendulum-v4] run=3 seed= 68 t=  911,428  ep=2452  ep_reward=  1000.00  ep_steps=1000
[InvertedPendulum-v4] run=3 seed= 68 t=  912,428  ep=2453  ep_reward=  1000.00  ep_steps=1000
[InvertedPendulum-v4] run=3 seed= 68 t=  913,428  ep=2454  ep_reward=  1000.00  ep_steps=1000
[InvertedPendulum-v4] run=3 seed= 68 t=  914,428  ep=2455  ep_reward=  1000.00  ep_steps=1000
[InvertedPendulum-v4] run=3 seed= 68 t=  915,428  ep=2456  ep_reward=  1000.00  ep_steps=1000
[InvertedPendulum-v4] run=3 seed= 68 t=  916,428  ep=2457  ep_reward=  1000.00  ep_steps=1000
[InvertedPendulum-v4] run=3 seed= 68 t=  917,428  ep=2458  ep_reward=  1000.00  ep_steps=1000
[InvertedPendulum-v4] run=3 seed= 68 t=  918,428  ep=2459  ep_reward=  1000.00  ep_steps=1000
[InvertedPendulum-v4] run=3 seed= 68 t=  919,428  ep=2460  ep_reward=  1000.00  ep_steps=1000
  *** Eval  t=  920,000  avg_reward=  1000.00  (10 eps)  elapsed=61.4min ***
[InvertedPendulum-v4] run=3 seed= 68 t=  920,428  ep=2461  ep_reward=  1000.00  ep_steps=1000
[InvertedPendulum-v4] run=3 seed= 68 t=  921,428  ep=2462  ep_reward=  1000.00  ep_steps=1000
[InvertedPendulum-v4] run=3 seed= 68 t=  922,428  ep=2463  ep_reward=  1000.00  ep_steps=1000
[InvertedPendulum-v4] run=3 seed= 68 t=  923,428  ep=2464  ep_reward=  1000.00  ep_steps=1000
[InvertedPendulum-v4] run=3 seed= 68 t=  924,428  ep=2465  ep_reward=  1000.00  ep_steps=1000
[InvertedPendulum-v4] run=3 seed= 68 t=  925,428  ep=2466  ep_reward=  1000.00  ep_steps=1000
[InvertedPendulum-v4] run=3 seed= 68 t=  926,428  ep=2467  ep_reward=  1000.00  ep_steps=1000
[InvertedPendulum-v4] run=3 seed= 68 t=  927,428  ep=2468  ep_reward=  1000.00  ep_steps=1000
[InvertedPendulum-v4] run=3 seed= 68 t=  928,428  ep=2469  ep_reward=  1000.00  ep_steps=1000
[InvertedPendulum-v4] run=3 seed= 68 t=  929,428  ep=2470  ep_reward=  1000.00  ep_steps=1000
  *** Eval  t=  930,000  avg_reward=  1000.00  (10 eps)  elapsed=62.1min ***
[InvertedPendulum-v4] run=3 seed= 68 t=  930,428  ep=2471  ep_reward=  1000.00  ep_steps=1000
[InvertedPendulum-v4] run=3 seed= 68 t=  931,428  ep=2472  ep_reward=  1000.00  ep_steps=1000
[InvertedPendulum-v4] run=3 seed= 68 t=  932,428  ep=2473  ep_reward=  1000.00  ep_steps=1000
[InvertedPendulum-v4] run=3 seed= 68 t=  933,428  ep=2474  ep_reward=  1000.00  ep_steps=1000
[InvertedPendulum-v4] run=3 seed= 68 t=  934,428  ep=2475  ep_reward=  1000.00  ep_steps=1000
[InvertedPendulum-v4] run=3 seed= 68 t=  935,428  ep=2476  ep_reward=  1000.00  ep_steps=1000
[InvertedPendulum-v4] run=3 seed= 68 t=  936,428  ep=2477  ep_reward=  1000.00  ep_steps=1000
[InvertedPendulum-v4] run=3 seed= 68 t=  937,428  ep=2478  ep_reward=  1000.00  ep_steps=1000
[InvertedPendulum-v4] run=3 seed= 68 t=  938,428  ep=2479  ep_reward=  1000.00  ep_steps=1000
[InvertedPendulum-v4] run=3 seed= 68 t=  939,428  ep=2480  ep_reward=  1000.00  ep_steps=1000
  *** Eval  t=  940,000  avg_reward=  1000.00  (10 eps)  elapsed=62.7min ***
[InvertedPendulum-v4] run=3 seed= 68 t=  940,428  ep=2481  ep_reward=  1000.00  ep_steps=1000
[InvertedPendulum-v4] run=3 seed= 68 t=  941,428  ep=2482  ep_reward=  1000.00  ep_steps=1000
[InvertedPendulum-v4] run=3 seed= 68 t=  942,428  ep=2483  ep_reward=  1000.00  ep_steps=1000
[InvertedPendulum-v4] run=3 seed= 68 t=  943,428  ep=2484  ep_reward=  1000.00  ep_steps=1000
[InvertedPendulum-v4] run=3 seed= 68 t=  944,428  ep=2485  ep_reward=  1000.00  ep_steps=1000
[InvertedPendulum-v4] run=3 seed= 68 t=  945,428  ep=2486  ep_reward=  1000.00  ep_steps=1000
[InvertedPendulum-v4] run=3 seed= 68 t=  946,428  ep=2487  ep_reward=  1000.00  ep_steps=1000
[InvertedPendulum-v4] run=3 seed= 68 t=  947,428  ep=2488  ep_reward=  1000.00  ep_steps=1000
[InvertedPendulum-v4] run=3 seed= 68 t=  948,428  ep=2489  ep_reward=  1000.00  ep_steps=1000
[InvertedPendulum-v4] run=3 seed= 68 t=  949,428  ep=2490  ep_reward=  1000.00  ep_steps=1000
  *** Eval  t=  950,000  avg_reward=  1000.00  (10 eps)  elapsed=63.4min ***
[InvertedPendulum-v4] run=3 seed= 68 t=  950,428  ep=2491  ep_reward=  1000.00  ep_steps=1000
[InvertedPendulum-v4] run=3 seed= 68 t=  951,428  ep=2492  ep_reward=  1000.00  ep_steps=1000
[InvertedPendulum-v4] run=3 seed= 68 t=  951,551  ep=2493  ep_reward=   123.00  ep_steps=123
[InvertedPendulum-v4] run=3 seed= 68 t=  952,551  ep=2494  ep_reward=  1000.00  ep_steps=1000
[InvertedPendulum-v4] run=3 seed= 68 t=  953,551  ep=2495  ep_reward=  1000.00  ep_steps=1000
[InvertedPendulum-v4] run=3 seed= 68 t=  954,551  ep=2496  ep_reward=  1000.00  ep_steps=1000
[InvertedPendulum-v4] run=3 seed= 68 t=  955,551  ep=2497  ep_reward=  1000.00  ep_steps=1000
[InvertedPendulum-v4] run=3 seed= 68 t=  956,551  ep=2498  ep_reward=  1000.00  ep_steps=1000
[InvertedPendulum-v4] run=3 seed= 68 t=  957,551  ep=2499  ep_reward=  1000.00  ep_steps=1000
[InvertedPendulum-v4] run=3 seed= 68 t=  958,551  ep=2500  ep_reward=  1000.00  ep_steps=1000
[InvertedPendulum-v4] run=3 seed= 68 t=  959,551  ep=2501  ep_reward=  1000.00  ep_steps=1000
  *** Eval  t=  960,000  avg_reward=  1000.00  (10 eps)  elapsed=64.1min ***
[InvertedPendulum-v4] run=3 seed= 68 t=  960,551  ep=2502  ep_reward=  1000.00  ep_steps=1000
[InvertedPendulum-v4] run=3 seed= 68 t=  961,551  ep=2503  ep_reward=  1000.00  ep_steps=1000
[InvertedPendulum-v4] run=3 seed= 68 t=  962,551  ep=2504  ep_reward=  1000.00  ep_steps=1000
[InvertedPendulum-v4] run=3 seed= 68 t=  963,551  ep=2505  ep_reward=  1000.00  ep_steps=1000
[InvertedPendulum-v4] run=3 seed= 68 t=  964,551  ep=2506  ep_reward=  1000.00  ep_steps=1000
[InvertedPendulum-v4] run=3 seed= 68 t=  965,551  ep=2507  ep_reward=  1000.00  ep_steps=1000
[InvertedPendulum-v4] run=3 seed= 68 t=  966,551  ep=2508  ep_reward=  1000.00  ep_steps=1000
[InvertedPendulum-v4] run=3 seed= 68 t=  967,551  ep=2509  ep_reward=  1000.00  ep_steps=1000
[InvertedPendulum-v4] run=3 seed= 68 t=  968,551  ep=2510  ep_reward=  1000.00  ep_steps=1000
[InvertedPendulum-v4] run=3 seed= 68 t=  969,551  ep=2511  ep_reward=  1000.00  ep_steps=1000
  *** Eval  t=  970,000  avg_reward=  1000.00  (10 eps)  elapsed=64.8min ***
[InvertedPendulum-v4] run=3 seed= 68 t=  970,551  ep=2512  ep_reward=  1000.00  ep_steps=1000
[InvertedPendulum-v4] run=3 seed= 68 t=  971,551  ep=2513  ep_reward=  1000.00  ep_steps=1000
[InvertedPendulum-v4] run=3 seed= 68 t=  972,551  ep=2514  ep_reward=  1000.00  ep_steps=1000
[InvertedPendulum-v4] run=3 seed= 68 t=  973,551  ep=2515  ep_reward=  1000.00  ep_steps=1000
[InvertedPendulum-v4] run=3 seed= 68 t=  974,551  ep=2516  ep_reward=  1000.00  ep_steps=1000
[InvertedPendulum-v4] run=3 seed= 68 t=  975,551  ep=2517  ep_reward=  1000.00  ep_steps=1000
[InvertedPendulum-v4] run=3 seed= 68 t=  976,551  ep=2518  ep_reward=  1000.00  ep_steps=1000
[InvertedPendulum-v4] run=3 seed= 68 t=  977,551  ep=2519  ep_reward=  1000.00  ep_steps=1000
[InvertedPendulum-v4] run=3 seed= 68 t=  978,551  ep=2520  ep_reward=  1000.00  ep_steps=1000
[InvertedPendulum-v4] run=3 seed= 68 t=  979,551  ep=2521  ep_reward=  1000.00  ep_steps=1000
  *** Eval  t=  980,000  avg_reward=  1000.00  (10 eps)  elapsed=65.4min ***
[InvertedPendulum-v4] run=3 seed= 68 t=  980,551  ep=2522  ep_reward=  1000.00  ep_steps=1000
[InvertedPendulum-v4] run=3 seed= 68 t=  981,551  ep=2523  ep_reward=  1000.00  ep_steps=1000
[InvertedPendulum-v4] run=3 seed= 68 t=  982,551  ep=2524  ep_reward=  1000.00  ep_steps=1000
[InvertedPendulum-v4] run=3 seed= 68 t=  983,551  ep=2525  ep_reward=  1000.00  ep_steps=1000
[InvertedPendulum-v4] run=3 seed= 68 t=  984,551  ep=2526  ep_reward=  1000.00  ep_steps=1000
[InvertedPendulum-v4] run=3 seed= 68 t=  985,551  ep=2527  ep_reward=  1000.00  ep_steps=1000
[InvertedPendulum-v4] run=3 seed= 68 t=  986,551  ep=2528  ep_reward=  1000.00  ep_steps=1000
[InvertedPendulum-v4] run=3 seed= 68 t=  987,551  ep=2529  ep_reward=  1000.00  ep_steps=1000
[InvertedPendulum-v4] run=3 seed= 68 t=  988,551  ep=2530  ep_reward=  1000.00  ep_steps=1000
[InvertedPendulum-v4] run=3 seed= 68 t=  989,551  ep=2531  ep_reward=  1000.00  ep_steps=1000
  *** Eval  t=  990,000  avg_reward=  1000.00  (10 eps)  elapsed=66.1min ***
[InvertedPendulum-v4] run=3 seed= 68 t=  990,551  ep=2532  ep_reward=  1000.00  ep_steps=1000
[InvertedPendulum-v4] run=3 seed= 68 t=  991,551  ep=2533  ep_reward=  1000.00  ep_steps=1000
[InvertedPendulum-v4] run=3 seed= 68 t=  992,551  ep=2534  ep_reward=  1000.00  ep_steps=1000
[InvertedPendulum-v4] run=3 seed= 68 t=  993,551  ep=2535  ep_reward=  1000.00  ep_steps=1000
[InvertedPendulum-v4] run=3 seed= 68 t=  994,551  ep=2536  ep_reward=  1000.00  ep_steps=1000
[InvertedPendulum-v4] run=3 seed= 68 t=  995,551  ep=2537  ep_reward=  1000.00  ep_steps=1000
[InvertedPendulum-v4] run=3 seed= 68 t=  996,551  ep=2538  ep_reward=  1000.00  ep_steps=1000
[InvertedPendulum-v4] run=3 seed= 68 t=  997,551  ep=2539  ep_reward=  1000.00  ep_steps=1000
[InvertedPendulum-v4] run=3 seed= 68 t=  998,551  ep=2540  ep_reward=  1000.00  ep_steps=1000
[InvertedPendulum-v4] run=3 seed= 68 t=  999,551  ep=2541  ep_reward=  1000.00  ep_steps=1000
  *** Eval  t=1,000,000  avg_reward=  1000.00  (10 eps)  elapsed=66.8min ***
  Checkpoint → results/InvertedPendulum-v4_run3_seed68.pt

  Run 3 final eval reward: 1000.00

========================================================================
  InvertedPendulum-v4  |  Summary over 3 runs
  Final rewards: ['1000.0', '1000.0', '1000.0']
  Mean ± Std   : 1000.00 ± 0.00
========================================================================
Plot saved → results/InvertedPendulum-v4_learning_curves.png
Full results saved → results/InvertedPendulum-v4_results.json
Done: Sun May 31 08:19:41 PM IDT 2026
